КОД КП ;КОД ЗКППТР ;ВИПУСК ЄТКД ;ВИПУСК ДКХП ;ПРОФЕСІЙНА НАЗВА РОБОТИ ;
7346 ;10003 ;47 ;  ;Авербандник ;
7232;;;;Авіаційний механік з планера та двигунів;
7241 ;10007 ;  ;68 ;Авіаційний механік з приладів та електроустаткування ;
7243 ;10008 ;  ;68 ;Авіаційний механік з радіоустаткування ;
7232 ;10010 ;  ;68 ;Авіаційний технік (механік) з парашутних та аварійно-рятувальних засобів ;
8155 ;  ;  ;68 ;Авіаційний технік з паливно-мастильних матеріалів ;
3115 ;  ;  ;68 ;Авіаційний технік з планера та двигунів ;
3115;;;;Авіаційний технік з приладів та електроустаткування;
3115;;;;Авіаційний технік з радіоустаткування;
8139 ;10014 ;44 ;  ;Автоклавник (виробництво скла та скловиробів) ;
8212 ;10014 ;  ;36 ;Автоклавник (виробництво теплоізоляційних матеріалів) ;
8154 ;10014 ;  ;11 ;Автоклавник (виробництво цитринової та виннокам'яної кислот) ;
8122 ;10015 ;  ;42 ;Автоклавник лиття під тиском ;
9311 ;10017 ;  ;5 ;Автоклавник на запарюванні брикетів ;
8152 ;10019 ;  ;45 ;Автоклавник-сушильник акумуляторних пластин у виробництві свинцевих акумуляторів ;
8224 ;10023 ;34 ;  ;Автоматник в'язальних автоматів ;
7311 ;10025 ;  ;51 ;Автоматник голково-платинних виробів ;
8211 ;10039 ;  ;45 ;Автоматник елементного виробництва ;
8240 ;10032 ;63 ;59 ;Автоматник з вироблення деталей клавішних інструментів ;
8143 ;10027 ;  ;17 ;Автоматник картонажного виробництва ;
8229 ;10028 ;  ;61 ;Автоматник клеїльних напівавтоматів ;
8290 ;10030 ;  ;44 ;Автоматник на вузлов'язальних та навивальних автоматах та верстатах ;
8211 ;10036 ;  ;52 ;Автоматник ремізних автоматів ;
8221 ;10038 ;  ;42 ;Автоматник холодновисаджувальних автоматів ;
8211 ;10021 ;  ;42 ;Автоматник ;
2451.2;;;;Автор промов;
2451.2;;;;Автор текстів (копірайтер);
7239 ;  ;  ;  ;Авторемонтник ;
5111 ;20010 ;  ;  ;Агент з доставки замовлених квитків ;
3422;;;;Агент з митного оформлення;
3413 ;- ;  ;1 ;Агент з нерухомості ;
5111 ;20019 ;  ;68 ;Агент з організації обслуговування авіаперевезень ;
4221 ;- ;  ;5*, 81 ;Агент з організації туризму ;
3422 ;20022 ;  ;66 ;Агент з передачі вантажу на прикордонній станції (пункті) ;
4131 ;20031 ;  ;1 ;Агент з постачання ;
5111 ;20025 ;  ;  ;Агент з приймання замовлень на квитки ;
4133 ;20028 ;  ;66,67 ;Агент з розшуку вантажів та багажу ;
3422 ;20014 ;- ;  ;Агент із замовлень населення на перевезення ;
3415 ;20004 ;  ;66,1 ;Агент комерційний;
3415 ;20007 ;  ;67 ;Агент морський ;
3429 ;  ;  ;  ;Агент податковий ;
3429 ;  ;  ;1 ;Агент рекламний ;
4133;;;;Агент станційний;
3412 ;20034 ;- ;  ;Агент страховий ;
3415 ;- ;- ;1 ;Агент торговельний ;
3415 ;20001 ;  ;1 ;Агент ;
8112 ;10041 ;  ;5 ;Агломератник ;
2213.2 ;20037 ;- ;  ;Агролісомеліоратор ;
2112.2 ;- ;  ;75 ;Агрометеоролог ;
2213.2 ;20041 ;  ;2 ;Агроном аеродрому ;
3212 ;20047 ;  ;2 ;Агроном відділення (бригади, сільськогосподарської дільниці, ферми, цеху) ;
2213.2 ;20053 ;  ;2 ;Агроном з насінництва ;
2213.2 ;20050 ;  ;2 ;Агроном із захисту рослин ;
2213.2 ;20040 ;  ;2 ;Агроном ;
2213.1 ;  ;  ;2 ;Агроном-дослідник ;
3212 ;  ;  ;  ;Агротехнік ;
2213.2 ;20056 ;  ;2 ;Агрохімік ;
2421.2 ;20059 ;- ;  ;Адвокат ;
3436;;;;Адміністративний помічник;
4222 ;20068 ;  ;65 ;Адміністратор (господар) залу ;
2419.3;;;;Адміністратор (органи державної влади та місцевого самоврядування);
2131.2 ;- ;- ;  ;Адміністратор бази даних ;
2139.2;;;;Адміністратор безпеки мереж і систем;
2131.2;;;;Адміністратор вебресурсів;
3121;;;;Адміністратор вебсайту;
2131.2 ;- ;- ;  ;Адміністратор даних ;
2131.2 ;- ;- ;  ;Адміністратор доступу (груповий) ;
2131.2 ;- ;- ;  ;Адміністратор доступу ;
2131.2 ;- ;- ;  ;Адміністратор задач ;
3429 ;20074 ;  ;82 ;Адміністратор знімальної групи ;
3429 ;20071 ;  ;82 ;Адміністратор кінотеатру ;
3422 ;  ;  ;67 ;Адміністратор пасажирської служби ;
4229;;;;Адміністратор програм радіо та телебачення;
2131.2 ;- ;- ;  ;Адміністратор системи ;
3429 ;20077 ;- ;  ;Адміністратор телевізійних передач ;
4222 ;20065 ;  ;87 ;Адміністратор черговий ;
4222 ;20062 ;  ;1 ;Адміністратор ;
9322 ;11143 ;44 ;  ;Аерографіст (виробництво скла та скловиробів) ;
9322 ;11143 ;59 ;  ;Аерографіст (поліграфічне виробництво) ;
7312 ;11145 ;  ;59 ;Аерографіст щипкових інструментів ;
7324 ;11147 ;45 ;  ;Аерографник ;
2111.2 ;  ;  ;  ;Аеродинамік ;
8290 ;11149 ;  ;68 ;Аеродромний робітник ;
7322 ;11151 ;44 ;  ;Аерозольник ;
2112.2 ;- ;  ;75 ;Аеролог ;
3131 ;20242 ;- ;  ;Аерофотогеодезист ;
2148.2 ;  ;  ;  ;Аерофотозйомник ;
1143.1 ;- ;- ;  ;Академік-секретар національної академії (наук, мистецтв і т. ін.) України ;
1143.3 ;  ;  ;  ;Академік-секретар ;
7311 ;10043 ;20 ;  ;Аквадувальник ;
8253 ;10045 ;59 ;  ;Акліматизатор ;
2453.2 ;20083 ;  ;84, 81 ;Акомпаніатор ;
2455.2 ;;  ;84,82 ;Актор (артист) театру, кіно та ін.;
3474 ;  ;  ;  ;Актор (артист) театру (кіно) (з дипломом фахового молодшого бакалавра);
2121.2 ;- ;- ;  ;Актуарій ;
7241 ;10047 ;  ;1 ;Акумуляторник ;
3232 ; ;  ;78 ;Акушерка (акушер);
7311 ;10049 ;20 ;  ;Алундувальник ;
8223 ;10053 ;  ;45 ;Алюмініювальник електротехнічних виробів ;
8223 ;10051 ;  ;42 ;Алюмініювальник ;
2441.2;;;;Аналітик (банківська діяльність);
2131.2;;;;Аналітик бізнесу (інформаційні системи);
2131.2 ;;;  ;Аналітик даних ;
2139.2;;;;Аналітик з безпеки інформаційно-комунікаційних систем;
2441.2 ;  ;  ;  ;Аналітик з інвестицій ;
2441.2 ;  ;  ;  ;Аналітик з кредитування ;
2452.2 ;  ;  ;  ;Аналітик з модельної діяльності ;
2139.2;;;;Аналітик з оцінки вразливостей;
2490;;;;Аналітик з оцінки ризиків, загроз та стану захищеності об’єктів критичної інфраструктури (за видами діяльності);
2414.2 ;  ;  ;  ;Аналітик з питань фінансово-економічної безпеки ;
2139.2;;;;Аналітик загроз безпеки;
2490;;;;Аналітик інформації з відкритих джерел;
2131.2 ;- ;- ;  ;Аналітик комп'ютерних систем ;
2149.2 ;  ;  ;  ;Аналітик комунікацій (крім комп'ютерів) ;
2433.2 ;  ;  ;  ;Аналітик консолідованої інформації ;
2131.2;;;;Аналітик мобільних додатків;
2131.2 ;  ;  ;  ;Аналітик програмного забезпечення ;
2131.2;;;;Аналітик продукту;
2131.2;;;;Аналітик процесів автоматизації;
2149.2 ;  ;  ;  ;Аналітик систем (крім комп'ютерів) ;
2139.2;;;;Аналітик систем захисту інформації;
2441.2;;;;Аналітик у сфері віртуальних активів;
2412.2 ;  ;  ;  ;Аналітик у сфері професійної зайнятості ;
7324 ;10056 ;  ;34 ;Ангобувальник санітарно-будівельних виробів ;
7324 ;10055 ;45 ;  ;Ангобувальник ;
8121 ;10058 ;  ;41 ;Андоник у виробництві алюмінію ;
2359.2 ;;;;Андрагог;
7243 ;10060 ;  ;70 ;Антенник-щогловик ;
8223 ;10062 ;  ;42 ;Антикорозійних ;
2442.1 ;  ;  ;  ;Антрополог ;
8211 ;10067 ;31 ;  ;Апаратник абсолютування ;
8154 ;10069 ;24 ;  ;Апаратник абсорбції ;
8154 ;10071 ;24 ;  ;Апаратник адсорбції ;
8159 ;10073 ;25 ;  ;Апаратник азотування ;
8154 ;10075 ;24 ;  ;Апаратник активації ;
8154 ;10077 ;24 ;  ;Апаратник алкілування ;
8154 ;10078 ;24 ;  ;Апаратник амінування ;
8154 ;10080 ;26 ;  ;Апаратник амонолізу ;
8264 ;10083 ;47 ;  ;Апаратник апретування ;
8232 ;10085 ;27 ;  ;Апаратник ацеталювання (виробництво синтетичних смол, пластмас та їх перероблення) ;
8154 ;10086 ;24 ;  ;Апаратник ацетилування ;
8154 ;10088 ;26 ;  ;Апаратник ацилювання ;
8159 ;10090 ;32 ;  ;Апаратник балансових установок ;
8264 ;10092 ;66 ;  ;Апаратник білизняних сушильних установок ;
8152 ;10094 ;30 ;  ;Апаратник бісульфатування ваніліну ;
8154 ;  ;  ;62 ;Апаратник блочної знесолюючої установки атомної електростанції ;
8273 ;10360 ;  ;11 ;Апаратник борошномельного виробництва ;
8154 ;10096 ;24 ;  ;Апаратник бромування ;
8232 ;10097 ;27 ;  ;Апаратник бучення ;
8152 ;10099 ;  ;8 ;Апаратник вакуум-апаратів ;
8159 ;10103 ;32 ;  ;Апаратник вакуум-приймачів ;
8221 ;10105 ;  ;11 ;Апаратник вакуум-сушильної установки ;
8122 ;10107 ;  ;40 ;Апаратник вакуум-термічної печі ;
8154 ;10101 ;24 ;  ;Апаратник вакуумування ;
8221 ;10972 ;  ;25 ;Апаратник варіння живильного середовища ;
8276 ;10114 ;  ;11 ;Апаратник варіння утфелю ;
8152 ;10113 ;24 ;  ;Апаратник варіння ;
8232 ;10457 ;27 ;  ;Апаратник вибілювання ;
8232 ;10261 ;29 ;  ;Апаратник виготовлення армованих пресувальних матеріалів ;
8224 ;10263 ;34 ;  ;Апаратник виготовлення баритмаси ;
8231 ;10273 ;33 ;  ;Апаратник виготовлення гумових ниток ;
8232 ;10267 ;29 ;  ;Апаратник виготовлення нетканих скловолокнистих матеріалів ;
8232 ;10269 ;27 ;  ;Апаратник виготовлення орієнтованої плівки ;
8232 ;10271 ;27 ;  ;Апаратник виготовлення плівкових матеріалів методом поливу ;
8232 ;10277 ;27 ;  ;Апаратник виготовлення термопасти ;
8121 ;10265 ;  ;41 ;Апаратник виготовлення штучного шеєліту ;
8159 ;10144 ;32 ;  ;Апаратник виділення ацетофенону ;
8159 ;10146 ;32 ;  ;Апаратник виділення карбінолу ;
8159 ;10148 ;32 ;  ;Апаратник виділення псевдобутилену ;
8159 ;10150 ;32 ;  ;Апаратник виділення сірки ;
8159 ;10151 ;32 ;  ;Апаратник виділення фтористого бору ;
8154 ;10168 ;24 ;  ;Апаратник вилуговування ;
8159 ;10259 ;25 ;  ;Апаратник вилучення побічних продуктів ;
8152 ;10412 ;24 ;  ;Апаратник випалювання;
8152 ;10295 ;24 ;  ;Апаратник випаровування ;
8152 ;10157 ;48 ;  ;Апаратник випарювальних апаратів для одержання рідкого продукту ;
8152 ;10158 ;48 ;  ;Апаратник випарювальних апаратів для одержання твердого продукту ;
8155 ;10296 ;  ;63 ;Апаратник випарювальної установки ;
8159 ;10155 ;25 ;  ;Апаратник випарювання та гранулювання ;
8152 ;10153 ;24 ;  ;Апаратник випарювання ;
8154 ;10749 ;25 ;  ;"Апаратник виробництва ""аеросили"" ";
8154 ;10737 ;25 ;  ;Апаратник виробництва АГ-солі ;
8154 ;10739 ;25 ;  ;Апаратник виробництва адипінової кислоти ;
8154 ;10741 ;25 ;  ;Апаратник виробництва адипонітрилу ;
8154 ;10743 ;26 ;  ;Апаратник виробництва азобарвників ;
8271 ;10745 ;  ;8 ;Апаратник виробництва альбуміну ;
8159 ;10747 ;25 ;  ;Апаратник виробництва аміачної селітри ;
8232 ;10751 ;  ;16 ;Апаратник виробництва бакелітової плівки ;
8221 ;10753 ;  ;25 ;Апаратник виробництва бактерійних препаратів ;
8154 ;10796 ;26 ;  ;Апаратник виробництва барвників для хутра ;
8154 ;10755 ;25 ;  ;Апаратник виробництва бертолетової солі ;
8154 ;10757 ;25 ;  ;Апаратник виробництва борної кислоти ;
8271 ;10758 ;  ;8 ;Апаратник виробництва бульйонних кубиків ;
8154 ;10865 ;25 ;  ;Апаратник виробництва гальмової рідини та антифризу ;
8221 ;10761 ;31 ;  ;Апаратник виробництва гематогену та медичної жовчі ;
8154 ;10763 ;25 ;  ;Апаратник виробництва гідросульфіту натрію ;
8112 ;10765 ;4 ;  ;Апаратник виробництва гірського воску ;
8154 ;10769 ;25 ;  ;Апаратник виробництва диметилтерефталату ;
8159 ;10773 ;  ;19 ;Апаратник виробництва дициклопентадієну ;
8154 ;10771 ;25 ;  ;Апаратник виробництва диціандіаміду ;
8154 ;10767 ;25 ;  ;Апаратник виробництва діоксиду хлору ;
8154 ;10775 ;25 ;  ;Апаратник виробництва жовтого фосфору ;
8272 ;10779 ;  ;8 ;Апаратник виробництва заквасок ;
8159 ;10780 ;  ;19 ;Апаратник виробництва індолу ;
8154 ;10782 ;  ;8 ;Апаратник виробництва казеїнового клею ;
8159 ;10784 ;25 ;  ;Апаратник виробництва калієвої селітри ;
8272 ;10786 ;  ;8 ;Апаратник виробництва кисломолочних та дитячих молочних продуктів ;
8154 ;10794 ;  ;8 ;Апаратник виробництва кісткового клею ;
8154 ;10788 ;25 ;  ;Апаратник виробництва контактної маси ;
8154 ;10790 ;25 ;  ;Апаратник виробництва контактної сірчаної кислоти ;
8152 ;10792 ;25 ;  ;Апаратник виробництва корунду ;
8154 ;10800 ;25 ;  ;Апаратник виробництва кремнійорганічних лаків ;
8159 ;10802 ;  ;19 ;Апаратник виробництва креоліну та лізолу ;
8154 ;10804 ;25 ;  ;Апаратник виробництва кріоліту ;
8154 ;10806 ;26 ;  ;Апаратник виробництва літопону ;
8159 ;10808 ;  ;19 ;Апаратник виробництва малотонажних продуктів ;
8271 ;10848 ;  ;8 ;Апаратник виробництва мастила ;
8278;;;;Апаратник виробництва медових напоїв та іншої продукції бджільництва;
8154 ;10812 ;25 ;  ;Апаратник виробництва металевого натрію ;
8154 ;10817 ;25 ;  ;Апаратник виробництва миш'яковистих солей ;
8154 ;10810 ;  ;8 ;Апаратник виробництва міздрового клею ;
8272 ;10814 ;  ;8 ;Апаратник виробництва молочного цукру ;
8154 ;10819 ;25 ;  ;Апаратник виробництва надперекису калію ;
8154 ;10821 ;25 ;  ;Апаратник виробництва нейтрального кремнегелю ;
8159 ;10823 ;25 ;  ;Апаратник виробництва нітрату та нітриту натрію ;
8159 ;10824 ;25 ;  ;Апаратник виробництва нітрофоски ;
8112 ;10826 ;4 ;  ;Апаратник виробництва озокериту та озокеритової продукції ;
8159 ;10828 ;  ;19 ;Апаратник виробництва піридинових основ ;
8272 ;10832 ;  ;8 ;Апаратник виробництва плавленого сиру ;
8232 ;10834 ;27 ;  ;Апаратник виробництва поліімідної плівки ;
8112 ;10836 ;4 ;  ;Апаратник виробництва реагентів ;
8159 ;10838 ;25 ;  ;Апаратник виробництва регенеративних речовин ;
8221 ;10275 ;31 ;  ;Апаратник виробництва рентгенівських екранів ;
8272 ;10777 ;  ;8 ;Апаратник виробництва рідкого замінника незбираного молока ;
8154 ;10840 ;24 ;  ;Апаратник виробництва світлосполук ;
8159 ;10816 ;25 ;  ;Апаратник виробництва сечовини ;
8154 ;10842 ;25 ;  ;Апаратник виробництва силікагелів ;
8154 ;10844 ;  ;8 ;Апаратник виробництва силікатного клею ;
8224 ;10846 ;34 ;  ;Апаратник виробництва синтетичних барвників ;
8154 ;10850 ;24 ;  ;Апаратник виробництва спектрально-чистих газів ;
8159 ;10852 ;25 ;  ;Апаратник виробництва сульфату амонію ;
8154 ;10854 ;25 ;  ;Апаратник виробництва сульфітних солей ;
8154 ;10855 ;25 ;  ;Апаратник виробництва сульфомасел та отрутохімікатів ;
8272 ;10857 ;  ;8 ;Апаратник виробництва сухих молочних продуктів ;
8154 ;10859 ;25 ;  ;Апаратник виробництва термічної фосфорної кислоти ;
8271 ;10861 ;  ;8 ;Апаратник виробництва технічної продукції ;
8272 ;10863 ;  ;8 ;Апаратник виробництва топленого масла ;
8154 ;10867 ;25 ;  ;Апаратник виробництва фенілметилуретилану ;
8221 ;10869 ;  ;25 ;Апаратник виробництва ферментів та плазмозамінних препаратів ;
8159 ;10871 ;  ;19 ;Апаратник виробництва формованого коксу ;
8154 ;10872 ;25 ;  ;Апаратник виробництва фоспору ;
8154 ;10874 ;25 ;  ;Апаратник виробництва фосфорних сполук ;
8154 ;10876 ;26 ;  ;Апаратник виробництва фталоціанінових барвників ;
8154 ;10878 ;25 ;  ;Апаратник виробництва фтористого натрію ;
8271 ;10830 ;  ;8 ;Апаратник виробництва харчових жирів ;
8154 ;10880 ;24 ;  ;Апаратник виробництва хімічних реактивів ;
8154 ;10882 ;25 ;  ;Апаратник виробництва хромових сполук ;
8154 ;10886 ;26 ;  ;Апаратник виробництва цинкового купоросу ;
8152 ;10887 ;26 ;  ;Апаратник виробництва цинкового пилу ;
8154 ;10884 ;25 ;  ;Апаратник виробництва ціанистих металів ;
8154 ;10798 ;25 ;  ;Апаратник виробництва червоного фосфору ;
8278 ;10889 ;  ;11 ;Апаратник виробництва шампанського ;
8278 ;10160 ;  ;11 ;Апаратник вирощування дріжджів ;
8232 ;10162 ;27 ;  ;Апаратник висадження ;
8152 ;10164 ;48 ;  ;Апаратник витоплення ;
8159 ;10166 ;28 ;  ;Апаратник витягання ;
8153 ;;;;Апаратник віджимання (спеціальні хімічні виробництва);
8153 ;10469 ;24 ;  ;Апаратник віджимання ;
8265 ;10471 ;48 ;  ;Апаратник відкочування ;
8272 ;10125 ;  ;8 ;Апаратник відновлення молока ;
8159 ;10127 ;20 ;  ;Апаратник відновлення напівпровідникових матеріалів ;
8154 ;10124 ;24 ;  ;Апаратник відновлення ;
8152 ;10465 ;25 ;  ;Апаратник відпалу кристалів корунду ;
8122 ;10467 ;  ;40 ;Апаратник відпалу хрому ;
8153 ;10479 ;24 ;  ;Апаратник відстоювання ;
8271 ;10116 ;  ;10 ;Апаратник вітамінізації жиру ;
8265 ;10118 ;48 ;  ;Апаратник водно-хімічного оброблення ;
8112 ;11036 ;  ;5 ;Апаратник вуглезбагачення ;
8231 ;10142 ;33 ;  ;Апаратник вулканізації ;
8154 ;10170 ;  ;8 ;Апаратник газового консервування ;
8159 ;10172 ;24 ;  ;Апаратник газогенерації ;
8159 ;10174 ;24 ;  ;Апаратник газорозділення ;
8154 ;10176 ;24 ;  ;Апаратник гашення вапна ;
8275 ;10178 ;  ;11 ;Апаратник гідратації (виробництво олії та жирів) ;
8154 ;10178 ;24 ;  ;Апаратник гідратації (хімічне виробництво) ;
8271 ;10183 ;  ;10 ;Апаратник гідролізу жиру й печінки ;
8275 ;10185 ;  ;11 ;Апаратник гідролізу крохмального молока ;
8154 ;10181 ;24 ;  ;Апаратник гідролізу ;
8159 ;10189 ;32 ;  ;Апаратник гідрохлорування ;
8154 ;10179 ;24 ;  ;Апаратник гідрування ;
8275 ;10191 ;  ;9 ;Апаратник гомогенізації (виробництво консервів) ;
8271 ;10191 ;52 ;  ;Апаратник гомогенізації (виробництво м'ясних продуктів) ;
8272 ;10193 ;  ;8 ;Апаратник гомогенізації молока ;
8232 ;10195 ;27 ;  ;Апаратник гомогенізації пластичних мас ;
8151 ;10967 ;26 ;  ;Апаратник готування емалей ;
8159;;;;Апаратник гранулювання (спеціальні хімічні виробництва);
8152 ;10197 ;24 ;  ;Апаратник гранулювання ;
8159 ;10199 ;32 ;  ;Апаратник деаерації ;
8154 ;10201 ;24 ;  ;Апаратник дегідратації ;
8154 ;10202 ;24 ;  ;Апаратник дегідрування ;
8275 ;10204 ;  ;11 ;Апаратник дезодорації ;
8221 ;10206 ;31 ;  ;Апаратник декарбоксилування ;
8154 ;10208 ;24 ;  ;Апаратник деполімеризації ;
8154 ;10210 ;24 ;  ;Апаратник десорбції ;
8232 ;10212 ;27 ;  ;Апаратник деструкції ;
8154 ;10213 ;25 ;  ;Апаратник десублімації ;
8276 ;10215 ;  ;11 ;Апаратник дефекосатурації бурякового соку ;
8159 ;10219 ;32 ;  ;Апаратник димеризації ;
8159 ;10222 ;32 ;  ;Апаратник диспергування лужних металів ;
8151 ;10221 ;26 ;  ;Апаратник диспергування пігментів і барвників ;
8159 ;10224 ;32 ;  ;Апаратник диспропорціонування ;
8275 ;10226 ;  ;7 ;Апаратник дифузії ;
8154 ;10217 ;24 ;  ;Апаратник діазотування ;
8154 ;10961 ;  ;8 ;Апаратник дозрівання оболонки ;
8232 ;10232 ;27 ;  ;Апаратник дозрівання ;
8151 ;10228 ;24 ;  ;Апаратник дозування ;
8265 ;10238 ;48 ;  ;Апаратник дублення (хутряне виробництво) ;
8265 ;10236 ;48 ;  ;Апаратник дублення (шкіряне та шкіросировинне виробництво) ;
8224 ;10234 ;34 ;  ;Апаратник дублення та сушіння білкової оболонки ;
8153 ;11104 ;48 ;  ;Апаратник екстрагування танідів ;
8154 ;11102 ;24 ;  ;Апаратник екстрагування ;
8154 ;11108 ;24 ;  ;Апаратник електролізу ;
8223 ;11110 ;  ;42 ;Апаратник електролітичного знежирення ;
8121 ;11112 ;  ;41 ;Апаратник електрохімічного виробництва танталу ;
8221 ;10240 ;31 ;  ;Апаратник енолізації ;
8275 ;11114 ;55 ;  ;Апаратник етаноламінової установки ;
8154 ;11116 ;24 ;  ;Апаратник етерифікації ;
8159 ;11117 ;28 ;  ;Апаратник етиленгліколевої установки ;
8224 ;10242 ;34 ;  ;Апаратник желатинування ;
8224 ;10245 ;34 ;  ;Апаратник жироочищення ;
8232 ;10532 ;  ;57 ;Апаратник з виготовлення клейової нитки ;
8278 ;10521 ;  ;11 ;Апаратник з вироблення оцту ;
8222 ;10649 ;  ;16 ;Апаратник з вироблення сухої сірникової соломки ;
8139 ;10534 ;  ;37 ;Апаратник з вироблення шліфувальної шкурки ;
8121 ;10643 ;  ;40 ;Апаратник з виробництва ванадію ;
8270 ;  ;  ;  ;Апаратник з виробництва олії та тваринних жирів ;
8154 ;10647 ;  ;16 ;Апаратник з виробництва синтетичних клеїльних смол ;
8159 ;10645 ;20 ;  ;Апаратник з виробництва та хімічного очищення напівпровідникових матеріалів ;
8159 ;10523 ;20 ;  ;Апаратник з вирощування монокристалів та стрічок ;
8159 ;10536 ;20 ;  ;Апаратник з кристалізації ;
8159 ;10625 ;25 ;  ;Апаратник з насмоктування діафрагм ;
8274 ;10629 ;55 ;  ;Апаратник з оброблення сирого пектину ;
8278 ;10627 ;  ;11 ;Апаратник з оброблення та купажування оцту ;
8163 ;10631 ;20 ;  ;Апаратник з обслуговування рекуператорів та системи охолодження ;
8159 ;10635 ;20 ;  ;Апаратник з одержання високочистих матеріалів для напівпровідникового виробництва ;
8154 ;10633 ;  ;45 ;Апаратник з окислення кадмію ;
8275 ;10639 ;  ;11 ;Апаратник з приготування майонезу ;
8151 ;10641 ;  ;62 ;Апаратник з приготування хімреагентів ;
8159 ;10653 ;20 ;  ;Апаратник з регенерації селену ;
8159 ;10655 ;20 ;  ;Апаратник з регенерації сірки ;
8121 ;10651 ;  ;41 ;Апаратник з розділення рідкоземельних елементів ;
8159 ;10661 ;20 ;  ;Апаратник з хімічного оброблення напівпровідникових матеріалів ;
8271 ;10249 ;  ;8 ;Апаратник заморожування ендокринно-ферментної сировини ;
8264 ;10253 ;47 ;  ;Апаратник запарювання відходів ;
8264 ;10251 ;47 ;  ;Апаратник запарювання ;
8232 ;10461 ;27 ;  ;Апаратник затвердіння ;
8112 ;10418 ;  ;5 ;Апаратник збагачення золотовмісних руд ;
8264 ;10109 ;47 ;  ;Апаратник звалювання виробів ;
8264 ;11034 ;47 ;  ;Апаратник зволоження ;
8272 ;10933 ;  ;8 ;Апаратник згущення молока та іншої молочної сировини ;
9311 ;10931 ;  ;5 ;Апаратник згущувачів ;
8151 ;10959 ;26 ;  ;Апаратник змішування барвників ;
8151 ;10957 ;24 ;  ;Апаратник змішування ;
8151 ;10955 ;26 ;  ;Апаратник змішувачів ;
8212 ;10398 ;  ;64 ;Апаратник зневоднення бітуму ;
8159 ;10396 ;28 ;  ;Апаратник зневоднення ;
8275 ;10404 ;  ;11 ;Апаратник знежирення сиропів ;
8265 ;10402 ;48 ;  ;Апаратник знежирення ;
8265 ;10407 ;48 ;  ;Апаратник знезолення, м'якшення ;
8153 ;10400 ;28 ;  ;Апаратник знеповітрювання та фільтрації ;
8154 ;10409 ;24 ;  ;Апаратник знесолювання води ;
8159 ;10410 ;  ;19 ;Апаратник знефенолування та знеспиридинування масел ;
8265 ;10255 ;48 ;  ;Апаратник зоління (шкіросировинне виробництво) ;
8224 ;10257 ;34 ;  ;Апаратник зоління ;
8159 ;10531 ;  ;19 ;Апаратник із завантаження пеку ;
8154 ;10657 ;25 ;  ;Апаратник із збирання та збагачення шламу ;
8154 ;10281 ;24 ;  ;Апаратник ізомеризації ;
8154 ;10283 ;25 ;  ;Апаратник імідування ;
8221 ;10289 ;31 ;  ;Апаратник іонного обміну ;
8154 ;10291 ;  ;11 ;Апаратник іонообмінного очищення гліцерину ;
8221 ;10293 ;  ;25 ;Апаратник іонообмінного очищення хіміко-фармацевтичних препаратів ;
8221 ;10287 ;  ;25 ;Апаратник йодування ;
8224 ;10298 ;34 ;  ;Апаратник калібрування ;
8121 ;10300 ;  ;41 ;Апаратник карбідизації ;
8154 ;10302 ;24 ;  ;Апаратник карбоксилування ;
8154 ;10304 ;24 ;  ;Апаратник карбонізації ;
8264 ;10306 ;47 ;  ;Апаратник каустифікації ;
8224 ;10308 ;34 ;  ;Апаратник кислотного оброблення спилка ;
8151 ;10310 ;24 ;  ;Апаратник коагуляції ;
8261 ;10312 ;47 ;  ;Апаратник коконозапарювальної машини ;
8273 ;10314 ;  ;11 ;Апаратник комбікормового виробництва ;
8159;;;;Апаратник комплексної установки (спеціальні хімічні виробництва);
8159 ;10318 ;25 ;  ;Апаратник конверсії ;
8152 ;10321 ;24 ;  ;Апаратник конденсації ;
8152 ;10324 ;28 ;  ;Апаратник контактного випарювання ;
8154 ;10323 ;25 ;  ;Апаратник контактування ;
8159 ;10327 ;25 ;  ;Апаратник концентрування кислот ;
8278 ;10329 ;  ;11 ;Апаратник коньячного виробництва ;
8154;;;;Апаратник кристалізації (спеціальні хімічні виробництва);
8159 ;10338 ;30 ;  ;Апаратник кристалізації та центрифугування ;
8154 ;10336 ;24 ;  ;Апаратник кристалізації ;
8275 ;10332 ;  ;11 ;Апаратник крохмального агрегата ;
8273 ;10340 ;  ;11 ;Апаратник круп'яного виробництва ;
8159 ;10342 ;28 ;  ;Апаратник ксантогенування ;
8151 ;11100 ;26 ;  ;Апаратник кульових млинів ;
8159 ;10348 ;28 ;  ;Апаратник лиття й рубання ;
8159 ;10346 ;  ;3 ;Апаратник лісохімічного устаткування ;
8159 ;11095 ;24 ;  ;Апаратник лускування ;
8159 ;10350 ;28 ;  ;Апаратник матування смоли ;
8264 ;10352 ;47 ;  ;Апаратник мерсеризації (виробництво текстилю) ;
8154 ;10352 ;24 ;  ;Апаратник мерсеризації (хімічне виробництво) ;
8154 ;10354 ;24 ;  ;Апаратник метоксилування ;
8221 ;10362 ;  ;11 ;Апаратник миловаріння ;
8153 ;10358 ;24 ;  ;Апаратник мокрої класифікації ;
8265 ;10363 ;48 ;  ;Апаратник м'якшення шкіряних напівфабрикатів та хутряних шкурок ;
8223 ;10367 ;  ;45 ;Апаратник на виготовленні мікропроводів у скляній ізоляції ;
8121 ;10371 ;  ;41 ;Апаратник на плазмових установках ;
8121 ;10373 ;  ;41 ;Апаратник на приготуванні сумішей та розчинів ;
8229 ;10375 ;43 ;  ;Апаратник на просочувальних агрегатах ;
8159 ;10383 ;20 ;  ;Апаратник на установках деіонізації ;
8152 ;10365 ;24 ;  ;Апаратник нагрівання теплоносіїв ;
8272 ;10369 ;  ;8 ;Апаратник нанесення полімерних та парафінових покриттів на сири ;
8232 ;10379 ;29 ;  ;Апаратник напилення скловолокнистих матеріалів ;
8152 ;10377 ;26 ;  ;Апаратник напилювання металом ;
8221 ;10381 ;31 ;  ;Апаратник насичення ;
8154;;;;Апаратник нейтралізації продуктів ракетних рідинних двигунів;
8154 ;10386 ;24 ;  ;Апаратник нейтралізації ;
8223 ;10388 ;29 ;  ;Апаратник нікелювання склотканини ;
8154 ;10394 ;25 ;  ;Апаратник нітрозного процесу ;
8154 ;10392 ;24 ;  ;Апаратник нітрозування ;
8154 ;10390 ;24 ;  ;Апаратник нітрування ;
8232 ;10414 ;27 ;  ;Апаратник облагороджування гексолу ;
8276 ;10428 ;  ;11 ;Апаратник оброблення бурякового соку ;
8275 ;10429 ;  ;11 ;Апаратник оброблення ефірних олій ;
8273 ;10422 ;  ;11 ;Апаратник оброблення зерна ;
8271 ;10424 ;  ;8 ;Апаратник оброблення крові ;
8276 ;10426 ;  ;11 ;Апаратник оброблення рафінадних голів ;
8159 ;10463 ;28 ;  ;Апаратник оброблення та сушіння хімічної нитки ;
8152 ;10420 ;29 ;  ;Апаратник оброблення ;
8159 ;10546 ;  ;19 ;Апаратник одержання високотемпературного пеку ;
8121 ;10548 ;  ;41 ;Апаратник одержання високочистих сполук лужних металів ;
8154 ;10613 ;24 ;  ;Апаратник одержання вуглекислоти ;
8154 ;10550 ;25 ;  ;Апаратник одержання гексахлорбензолу ;
8121 ;10552 ;8 ;  ;Апаратник одержання гідроокисних сполук лужних металів ;
8275 ;10554 ;  ;11 ;Апаратник одержання декстрину ;
8275 ;10623 ;  ;11 ;Апаратник одержання екструзійних крохмалепродуктів ;
8221 ;10556 ;31 ;  ;Апаратник одержання закису азоту ;
8154 ;10558 ;26 ;  ;Апаратник одержання зародків діоксиду титану ;
8152 ;10560 ;24 ;  ;Апаратник одержання інертного газу ;
8276 ;10564 ;55 ;  ;Апаратник одержання клейового розчину ;
8221 ;10566 ;31 ;  ;Апаратник одержання комплексних сполук ;
8275 ;10568 ;  ;11 ;Апаратник одержання кукурудзяної олії ;
8159 ;10569 ;  ;19 ;Апаратник одержання кумаронової смоли ;
8152 ;10571 ;26 ;  ;Апаратник одержання лаків та емалей на полімеризаційних смолах ;
8154 ;10573 ;26 ;  ;Апаратник одержання метатитанової кислоти ;
8151 ;10575 ;26 ;  ;Апаратник одержання мікронізованих матеріалів ;
8154 ;10577 ;30 ;  ;Апаратник одержання нітролігніну ;
8152 ;10579 ;26 ;  ;Апаратник одержання оксидів металів ;
8271 ;10581 ;  ;10 ;Апаратник одержання пату ;
8139 ;10583 ;29 ;  ;Апаратник одержання порожнистих мікросфер ;
8276 ;10585 ;55 ;  ;Апаратник одержання сахарату кальцію ;
8221 ;10591 ;  ;25 ;Апаратник одержання сильнодіючих алкалоїдів та кристалічних глікозидів ;
8221 ;10593 ;31 ;  ;Апаратник одержання синтетичних гормонів ;
8159 ;10605 ;  ;19 ;Апаратник одержання сирого бензолу ;
8275 ;10607 ;  ;11 ;Апаратник одержання сирого крохмалю ;
8275 ;10595 ;  ;11 ;Апаратник одержання сиропів ;
8159 ;10589 ;28 ;  ;Апаратник одержання сірковуглецю-сирцю ;
8152 ;10587 ;  ;11 ;Апаратник одержання сірчистої кислоти ;
8221 ;10598 ;31 ;  ;Апаратник одержання сполук для рентгенівських екранів ;
8159 ;10600 ;  ;19 ;Апаратник одержання сульфату амонію ;
8275 ;10602 ;  ;11 ;Апаратник одержання сухих кормів ;
8275 ;10603 ;  ;11 ;Апаратник одержання сухого крохмалю ;
8159 ;10609 ;33 ;  ;Апаратник одержання технічного вуглецю ;
8154 ;10611 ;25 ;  ;Апаратник одержання трихлорпропану та дихлоргідрину ;
8275 ;10615 ;  ;11 ;Апаратник одержання фосфатидів ;
8154 ;10616 ;25 ;  ;Апаратник одержання фотогіпосульфіту ;
8154 ;10618 ;30 ;  ;Апаратник одержання фуранових сполук ;
8154 ;10620 ;25 ;  ;Апаратник одержання хлорного заліза ;
8159 ;10622 ;  ;19 ;Апаратник одержання чистого антрацену ;
8212 ;10433 ;  ;64 ;Апаратник окислення бітуму ;
8121 ;10435 ;  ;41 ;Апаратник окислення молібденових відходів ;
8154 ;10431 ;24 ;  ;Апаратник окислення ;
8159 ;10439 ;25 ;  ;Апаратник оксимування ;
8221 ;10441 ;31 ;  ;Апаратник оксихлорування ;
8154 ;10445 ;24 ;  ;Апаратник омилення ;
8232 ;10447 ;27 ;  ;Апаратник оплавлення ;
8271 ;10416 ;  ;10 ;Апаратник опромінювання жиру ;
8232 ;10455 ;27 ;  ;Апаратник орієнтації органічного скла ;
8275 ;10451 ;  ;11 ;Апаратник осадження глютену ;
8154 ;10449 ;24 ;  ;Апаратник осадження ;
8154 ;10453 ;24 ;  ;Апаратник осушування газу ;
8272 ;10482 ;  ;8 ;Апаратник охолодження молочних продуктів ;
8159 ;10481 ;24 ;  ;Апаратник охолодження ;
8154 ;10484 ;  ;38 ;Апаратник очищення алмазного концентрату ;
8154 ;10486 ;24 ;  ;Апаратник очищення газу ;
8153 ;10488 ;24 ;  ;Апаратник очищення рідини ;
8153;;;;Апаратник очищення стічних вод (спеціальні хімічні виробництва);
8163 ;10490 ;  ;1 ;Апаратник очищення стічних вод ;
8264 ;10492 ;47 ;  ;Апаратник парафінування тканини ;
8275 ;10494 ;  ;11 ;Апаратник пароводотермічного агрегата ;
8275 ;10496 ;  ;7 ;Апаратник пастеризації (виробництво фруктових та овочевих консервів) ;
8272 ;10496 ;  ;7 ;Апаратник пастеризації (молочне виробництво) ;
8272 ;10498 ;  ;8 ;Апаратник пастеризації та охолодження молока ;
8271 ;10499 ;  ;8 ;Апаратник пастеризації яєчної маси ;
8278 ;10503 ;  ;11 ;Апаратник перегонки та ректифікації спирту ;
8152 ;10501 ;24 ;  ;Апаратник перегонки ;
8159 ;10505 ;32 ;  ;Апаратник перегрівання ;
8159 ;10509 ;28 ;  ;Апаратник переетерифікації ;
8154 ;10507 ;24 ;  ;Апаратник перероблення відходів хімічного виробництва ;
8221 ;10511 ;  ;25 ;Апаратник перколяції ;
8121 ;10513 ;  ;41 ;Апаратник печей відновлення ;
8159 ;10527 ;24 ;  ;Апаратник підготовки сировини та відпускання напівфабрикатів і продукції ;
8152 ;10515 ;24 ;  ;Апаратник піролізу ;
8152;;;;Апаратник плавлення (спеціальні хімічні виробництва);
8152 ;10517 ;24 ;  ;Апаратник плавлення ;
8264 ;10519 ;47 ;  ;Апаратник плюсування ;
8159 ;10122 ;  ;1 ;Апаратник повітроподілу ;
8151 ;10279 ;28 ;  ;Апаратник подрібнювання та переддозрівання ;
8154 ;10542 ;24 ;  ;Апаратник поліконденсації ;
8154 ;10544 ;24 ;  ;Апаратник полімеризації ;
8154 ;10663 ;25 ;  ;Апаратник приготування амальгами натрію ;
8112 ;10665 ;  ;5 ;Апаратник приготування брикетної суміші ;
8275 ;10669 ;  ;11 ;Апаратник приготування високожирних емульсій ;
8232 ;10667 ;27 ;  ;Апаратник приготування вологої міпори ;
8231 ;10716 ;33 ;  ;Апаратник приготування гумових клеїв та покриттів ;
8265 ;10671 ;48 ;  ;Апаратник приготування дубильних екстрактів ;
8121 ;10731 ;  ;41 ;Апаратник приготування електроліту ;
8275 ;10733 ;  ;11 ;Апаратник приготування емульгатора ;
8151 ;10735 ;24 ;  ;Апаратник приготування емульсій ;
8278 ;10706 ;  ;11 ;Апаратник приготування живильних середовищ ;
8151 ;10673 ;26 ;  ;Апаратник приготування замісів ;
8154 ;10718 ;24 ;  ;Апаратник приготування зв'язувальних (смол) ;
8221 ;10675 ;31 ;  ;Апаратник приготування зуболікарських матеріалів ;
8274 ;10677 ;  ;11 ;Апаратник приготування інвертного сиропу ;
8159 ;10679 ;  ;19 ;Апаратник приготування кам'яновугільного лаку ;
8154 ;10681 ;24 ;  ;Апаратник приготування каталізатора ;
8151 ;10683 ;27 ;  ;Апаратник приготування компаундів ;
8221 ;10685 ;  ;26 ;Апаратник приготування косметичних засобів ;
8275 ;10687 ;  ;11 ;Апаратник приготування кулінарних та кондитерських жирів ;
8265 ;10689 ;48 ;  ;Апаратник приготування лаку ;
8232 ;10691 ;27 ;  ;Апаратник приготування ламінованої плівки ;
8231 ;10693 ;33 ;  ;Апаратник приготування латексної суміші ;
8221 ;10695 ;  ;25 ;Апаратник приготування медичних мас та мазей ;
8159 ;10698 ;32 ;  ;Апаратник приготування мильного клею ;
8265 ;10697 ;48 ;  ;Апаратник приготування міздряного клею ;
8275 ;10700 ;  ;11 ;Апаратник приготування окисленого крохмалю ;
8221 ;10702 ;  ;26 ;Апаратник приготування парфумерних композицій та рідин ;
8232 ;10704 ;27 ;  ;Апаратник приготування пасти ;
8232 ;10708 ;27 ;  ;Апаратник приготування полімеризаційної суміші ;
8159 ;10710 ;  ;19 ;Апаратник приготування препарованої смоли ;
8224 ;10712 ;34 ;  ;Апаратник приготування проявної пасти ;
8151 ;10714 ;28 ;  ;Апаратник приготування прядильних розчинів ;
8151 ;10724 ;25 ;  ;Апаратник приготування сирої суміші ;
8121 ;10720 ;  ;41 ;Апаратник приготування сірчанокислого глинозему ;
8221 ;10722 ;  ;25 ;Апаратник приготування стерильних розчинів ;
8151;;;;Апаратник приготування сумішей (спеціальні хімічні виробництва);
8261 ;10726 ;  ;12 ;Апаратник приготування трести ;
8224 ;10727 ;34 ;  ;Апаратник приготування ферментного препарату ;
8151;;;;Апаратник приготування хімічних розчинів (спеціальні хімічні виробництва);
8151 ;10729 ;24 ;  ;Апаратник приготування хімічних розчинів ;
8152 ;10891 ;24 ;  ;Апаратник прожарювання ;
8153;;;;Апаратник промивання (спеціальні хімічні виробництва);
8265 ;10895 ;48 ;  ;Апаратник промивання міздрі, вовни, щетини та волосу ;
8153 ;10893 ;24 ;  ;Апаратник промивання ;
8264 ;10897 ;47 ;  ;Апаратник просочування (виробництво текстилю) ;
8264 ;10897 ;24 ;  ;Апаратник просочування (хімічне виробництво) ;
8152 ;10901 ;  ;57 ;Апаратник просочування личкувальних матеріалів ;
8152 ;10899 ;38 ;  ;Апаратник просочування та сушіння азбосталевих листів ;
8278 ;10903 ;  ;11 ;Апаратник процесу бродіння ;
8275 ;10916 ;  ;7 ;Апаратник рафінації жирів та олій ;
8275 ;10918 ;  ;11 ;Апаратник рафінування крохмалю ;
8154 ;10919 ;25 ;  ;Апаратник рафінування лужних металів ;
8271 ;10923 ;  ;8 ;Апаратник регенерації воскової маси ;
8154 ;10921 ;24 ;  ;Апаратник регенерації ;
8154 ;10925 ;25 ;  ;Апаратник рекристалізації ;
8154 ;10927 ;24 ;  ;Апаратник рекуперації ;
8154 ;10905 ;24 ;  ;Апаратник розкладання ;
8159 ;10907 ;24 ;  ;Апаратник розсіву ;
8151 ;10912 ;26 ;  ;Апаратник розчинення лакових основ ;
8151 ;10909 ;24 ;  ;Апаратник розчинення ;
8275 ;10914 ;  ;11 ;Апаратник розщеплення жирів ;
8151 ;10929 ;24 ;  ;Апаратник сатурації ;
8264 ;10937 ;47 ;  ;Апаратник сепарування й флотації ;
8153 ;10935 ;24 ;  ;Апаратник сепарування ;
8232 ;10947 ;27 ;  ;Апаратник силіконування ;
8154;;;;Апаратник синтезу вибухових речовин (спеціальні хімічні виробництва);
8154 ;10949 ;24 ;  ;Апаратник синтезу ;
9311 ;10963 ;  ;11 ;Апаратник солезбагачувальної установки ;
8221 ;10965 ;  ;25 ;Апаратник солеутворення ;
8159 ;10943 ;  ;19 ;Апаратник спалювання сірководню ;
8152 ;10941 ;24 ;  ;Апаратник спалювання ;
8232 ;10969 ;27 ;  ;Апаратник спікання ;
8232;10139;27;;Апаратник спінювання пінопластів;
8232 ;10140 ;27 ;  ;Апаратник спінювання полістиролу ;
8152 ;10971 ;24 ;  ;Апаратник сплавлення ;
8232 ;10974 ;27 ;  ;Апаратник стандартизації у виробництві пластичних мас ;
8151 ;10973 ;26 ;  ;Апаратник стандартизації ;
8271 ;10978 ;  ;9 ;Апаратник стерилізації консервів (виробництво м'ясних та рибних продуктів) ;
8275 ;10978 ;  ;9 ;Апаратник стерилізації консервів (виробництво фруктових та овочевих консервів)  ;
8272 ;10978 ;  ;9 ;Апаратник стерилізації консервів (молочне виробництво) ;
8270 ;  ;  ;  ;Апаратник стерилізації консервів. ;
8271 ;10980 ;  ;8 ;Апаратник стерилізації м'ясної сировини ;
8221 ;10976 ;  ;25 ;Апаратник стерилізації ;
8152 ;10120 ;24 ;  ;Апаратник сублімації ;
8275 ;10986 ;  ;9 ;Апаратник сульфітації овочів та фруктів ;
8154 ;10982 ;24 ;  ;Апаратник сульфування ;
8152 ;10990 ;48 ;  ;Апаратник сушильної установки ;
8152;;;;Апаратник сушіння (спеціальні хімічні виробництва);
8152 ;11002 ;  ;8 ;Апаратник сушіння випарених кісток ;
8152 ;11000 ;  ;8 ;Апаратник сушіння клею та желатину ;
8152 ;10996 ;30 ;  ;Апаратник сушіння та карбонізації лігніну та целолігніну ;
8224 ;10998 ;34 ;  ;Апаратник сушіння та окислення магнетиту ;
8112 ;- ;  ;5 ;Апаратник сушіння торфу та торфових виробів ;
8271 ;11005 ;  ;8 ;Апаратник сушіння яєчної маси ;
8152 ;10994 ;24 ;  ;Апаратник сушіння ;
8154 ;11007 ;  ;17 ;Апаратник талової установки ;
8162 ;11009 ;24 ;  ;Апаратник теплоутилізації ;
8271 ;11015 ;  ;8 ;Апаратник термічного оброблення ковбасних виробів ;
8271 ;11017 ;  ;8 ;Апаратник термічного оброблення м'ясопродуктів ;
8271 ;11019 ;  ;8 ;Апаратник термічного оброблення субпродуктів ;
8152 ;11011 ;30 ;  ;Апаратник термічної активації вугілля ;
8275 ;11013 ;  ;11 ;Апаратник термічної коагуляції білкових речовин ;
8232 ;11021 ;27 ;  ;Апаратник термовологого оброблення ;
8159 ;11023 ;  ;19 ;Апаратник термооброблення коксованої шихти ;
8232 ;11025 ;27 ;  ;Апаратник термооброблення пластмасових виробів ;
8264 ;11027 ;47 ;  ;Апаратник термооброблення тканини ;
8264 ;11029 ;47 ;  ;Апаратник терморелаксації пряжі ;
8264 ;11030 ;47 ;  ;Апаратник термостабілізації ;
8275 ;11032 ;  ;9 ;Апаратник томатосокового агрегата ;
8121 ;10129 ;  ;41 ;Апаратник у виробництві дорогоцінних металів ;
8129 ;  ;  ;  ;Апаратник у виробництві кольорових металів ;
8121 ;10131 ;  ;41 ;Апаратник у виробництві металевих порошків ;
8121 ;10133 ;  ;41 ;Апаратник у виробництві солей ;
8122 ;10135 ;  ;41 ;Апаратник у виробництві твердих сплавів і тугоплавких металів ;
8121 ;10137 ;  ;41 ;Апаратник у виробництві титану й рідкісних металів ;
8159 ;11038 ;32 ;  ;Апаратник уловлювання жирів ;
8278 ;11039 ;  ;11 ;Апаратник упарювання ;
8159 ;11049 ;55 ;  ;Апаратник установки виробництва вибільної землі ;
8271 ;11043 ;  ;8 ;Апаратник установки для відокремлення м'яса від кісток ;
8154 ;11047 ;24 ;  ;Апаратник установки дослідного виробництва ;
8159 ;11045 ;  ;40 ;Апаратник установки нейтрального газу ;
8159 ;  ;  ;62 ;Апаратник установок для подавлення радіоактивності та дезактивації ;
8271 ;11050 ;  ;8 ;Апаратник утилізації конфіскатів ;
8159 ;11041 ;33 ;  ;Апаратник ущільнення технічного вуглецю ;
8159 ;10437 ;25 ;  ;Апаратник фарбування галуну ;
8265 ;10334 ;48 ;  ;Апаратник фарбування й жирування шкір ;
8154 ;11052 ;26 ;  ;Апаратник фенілування ;
8275 ;11057 ;  ;11 ;Апаратник ферментації ефіроолійної сировини ;
8154 ;11055 ;30 ;  ;Апаратник ферментації затору ;
8221 ;11056 ;  ;25 ;Апаратник ферментації препаратів біосинтезу ;
8159 ;11059 ;28 ;  ;Апаратник фіксації ;
8153 ;11061 ;24 ;  ;Апаратник фільтрації ;
8159 ;11065 ;32 ;  ;Апаратник формування синтетичного каучуку ;
8159 ;11067 ;28 ;  ;Апаратник формування хімічного волокна ;
8159 ;11068 ;28 ;  ;Апаратник формування целофанової плівки ;
8232 ;11070 ;27 ;  ;Апаратник форполімеризації ;
8154 ;11072 ;24 ;  ;Апаратник фосгенування ;
8221 ;11074 ;  ;25 ;Апаратник фотохімічного синтезу ;
8159 ;11076 ;32 ;  ;Апаратник хемосорбції ;
8151 ;11079 ;  ;62 ;Апаратник хімводоочищення електростанції ;
8163 ;11078 ;  ;1 ;Апаратник хімводоочищення ;
8271 ;11081 ;  ;8 ;Апаратник хімічного оброблення технічної сировини ;
8221 ;11083 ;  ;25 ;Апаратник хімічного очищення препаратів біосинтезу ;
8264 ;11086 ;- ;  ;Апаратник хімічного чищення спецодягу ;
8264 ;11085 ;66 ;  ;Апаратник хімічного чищення ;
8264 ;11088 ;47 ;  ;Апаратник хлорування та станірування ;
8154 ;11087 ;24 ;  ;Апаратник хлорування ;
8153 ;11090 ;24 ;  ;Апаратник центрифугування ;
8221 ;11094 ;31 ;  ;Апаратник циклізації ;
8154 ;11092 ;24 ;  ;Апаратник ціанування ;
8264 ;11097 ;66 ;  ;Апаратник чищення килимових виробів ;
8264 ;11099 ;66 ;  ;Апаратник чищення пухо-пір'яних виробів ;
8159 ;10065 ;20 ;  ;Апаратник ;
8152 ;10111 ;26 ;  ;Апаратник-вальцевар ;
8224 ;10473 ;34 ;  ;Апаратник-відливальник кінофотооснови і техплівок ;
8224 ;10475 ;34 ;  ;Апаратник-відливальник магнітних стрічок ;
8224 ;10477 ;34 ;  ;Апаратник-відливальник плівки бутафоль ;
8121 ;10187 ;  ;41 ;Апаратник-гідрометалург ;
8224 ;10230 ;34 ;  ;Апаратник-дозувальник на виготовленні й поливанні фотоемульсії ;
8275 ;11106 ;  ;7 ;Апаратник-екстракторник ;
8154 ;10247 ;26 ;  ;Апаратник-заварювальник ;
8152 ;10285 ;26 ;  ;Апаратник-індуліновар ;
8275 ;10316 ;  ;11 ;Апаратник-комплекторник ;
8154 ;10320 ;48 ;  ;Апаратник-конденсаторник ;
8152 ;10344 ;26 ;  ;Апаратник-лаковар ;
8154 ;10385 ;48 ;  ;Апаратник-нейтралізаторник ;
8152 ;10443 ;26 ;  ;Апаратник-оліфовар ;
8224 ;10529 ;34 ;  ;Апаратник-підшарувальник фотоскла ;
8224 ;10538 ;34 ;  ;Апаратник-поливальник магнітних стрічок ;
8224 ;10540 ;34 ;  ;Апаратник-поливальник фотоемульсії ;
8152 ;10945 ;26 ;  ;Апаратник-сикативовар ;
8159 ;10939 ;20 ;  ;Апаратник-сірнильник ;
8154 ;10988 ;48 ;  ;Апаратник-сульфітувальник ;
8154 ;10984 ;48 ;  ;Апаратник-сульфувальник ;
8152 ;10992 ;  ;45 ;Апаратник-сушильник ;
8151 ;10331 ;26 ;  ;Апаратник-фарботерник ;
8152 ;11063 ;26 ;  ;Апаратник-фірнісовар ;
8265 ;11119 ;48 ;  ;Апретурник ;
2453.2 ;;;;Аранжувальник;
2454.2 ;- ;- ;  ;Аранжувальник балетний ;
2490;;;;Арбітр трудовий;
1210.1;;;;Арбітражний керуючий;
7214 ;11121 ;  ;64 ;Арматурник (будівельні, монтажні й ремонтно-будівельні роботи) ;
7214 ;11121 ;  ;35 ;Арматурник (виробництво залізобетонних і бетонних виробів та конструкцій) ;
7214 ;11123 ;  ;56 ;Арматурник залізобетонних суден ;
9322 ;11125 ;63 ;  ;Арматурник язичкових інструментів ;
7321 ;11132 ;45 ;  ;Армувальник електрокерамічних виробів ;
9321 ;11129 ;  ;45 ;Армувальник кабельних виробів ;
7321 ;11131 ;  ;34 ;Армувальник санітарно-будівельних виробів ;
9322 ;11134 ;  ;11 ;Ароматизаторник ;
3479;;;;Артист [артист-інструменталіст (за музичними інструментами) оркестру (ансамблю)] (з дипломом фахового молодшого бакалавра);
2454.2;;;;Артист (артист-соліст) [балету, хореографічного колективу, групи (за видами танцю)];
3479;;;;Артист (співак) (хору, ансамблю) (з дипломом фахового молодшого бакалавра);
2454.2 ;-;  ;84 ;Артист (танцювального ансамблю, танцювального та хорового колективу, ансамблю пісні й танцю та ін.) ;
2453.2 ;-;  ;84 ;Артист ансамблю (пісні й танцю, вокально-інструментального, вокального, естрадно-інструментального, хорового, народних інструментів та ін.) ;
3479 ;  ;  ;  ;Артист балету (з дипломом фахового молодшого бакалавра);
2453.2;;;;Артист оркестру [музичного ансамблю (за видами), соліст-інструменталіст (за музичними інструментами)];
2455.2 ;20156 ;  ;84 ;Артист розмовного жанру ;
2455.2 ;- ;- ;  ;Артист театру міміки та жесту (мімічного ансамблю) ;
2453.2;;;;Артист хору (соліст-вокаліст, співак);
3474;;;;Артист цирку (естради та ін.) (за жанрами);
2455.2 ;20104 ;  ;84 ;Артист, що веде концерт ;
2455.2 ;20140 ;- ;  ;Артист-конферансьє ;
2453.2;;;;Артист-тамбурмажор;
2442.2 ;20184 ;- ;  ;Археограф ;
2442.2 ;20187 ;- ;  ;Археолог ;
4141 ;20190 ;  ;1 ;Архіваріус ;
2431.2 ;20193 ;- ;  ;Архівіст ;
2141.2 ;  ;  ;  ;Архітектор з реставрації пам'яток архітектури та містобудування ;
2141.2 ;20196 ;  ;64, 87 ;Архітектор ;
3439;;;;Асистент;
2453.2;;;;Асистент (диригента, хормейстера, соліста-органіста);
3434 ;  ;  ;  ;Асистент актуарія ;
3111;;;;Асистент астронома;
2454.2 ;20200 ;  ;84 ;Асистент балетмейстера ;
3211 ;  ;  ;  ;Асистент біолога ;
3211;;;;Асистент біохіміка;
3340;;;;Асистент богослова;
3433 ;  ;  ;  ;Асистент бухгалтера-експерта ;
3330;;;;Асистент викладача професійної освіти;
3460 ;  ;  ;  ;Асистент вихователя виправно-трудового закладу ;
3330;;;;Асистент вихователя закладу дошкільної освіти;
3330;;;;Асистент вихователя закладу загальної середньої освіти;
3330;;;;Асистент вихователя соціального по роботі з дітьми з інвалідністю ;
3330;;;;Асистент вчителя;
3330 ;  ;  ;  ;Асистент вчителя спеціальної освіти ;
3330;;;80;Асистент вчителя-дефектолога;
3330 ;  ;  ;80 ;Асистент вчителя-логопеда ;
3330 ;- ;  ;80 ;Асистент вчителя-реабілітолога ;
3439 ;  ;  ;  ;Асистент географа (політична географія) ;
3439 ;  ;  ;  ;Асистент географа (фізична географія) ;
3439 ;  ;  ;  ;Асистент географа ;
3439 ;  ;  ;  ;Асистент географа-економіста ;
3111;;;;Асистент геолога;
3111;;;;Асистент геолога нафтогазорозвідки;
3111;;;;Асистент геофізика;
3111;;;;Асистент геохіміка;
3111;;;;Асистент гідрогеолога;
3212 ;  ;  ;  ;Асистент дресирувальника морських тварин ;
3434 ;  ;  ;  ;Асистент економіста-демографа ;
3434 ;  ;  ;  ;Асистент економіста-статистика ;
3226;;;78;Асистент ерготерапевта;
3132 ;20202 ;  ;82 ;Асистент звукооператора ;
3131 ;20205 ;  ;82 ;Асистент звукооформлювача ;
3131 ;20209 ;- ;  ;Асистент звукорежисера ;
3131 ;20212 ;  ;82 ;Асистент кінооператора ;
3131 ;- ;  ;82 ;Асистент кінорежисера анімаційних (мультиплікаційних) фільмів ;
3131 ;20215 ;  ;82 ;Асистент кінорежисера ;
3330;;;;Асистент майстра виробничого навчання;
3434 ;  ;  ;  ;Асистент математика ;
3111;;;;Асистент метеоролога;
3330;;;;Асистент педагога професійного навчання;
3340 ;  ;  ;5* ;Асистент педагога-валеолога ;
3433;;;;Асистент (помічник) аудитора;
3226;;;78;Асистент протезиста-ортезиста;
3111;;;;Асистент професіонала з інформаційного забезпечення геологорозвідувальних робіт;
2455.2 ;20228 ;- ;  ;Асистент режисера телебачення ;
2455.2 ;20227 ;  ;84 ;Асистент режисера ;
4115 ;- ;  ;1 ;Асистент референта ;
3439;;;;Асистент соціолога;
2455.2;;;;Асистент сценариста зі знімального процесу (скрипт-супервайзер);
2455.2;;;;Асистент сценариста (супервайзер) (кіновиробництво);
3132 ;20224 ;- ;  ;Асистент телеоператора ;
3228;;;78;Асистент фармацевта;
3439 ;  ;  ;  ;Асистент фахівця з міського та районного планування ;
3439 ;  ;  ;  ;Асистент фахівця з розміщення продуктивних сил та регіональної економіки ;
3111;;;;Асистент фізика;
3226;;;78;Асистент фізичного терапевта;
3211 ;  ;  ;  ;Асистент хіміка ;
2452.2 ;20233 ;  ;82 ;Асистент художника з комбінованих зйомок ;
2452.2 ;20230 ;  ;82 ;Асистент художника-мультиплікатора ;
2452.2 ;20236 ;  ;82 ;Асистент художника-постановника ;
3471 ;  ;  ;  ;Асистент художника-реставратора ;
3474 ;20237 ;  ;84 ;Асистент циркового номера, колективу ;
2310.2 ;20199 ;- ;  ;Асистент ;
8212 ;11136 ;  ;35 ;Аспіраторник ;
5151 ;- ;- ;  ;Астролог ;
2111.1 ;  ;  ;  ;Астроном ;
2111.1 ;  ;  ;  ;Астрофізик ;
8332 ;11140 ;  ;64 ;Асфальтобетонник ;
8152 ;11141 ;  ;64 ;Асфальтобетонник-варильник ;
8223 ;11138 ;  ;40 ;Асфальтувальник труб ;
3439 ;20239 ;- ;  ;Аташе ;
2411.2 ;- ;  ;1 ;Аудитор ;
2490;;;;Аудитор (за видами діяльності);
2419.2;;;;Аудитор безпеки автомобільних доріг;
2490;;;;Аудитор із сертифікації;
2213.2 ;;;;Аудитор із сертифікації (агроном-інспектор);
2139.2;;;;Аудитор інформаційних технологій (з кібербезпеки);
2139.2;;;;Аудитор програм інформаційних технологій;
2419.2;;;;Аудитор систем харчової безпеки;
2419.2;;;;Аудитор систем якості;
3460;;;;Аудіодискриптор (тифлокоментатор);
3417 ;  ;  ;  ;Аукціоніст (ліцитатор) ;
3142 ;20248 ;  ;67 ;Багермейстер ;
3142 ;20251 ;- ;  ;Багермейстер-капітан ;
3142 ;20254 ;  ;67 ;Багермейстер-наставник ;
8139 ;11157 ;  ;37 ;Бакелізаторник ;
8223 ;11159 ;  ;42 ;Бакелітник (просочувальник) ;
2211.2 ;20257 ;  ;25,10 ;Бактеріолог ;
7233 ;11161 ;  ;42 ;Балансувальник деталей та вузлів ;
7313 ;11165 ;  ;38 ;Балансувальник інструментів з алмазів та надтвердих матеріалів ;
8231 ;11166 ;33 ;  ;Балансувальник шин ;
8139 ;11163 ;  ;37 ;Балансувальник-заливальник абразивних кругів ;
2454.2;;;;Балетмейстер (балетмейстер-постановник);
2111.2 ;  ;  ;  ;Балістик ;
5143 ;  ;  ;  ;Бальзамувальник ;
7221 ;11170 ;  ;42 ;Бандажник ;
8282 ;11168 ;  ;45 ;Бандажувальник ;
8159 ;11174 ;  ;19 ;Барильєтник ;
5123 ;  ;  ;  ;Бариста ;
5123 ;  ;  ;67 ;Бармен судновий ;
5123 ;11176 ;  ;65 ;Бармен ;
8151 ;11178 ;  ;35 ;Басейник ;
7432 ;11180 ;47 ;  ;Батанник ;
6123 ;17521 ;  ;2 ;Бджоляр ;
7411 ;11188 ;  ;8 ;Беконник ;
8340 ;11190 ;  ;67 ;Береговий боцман ;
8340 ;11192 ;  ;67 ;Береговий матрос ;
8340 ;11194 ;  ;67 ;Береговий робітник ;
7123 ;11196 ;  ;64 ;Бетоняр ;
2432.2 ;20269 ;  ;81 ;Бібліограф ;
2432.2 ;20272 ;  ;81 ;Бібліотекар ;
8139 ;11186 ;  ;40 ;Бігунник змішувальних бігунів ;
9322 ;15389 ;48 ;  ;Білувальник сировини ;
2211.2 ;20275 ;  ;25 ;Біолог ;
2211.1 ;  ;  ;  ;Біолог-дослідник ;
2122.2 ;  ;  ;  ;Біометрист ;
2211.2 ;  ;  ;  ;Біотехнолог ;
2211.2 ;20276 ;- ;  ;Біофізик ;
2212.2 ;20278 ;  ;25, 10 ;Біохімік ;
8274 ;11198 ;  ;11 ;Бісквітник ;
8151 ;11200 ;  ;36 ;Бітумник ;
8152;;;;Бітумувальник-парафінувальник (спеціальні хімічні виробництва);
8275 ;11202 ;  ;7 ;Бланшувальник ;
7322 ;11204 ;44 ;  ;Блокувальник скловиробів ;
7213 ;11945 ;  ;42 ;Бляхар ;
2310.2;;;;Богослов;
8290 ;- ;- ;  ;Боєць (газорятівник) ;
7422 ;11208 ;  ;16 ;Бондар ;
9322 ;11209 ;26 ;  ;Бондар-закупорювач (виробництво поліграфічних фарб) ;
7422 ;11209 ;  ;7 ;Бондар-закупорювач (виробництво харчової продукції) ;
3143 ;11212 ;73 ;  ;Бортмеханік ;
3143 ;  ;  ;68 ;Бортовий оператор-інструктор автоматизованої системи льотного контролю ;
3143 ;11214 ;  ;68 ;Бортоператор вантажних літаків ;
7136 ;11213 ;  ;21 ;Бортоператор з перевірки магістральних трубопроводів ;
3143 ;- ;  ;68 ;Бортоператор ;
5111 ;  ;  ;67 ;Бортпровідник судновий ;
5111 ;11217 ;  ;68 ;Бортпровідник ;
3132 ;11218 ;  ;68 ;Бортрадист ;
3143 ;11219 ;  ;68 ;Бортштурман ;
2211.2 ;  ;  ;  ;Ботанік ;
8340 ;  ;  ;  ;"Боцман судна змішаного плавання ""ріка-море"" (боцман-моторист, боцман-електрозварник) ";
8340 ;11220 ;  ;67 ;Боцман ;
7129 ;11241 ;  ;66 ;Бригадир (звільнений) з поточного утримання й ремонту колій та штучних споруд ;
7233;;;;Бригадир (звільнений) підприємств залізничного транспорту;
7233;;;;Бригадир (звільнений) підприємств метрополітенів;
8121 ;11221 ;  ;40 ;Бригадир бункерів ;
8124 ;11222 ;  ;40 ;Бригадир бурильного відділення ;
8122 ;11248 ;  ;40 ;Бригадир відділення відцентрових машин ;
8124 ;11246 ;  ;40 ;Бригадир відділення калібрування, волочіння та шліфування металу ;
8121 ;11223 ;  ;40 ;Бригадир двору виливниць ;
8124 ;11265 ;  ;40 ;Бригадир дільниці пресів-розширювачів ;
7211 ;11267 ;  ;40 ;Бригадир дільниці приготування формувальної суміші ;
8124 ;11269 ;  ;40 ;Бригадир дільниці станів холодної прокатки труб ;
7215 ;11251 ;  ;40 ;Бригадир з переміщення сировини, напівфабрикатів і готової продукції у процесі виробництва ;
7221 ;11224 ;  ;40 ;Бригадир заготівельного відділення ;
8123 ;11228 ;  ;40 ;Бригадир колодязів сповільненого охолодження металу ;
7221 ;11230 ;  ;40 ;Бригадир молотового відділення ;
7212 ;11231 ;  ;40 ;Бригадир муфтозварювального відділення ;
7431 ;11237 ;  ;1 ;Бригадир на дільницях основного виробництва (виготовлення волокон) ;
7442 ;11237 ;  ;1 ;Бригадир на дільницях основного виробництва (виробництво взуття) ;
7346 ;11237 ;  ;1 ;Бригадир на дільницях основного виробництва (друкування на тканинах) ;
8990 ;11237 ;  ;1 ;Бригадир на дільницях основного виробництва (інші виробництва) ;
7990 ;11237 ;  ;1 ;Бригадир на дільницях основного виробництва (інші кваліфіковані роботи) ;
6190;;;;Бригадир на дільницях основного виробництва (інші сільськогосподарські робітники та рибалки);
7433 ;11237 ;  ;13 ;Бригадир на дільницях основного виробництва (кравецькі, капелюшні роботи) ;
7434 ;11237 ;  ;1 ;Бригадир на дільницях основного виробництва (кушнірські роботи) ;
8121 ;  ;  ;1 ;Бригадир на дільницях основного виробництва (металургія) ;
7435 ;11237 ;  ;13 ;Бригадир на дільницях основного виробництва (моделювання та закрій одягу) ;
7413 ;11237 ;  ;1 ;Бригадир на дільницях основного виробництва (молочне виробництво) ;
7437 ;11237 ;  ;1 ;Бригадир на дільницях основного виробництва (оббивка) ;
7432 ;11237 ;  ;1 ;Бригадир на дільницях основного виробництва (текстильне виробництво) ;
7412 ;11237 ;  ;1 ;Бригадир на дільницях основного виробництва (хлібопекарне та кондитерське виробництво) ;
7436 ;11237 ;  ;13 ;Бригадир на дільницях основного виробництва (швацьке виробництво) ;
7441 ;11237 ;  ;1 ;Бригадир на дільницях основного виробництва (шкіряне виробництво) ;
7214 ;11233 ;  ;40 ;Бригадир на обробленні, сортуванні, прийманні, здаванні, пакетуванні та пакуванні металу й готової продукції ;
8211 ;11239 ;  ;40 ;Бригадир обдирно-зачисного відділення ;
8211 ;11244 ;  ;40 ;Бригадир огляду й механічного оброблення коліс ;
8211 ;11250 ;  ;40 ;Бригадир підготовчого відділення ;
8340 ;11253 ;- ;  ;Бригадир поста судноплавної обстановки ;
8340 ;11226 ;- ;  ;Бригадир розвідувальної руслової партії ;
8121 ;11255 ;  ;40 ;Бригадир розливальних машин ;
8121 ;11257 ;  ;40 ;Бригадир розроблення шлакового відвалу ;
8121 ;11259 ;  ;40 ;Бригадир рудного двору ;
8124 ;11263 ;  ;40 ;Бригадир трубоволочильного відділення ;
8121 ;11270 ;  ;40 ;Бригадир шихтового двору у сталеплавильному та феросплавному виробництвах ;
7241 ;11235 ;  ;40 ;Бригадир-настроювач трубоелектрозварювальних станів ;
8212 ;11274 ;38 ;  ;Брикетувальник формувальної маси ;
8159 ;11272 ;  ;43 ;Брикетувальник ;
8272 ;11286 ;  ;8 ;Бринзороб ;
7413 ;11287 ;  ;8 ;Бринзороб-майстер ;
3411 ;- ;  ;1 ;Брокер ;
8211 ;11276 ;  ;45 ;Бронеобмотувальник проводів ;
7312 ;11280 ;  ;59 ;Бронзувальник рам клавішних інструментів ;
8251 ;11278 ;59 ;  ;Бронзувальник ;
8211 ;11282 ;  ;45 ;Бронювальник кабелів ;
7345 ;11284 ;59 ;  ;Брошурувальник ;
7129 ;14703 ;  ;64 ;Бруківник ;
2145.2 ;24887 ;  ;  ;Будівельник суден ;
4213 ;- ;  ;  ;Букмекер ;
8121 ;11290 ;  ;40 ;Бункерувальник доменних печей ;
8112 ;11289 ;  ;1 ;Бункерувальник ;
8113 ;  ;  ;  ;Бурильник (будівельні роботи) ;
8113 ;11297 ;  ;6 ;Бурильник експлуатаційного та розвідувального буріння свердловин на нафту та газ ;
8113 ;11292 ;  ;6 ;Бурильник капітального ремонту свердловин ;
8113 ;11294 ;  ;6 ;Бурильник плавучого бурильного агрегата в морі ;
8113 ;11295 ;  ;5 ;Бурильник шпурів ;
7414 ;11298 ;  ;7 ;Буртоукладач ;
7331 ;11300 ;  ;84 ;Бутафор ;
5123 ;  ;  ;67 ;Буфетник судновий ;
5123 ;11301 ;  ;65 ;Буфетник ;
2411.2;20281;;1;Бухгалтер (з дипломом магістра);
3433 ;20281 ;  ;1 ;Бухгалтер ;
2411.2 ;20287 ;- ;  ;Бухгалтер-експерт ;
2411.2 ;20284 ;  ;1 ;Бухгалтер-ревізор ;
9411 ;11422 ;  ;1 ;Вагар ;
9322 ;11423 ;  ;50 ;Вагар-обліковець ;
8333 ;11307 ;  ;5 ;Вагонетник повітряно-канатної дороги ;
8224 ;11305 ;34 ;  ;Вагонетник ;
8212 ;11309 ;  ;36 ;Вагранник (виробництво теплоізоляційних матеріалів) ;
8122 ;11309 ;  ;42 ;Вагранник (ливарні роботи) ;
9322 ;11315 ;44 ;  ;Вакуумник термосних колб ;
7322 ;11316 ;44 ;  ;Вакуумник триплексу та блоків ;
8340 ;11313 ;73 ;  ;Вакуумник ;
8139 ;11311 ;45 ;  ;Вакуум-пресувальник керамічної маси та заготовок ;
6141 ;  ;  ;  ;Вальник лісу ;
8279 ;11318 ;55 ;  ;Вальцювальник (тютюново-махоркове виробництво) ;
8159 ;11318 ;24 ;  ;Вальцювальник (хімічне виробництво) ;
7221 ;11318 ;  ;42 ;Вальцювальник (холодноштампувальні роботи) ;
8229 ;11320 ;43 ;  ;Вальцювальник гідроізоляційних матеріалів ;
9322 ;11322 ;  ;51 ;Вальцювальник голок ;
7221 ;11324 ;  ;42 ;Вальцювальник гольчастих роликів і кульок ;
8231 ;11342 ;33 ;  ;Вальцювальник гумових сумішей ;
7311 ;11339 ;  ;50 ;Вальцювальник дроту для спіралей ;
8122 ;11337 ;  ;40 ;Вальцювальник із складання та перевалки клітей ;
8159;;;;Вальцювальник ізоляційних покриттів;
8124 ;11326 ;  ;40 ;Вальцювальник калібрувального стана ;
9322 ;11328 ;20 ;  ;Вальцювальник керамічної плівки ;
8221 ;11331 ;  ;26 ;Вальцювальник косметичної маси ;
8139 ;11333 ;  ;37 ;Вальцювальник маси на вулканітовій зв'язці ;
8124 ;11335 ;  ;40 ;Вальцювальник обкатної машини ;
8122 ;11340 ;  ;40 ;Вальцювальник профілевигинального агрегата ;
7412 ;11352 ;  ;7 ;Вальцювальник сировини та напівфабрикатів ;
8124 ;11344 ;  ;40 ;Вальцювальник стана гарячого прокату труб ;
8122 ;11345 ;  ;40 ;Вальцювальник стана гарячого прокату ;
8124 ;11347 ;  ;40 ;Вальцювальник стана пічного зварювання труб ;
8124 ;11349 ;  ;40 ;Вальцювальник стана холодного прокату труб ;
8122 ;11350 ;  ;40 ;Вальцювальник стана холодного прокату ;
8124 ;11354 ;  ;40 ;Вальцювальник трубоформувального стана ;
8122 ;11357 ;  ;41 ;Вальцювальник холодного металу ;
8265 ;11329 ;48 ;  ;Вальцювальник шкіряних матеріалів ;
8269 ;11361 ;47 ;  ;Валяльник ;
9333 ;  ;  ;  ;Вантажник біовідходів ;
9333 ;11768 ;  ;1 ;Вантажник ;
8154 ;12282 ;  ;64 ;Вапногасильник ;
8221 ;18756 ;  ;25 ;Варильник живильного середовища ;
8112 ;11397 ;  ;5 ;Варильник торфомаси ;
8264 ;11363 ;47 ;  ;Варильник хімічних сполук для варіння відходів ;
8264 ;11366 ;47 ;  ;Варник апрету ;
8212 ;11368 ;  ;64 ;Варник асфальтової маси ;
8142 ;11402 ;  ;17 ;Варник бавовни ;
8212 ;11370 ;43 ;  ;Варник бітуму ;
8151 ;11373 ;  ;17 ;Варник воскової, клейової маси та просочувальної суміші ;
8142 ;11398 ;  ;17 ;Варник ганчір'я ;
8212 ;11375 ;  ;35 ;Варник гіпсу ;
8272 ;11377 ;  ;8 ;Варник глазурі ;
8221 ;11409 ;55 ;  ;Варник екстракту солодкового кореня ;
8152 ;11410 ;  ;45 ;Варник електроізоляційних лаків, смол та мастик ;
8152 ;11381 ;  ;45 ;Варник кабельної маси ;
8221 ;11382 ;  ;26 ;Варник косметичної маси ;
8122 ;11384 ;  ;41 ;Варник ливарних мастил ;
8122 ;11386 ;  ;40 ;Варник пеку ;
8131 ;11379 ;44 ;  ;Варник рідкого скла ;
8159 ;11390 ;20 ;  ;Варник селену ;
8275 ;11392 ;  ;7 ;Варник сиропів, соків та екстрактів ;
8152 ;11394 ;  ;1 ;Варник смолки ;
8152 ;11395 ;  ;45 ;Варник суспензій ;
8271 ;11388 ;  ;7 ;Варник харчової сировини та продуктів (виробництво м'ясних та рибних продуктів) ;
8275 ;11388 ;  ;7 ;Варник харчової сировини та продуктів (виробництво фруктових та овочевих консервів) ;
8274 ;11388 ;  ;7 ;Варник харчової сировини та продуктів (кондитерське виробництво) ;
8270 ;  ;  ;  ;Варник харчової сировини та продуктів ;
8142 ;11400 ;  ;17 ;Варник хімічної деревної маси ;
8142 ;11404 ;  ;17 ;Варник целюлози ;
8265 ;11406 ;48 ;  ;Варник шубного шматка ;
8265 ;11407 ;48 ;  ;Варник щетини та волосу ;
8152 ;11365 ;30 ;  ;Варник ;
8262 ;11412 ;47 ;  ;Ватинник ;
8272 ;11414 ;  ;8 ;Вафельник (виробництво морозива) ;
8272 ;11414 ;  ;11 ;Вафельник (кондитерське виробництво) ;
2451.2 ;20294 ;  ;83 ;Ведучий програми ;
8269 ;11416 ;47 ;  ;Велюрник ;
8141 ;11418 ;  ;16 ;Вентильовий гідравлічного преса ;
8211 ;18784 ;  ;53 ;Верстатник бляшано-банкового устаткування ;
7423 ;18807 ;  ;16 ;Верстатник вусувального верстата ;
7423 ;18783 ;  ;16 ;Верстатник деревообробних верстатів ;
8211 ;18792 ;  ;41 ;Верстатник з механічного оброблення електродної продукції ;
8240 ;  ;  ;16 ;Верстатник з нанесення фосфорної маси на картон ;
8221 ;18798 ;20 ;  ;Верстатник з оброблення кераміки ;
8211 ;18794 ;  ;41 ;Верстатник з оброблення твердосплавної продукції ;
8240 ;  ;  ;16 ;Верстатник картонорізального верстата ;
9322 ;18786 ;  ;16 ;Верстатник клеєнаносного верстата ;
8240 ;  ;  ;3 ;Верстатник корувального верстата ;
8141 ;- ;  ;16 ;Верстатник лущильного верстата ;
7423 ;18790 ;40 ;  ;Верстатник навивального верстата ;
7423 ;18801 ;  ;16 ;Верстатник ребросклеювального верстата ;
8240 ;  ;  ;16 ;Верстатник соломкорубального верстата ;
8240 ;18803 ;  ;59 ;Верстатник спеціальних деревообробних верстатів ;
8211 ;18805 ;  ;59 ;Верстатник спеціальних металообробних верстатів ;
8211 ;18809 ;  ;42 ;Верстатник широкого профілю ;
8240 ;18810 ;  ;3 ;Верстатник шпалорізного верстата ;
8211;;;;Верстатник-ізолювальник;
8121 ;11420 ;7 ;  ;Верховий доменної печі ;
7129 ;  ;  ;  ;Верхолаз ;
7442 ;15393 ;48 ;  ;Взуттьовик з індивідуального пошиття взуття ;
7442 ;15396 ;48 ;  ;Взуттьовик з пошиття ортопедичного взуття ;
7442 ;15398 ;48 ;  ;Взуттьовик з ремонту взуття ;
7442 ;15399 ;- ;  ;Взуттьовик з ремонту спецвзуття ;
8232 ;11505 ;27 ;  ;Вибивальник блоків міпори ;
8131 ;11507 ;45 ;  ;Вибивальник виробів із гіпсових форм ;
9322 ;11504 ;  ;42 ;Вибивальник відливок ;
9322 ;11502 ;  ;7 ;Вибивальник м'якої тари ;
8276 ;11509 ;  ;11 ;Вибивальник рафінадних голів ;
8121 ;11511 ;  ;41 ;Вибивальник титанової губки ;
8264 ;16279 ;47 ;  ;Вибільник (текстильне виробництво) ;
7411 ;16281 ;  ;10 ;Вибільник агарового холодцю ;
8274 ;16283 ;55 ;  ;Вибільник коагуляту ;
8142 ;16279 ;  ;17 ;Вибілювальник (виробництво целюлози) ;
7313 ;11515 ;  ;50 ;Вибірник каменів ;
8159 ;11517 ;25 ;  ;Вибірник металевого натрію ;
7414 ;11519 ;55 ;  ;Вибірник солодкового кореня ;
8131 ;11524 ;45 ;  ;Вибірник фарфорових, фаянсових та керамічних виробів ;
9322 ;11513 ;59 ;  ;Вибірник ;
8121 ;11521 ;  ;40 ;Вибірник-сортувальник вогнетривкого брухту ;
9311 ;11522 ;  ;5 ;Вибірник-укладальник каменя ;
8261 ;11531 ;47 ;  ;Вивантажувач бавовни ;
8159 ;11532 ;32 ;  ;Вивантажувач блоків полімеру ;
8212 ;11538 ;  ;35 ;Вивантажувач вапна з печей ;
8131 ;11541 ;  ;40 ;Вивантажувач вогнетривких матеріалів з печей ;
9311 ;11534 ;  ;5 ;Вивантажувач гарячого агломерату ;
9311 ;11540 ;  ;5 ;Вивантажувач миш'яку ;
9311 ;11543 ;  ;5 ;Вивантажувач на відвалах ;
9311 ;11545 ;  ;5 ;Вивантажувач пилу ;
8212 ;11546 ;42 ;  ;Вивантажувач шахтових печей ;
8212 ;12288 ;38 ;  ;Виготовлювач азбометалевих виробів ;
8232 ;12363 ;27 ;  ;Виготовлювач багатошарових панелей ;
8232 ;12294 ;27 ;  ;Виготовлювач блоків пінополіуретану ;
8143 ;- ;  ;17 ;Виготовлювач виливаних паперових виробів ;
8232 ;12319 ;27 ;  ;Виготовлювач виробів із спінювальних матеріалів ;
8232 ;12325 ;27 ;  ;Виготовлювач виробів методом намотування ;
8232 ;12306 ;  ;57 ;Виготовлювач декоративних елементів меблів ;
8232 ;12310 ;27 ;  ;Виготовлювач деталей та вузлів трубопроводів з пластмас ;
8151 ;12314 ;29 ;  ;Виготовлювач звукопоглинальних клинів ;
8231 ;12340 ;33 ;  ;Виготовлювач кілець ;
8229;;;;Виготовлювач корпусів і обтікачів (спеціальні хімічні виробництва) ;
7346 ;12347 ;  ;13 ;Виготовлювач лекал (швацьке виробництво) ;
8231 ;12365 ;33 ;  ;Виготовлювач молдингів ;
8231 ;12355 ;33 ;  ;Виготовлювач мочаних виробів ;
7436 ;  ;  ;  ;Виготовлювач м'яких іграшок ;
8212 ;12374 ;38 ;  ;Виготовлювач набивок ;
7411 ;12378 ;  ;8 ;Виготовлювач натуральної ковбасної оболонки ;
8229;;;;Виготовлювач оправ спеціальних виробів;
8229;;;;Виготовлювач паперових гільз (спеціальні хімічні виробництва);
8232 ;12393 ;27 ;  ;Виготовлювач пластмасової апаратури ;
7313 ;  ;  ;  ;Виготовлювач препаратів дорогоцінних металів та люстрів ;
8232 ;12401 ;27 ;  ;Виготовлювач пресувальних матеріалів ;
8159;12403;25;;Виготовлювач пристроїв для вирощування монокристалів;
8142 ;- ;  ;17 ;Виготовлювач рівняльників та циліндрів ;
7221;;;;Виготовлювач сильфонів;
8151 ;12435 ;29 ;  ;Виготовлювач склоблоків ;
8232 ;12441 ;29 ;  ;Виготовлювач склопластикових виробів намотуванням ;
8232 ;12439 ;29 ;  ;Виготовлювач склопластикових гребних гвинтів ;
8229;;;;Виготовлювач спеціальних виробів (спеціальні хімічні виробництва);
8232;;;;Виготовлювач спеціальних виробів з полімерних композиційних матеріалів намотуванням;
8222 ;12433 ;40 ;  ;Виготовлювач спеціальних сірників ;
8232;12353;27;;Виготовлювач стрічки з фторопласту;
8232 ;12463 ;27 ;  ;Виготовлювач труб з фторопласту ;
8232 ;12462 ;27 ;  ;Виготовлювач труб ;
9321 ;12470 ;29 ;  ;Виготовлювач фольгованих склоплит ;
8232 ;12472 ;27 ;  ;Виготовлювач форм (виробництво виробів з органічного скла) ;
8232 ;12487 ;27 ;  ;Виготовлювач художніх виробів з пластмас ;
8232 ;12491 ;27 ;  ;Виготовлювач целулоїдних кілець ;
8229;;;;Виготовлювач чохлів;
7332 ;  ;  ;  ;Виготовлювач чучел ;
7423 ;12493 ;  ;57 ;Виготовлювач шаблонів ;
8159;;;;Виготовлювач шнурових виробів;
7411 ;12327 ;  ;8 ;Виготовлювач штучної ковбасної оболонки ;
9322 ;11526 ;47 ;  ;Вигрібальник костриці ;
9322 ;11528 ;47 ;  ;Вигрібальник пачосів ;
8261 ;11529 ;47 ;  ;Вигрібальник пуху та відходів ;
7322 ;11548 ;44 ;  ;Видувальник скловиробів ;
8231 ;11550 ;33 ;  ;Виймальник варильних камер ;
2351.2 ;24420 ;- ;  ;Викладач (методи навчання) ;
2310.2 ;;;;Викладач закладу вищої освіти ;
2321;;;;Викладач закладу професійної освіти;
2322;;;;Викладач закладу фахової передвищої освіти;
2322;;;;Викладач мистецьких дисциплін (за видами);
2320;;;;Викладач мистецького ліцею;
3340 ;  ;  ;  ;Викладач мистецької школи (за видами навчальних дисциплін);
2320 ;- ;- ;  ;Викладач театральних дисциплін ;
2320 ;- ;- ;  ;Викладач хореографічних дисциплін ;
2320 ;- ;- ;  ;Викладач хорових дисциплін ;
2310.2;;;;Викладач-стажист;
1223.2 ;24435 ;  ;67 ;Виконавець днопоглиблювальних робіт ;
5139 ;12563 ;- ;  ;Виконавець доручень бюро побутових послуг ;
1223.2 ;24438 ;- ;  ;Виконавець капітальних виправних та колійних робіт ;
1221.2 ;  ;  ;2 ;Виконавець робіт (водне господарство) ;
1223.2 ;24444 ;  ;6 ;Виконавець робіт вишкобудування ;
1223.2 ;24447 ;-;  ;Виконавець робіт з ремонту та налагодження енергетичного устаткування ;
1223.2 ;24441 ;  ;64 ;Виконавець робіт ;
5312;;;;Виконавець художньо-оформлювальних робіт;
1143.4 ;- ;  ;85 ;Виконавчий директор федерації виду спорту ;
1229.1 ;  ;  ;  ;Виконавчий директор Фонду ;
7341 ;16379 ;59 ;  ;Виливальник валиків ;
7342 ;16377 ;59 ;  ;Виливальник ;
8121 ;11559 ;  ;41 ;Виливальник-заливальник металу ;
8224 ;12503 ;34 ;  ;Вимірювач білкової оболонки ;
7311 ;12505 ;20 ;  ;Вимірювач випрямлячів та елементів ;
7311 ;12515 ;20 ;  ;Вимірювач електричних параметрів мікромодулів ;
7311 ;12516 ;20 ;  ;Вимірювач електричних параметрів радіодеталей ;
7311 ;12518 ;20 ;  ;Вимірювач електрофізичних параметрів ;
8290 ;12507 ;  ;7 ;Вимірювач ємностей ;
7311 ;12511 ;20 ;  ;Вимірювач магнітних властивостей ;
5149 ;  ;  ;  ;Вимірювач об'єктів нерухомого майна ;
5141 ;12513 ;- ;  ;Вимірювач фізичних даних людини ;
7434 ;12509 ;48 ;  ;Вимірювач шкіряно-хутряної сировини та матеріалу ;
6112 ;11439 ;  ;2 ;Виноградар ;
6112 ;  ;  ;  ;Винороб ;
8112 ;15157 ;  ;5 ;Випалювач (агломерація) ;
8131 ;15157 ;65 ;  ;Випалювач (виробництво художніх виробів) ;
8212 ;15167 ;  ;35 ;Випалювач вапна ;
8131 ;15169 ;  ;34 ;Випалювач виробів будівельної кераміки ;
8122 ;15183 ;  ;40 ;Випалювач відходів металу ;
8152 ;15163 ;  ;61 ;Випалювач графітових стрижнів ;
9212 ;11552 ;  ;3 ;Випалювач деревного вугілля ;
8152 ;15199 ;  ;45 ;Випалювач електровугільних виробів ;
8131 ;15197 ;45 ;  ;Випалювач електрокерамічних виробів ;
8223 ;15201 ;  ;42 ;Випалювач емалі ;
9322 ;15165 ;  ;60 ;Випалювач іграшок ;
8152 ;15171 ;26 ;  ;Випалювач керамічних пігментів ;
8159 ;15173 ;20 ;  ;Випалювач ламп ;
8159 ;15189 ;65 ;  ;Випалювач малювального вугілля ;
7346 ;11555 ;47 ;  ;Випалювач малюнків ;
8231 ;15175 ;33 ;  ;Випалювач масивних шин ;
8131 ;15177 ;45 ;  ;Випалювач матеріалів ;
8152 ;15179 ;26 ;  ;Випалювач металевої тари ;
8131 ;15181 ;  ;40 ;Випалювач на печах ;
7331 ;11554 ;65 ;  ;Випалювач по дереву ;
8159 ;15185 ;28 ;  ;Випалювач прядильних деталей ;
8159 ;15187 ;20 ;  ;Випалювач радіокераміки, п'єзокераміки та феритів ;
8152 ;15191 ;  ;45 ;Випалювач слюди ;
8131 ;15193 ;  ;35 ;Випалювач стінових та в'яжучих матеріалів ;
8131 ;15159 ;44 ;  ;Випалювач у виробництві скла ;
8212 ;15161 ;  ;36 ;Випалювач у виробництві теплоізоляційних матеріалів ;
8131 ;15195 ;45 ;  ;Випалювач фарфорових та фаянсових виробів ;
7331 ;11561 ;65 ;  ;Випарювальник капокореня ;
8142 ;11564 ;  ;17 ;Випарювальник луговини ;
8152 ;11563 ;  ;11 ;Випарювальник солі ;
8139 ;12567 ;  ;37 ;Випробувач абразивів ;
7242 ;12569 ;  ;55 ;Випробувач агрегатів, приладів та чутливих елементів ;
8163 ;12571 ;  ;1 ;Випробувач балонів ;
8229;;;;Випробувач боєприпасів;
7311 ;12576 ;20 ;  ;Випробувач вакуумних покриттів (тонких плівок) ;
7241;;;;Випробувач вимірювальних систем;
7233 ;12597 ;  ;42 ;Випробувач герметичності ;
8231 ;12601 ;33 ;  ;Випробувач гумових виробів ;
7231 ;12580 ;  ;42 ;Випробувач двигунів ;
7311 ;12582 ;20 ;  ;Випробувач деталей та приладів ;
7241 ;12585 ;  ;45 ;Випробувач джерел струму ;
7241 ;12612 ;  ;45 ;Випробувач електричних машин, апаратів та приладів  ;
7241 ;12616 ;  ;45 ;Випробувач електровугільних виробів ;
7241 ;12614 ;45 ;  ;Випробувач електрокерамічних виробів ;
8229;;;;Випробувач елементів боєприпасів, вибухових речовин та піротехнічних виробів (спеціальні хімічні виробництва);
7313 ;12584 ;  ;38 ;Випробувач інструментів з алмазів та надтвердих матеріалів ;
9322;;;;Випробувач кабелів та спеціальної апаратури;
8139 ;12587 ;  ;40 ;Випробувач карборундових стрижнів ;
8231 ;12589 ;33 ;  ;Випробувач кілець ;
8290 ;12593 ;  ;44 ;Випробувач металевих канатів та ланцюгів ;
8122 ;12591 ;  ;40 ;Випробувач металу ;
9322 ;12574 ;  ;17 ;Випробувач паперових мішків ;
9322 ;12599 ;  ;45 ;Випробувач проводів та кабелів ;
7442 ;12600 ;- ;  ;Випробувач протезно-ортопедичних виробів ;
7311 ;12603 ;20 ;  ;Випробувач селенового виробництва ;
7322 ;12607 ;44 ;  ;Випробувач скловиробів ;
8232 ;12605 ;29 ;  ;Випробувач скловолокнистих матеріалів та склопластиків ;
7239;;;;Випробувач спеціальних виробів на вогневих стендах;
7239;;;;Випробувач спеціальних виробів на пневмогідравлічних стендах;
7239;;;;Випробувач стартово-стендових систем;
7249 ;  ;  ;  ;Випробувач у виробництві електротехнічних машин і апаратури ;
7249;;;;Випробувач-електрик ракетних рідинних двигунів та їх агрегатів;
7241;;;;Випробувач-лаборант ракетних рідинних двигунів та їх агрегатів;
7232 ;12595 ;  ;55 ;Випробувач-механік двигунів ;
7241 ;12610 ;  ;45 ;Випробувач-формувальник ;
2451.2 ;;  ;18, 83 ;Редактор випусковий;
7441 ;11568 ;48 ;  ;Вирівнювальник товщини деталей та напівфабрикатів ;
7332 ;11566 ;65 ;  ;Вирівнювальник шкіряних деталей ;
7432 ;11570 ;47 ;  ;Вирізальник фестонів ;
7411 ;12447 ;  ;8 ;Вироби и к струн ;
8139 ;12284 ;  ;37 ;Виробник абразивних дисків та полірувальних виробів ;
9321 ;12286 ;  ;37 ;Виробник абразивних пилок ;
7422 ;12290 ;  ;52 ;Виробник берд ;
9322 ;12292 ;  ;35 ;Виробник блоків та панелей з цегли ;
9322 ;12295 ;  ;48 ;Виробник бужів та катетерів ;
7332 ;12321 ;65 ;  ;Виробник виробів з тканини з художнім розмалюванням  ;
8139 ;12323 ;  ;37 ;Виробник виробів із шліфувальної шкурки ;
8221 ;12299 ;31 ;  ;Виробник вітамінних соків ;
8221 ;12301 ;31 ;  ;Виробник гіпсових бинтів ;
9322 ;12303 ;  ;9 ;Виробник глазурованих фруктів ;
8269 ;12468 ;47 ;  ;Виробник гнотів ;
7312 ;12304 ;63 ;  ;Виробник голосових планок ;
7312 ;12308 ;63 ;  ;Виробник деталей для духових інструментів ;
8139 ;12312 ;44 ;  ;Виробник джгутів ;
8232 ;12501 ;  ;45 ;Виробник електроізоляційних трубок ;
6152 ;12380 ;  ;4 ;Виробник знарядь лову ;
7331 ;12317 ;  ;84 ;Виробник ігрових ляльок ;
8272 ;12329 ;  ;8 ;Виробник казеїну ;
7321 ;12332 ;45 ;  ;Виробник капів ;
9322 ;12334 ;  ;42 ;Виробник каркасів ;
8221 ;12336 ;31 ;  ;Виробник кетгуту ;
8152 ;12342 ;  ;7 ;Виробник кісткового вугілля ;
8274 ;12343 ;  ;11 ;Виробник кукурудзяних паличок ;
9322 ;12345 ;  ;8 ;Виробник лайки ;
8266 ;12347 ;48 ;  ;Виробник лекал (легка промисловість) ;
7442 ;12356 ;48 ;  ;Виробник макетів матриць ;
8290 ;12358 ;  ;44 ;Виробник металорукавів, гнучких валів та бронеспіралей ;
8151 ;12360 ;  ;45 ;Виробник мікрофонних порошків ;
8211 ;12361 ;  ;45 ;Виробник мішурної нитки ;
7312 ;12367 ;  ;59 ;Виробник молоточків для клавішних інструментів ;
8272 ;12369 ;  ;8 ;Виробник морозива ;
8261 ;12297 ;47 ;  ;Виробник мотузяних виробів ;
7312 ;12371 ;  ;59 ;Виробник музичних інструментів за індивідуальними замовленнями ;
7411 ;12372 ;  ;8 ;Виробник м'ясних напівфабрикатів ;
8271 ;12397 ;  ;8 ;Виробник напівфабрикатів з м'яса птиці ;
7311 ;12385 ;  ;48 ;Виробник окулярних оправ ;
7233 ;12382 ;  ;52 ;Виробник оснащення для жакардових машин ;
8269 ;12383 ;47 ;  ;Виробник основи валяльно-повстяних виробів ;
9322 ;12330 ;  ;11 ;Виробник очеретяних матів ;
8264 ;12387 ;47 ;  ;Виробник парафінових кілець ;
8271 ;12389 ;  ;8 ;Виробник перо-пухових виробів ;
9322 ;12395 ;47 ;  ;Виробник підборів та гужиків ;
8221 ;12405 ;31 ;  ;Виробник пробок ;
8131 ;12407 ;45 ;  ;Виробник профільних заготовок ;
9322 ;12408 ;  ;48 ;Виробник пульпоекстракторів ;
8229 ;12410 ;35 ;  ;Виробник ранту ;
9322 ;12412 ;  ;52 ;Виробник реміз ;
8273 ;12414 ;  ;11 ;Виробник сагової крупки ;
7322 ;12416 ;  ;49 ;Виробник світлофільтрів та поляроїдів ;
8229 ;12418 ;  ;11 ;Виробник свічок ;
8232 ;12420 ;  ;45 ;Виробник сепараторів ;
9322 ;12424 ;  ;11 ;Виробник сигар ;
7221 ;12426 ;  ;42 ;Виробник сильфонних компенсаторів та шлангів ;
8261 ;12429 ;47 ;  ;Виробник синельки ;
8272 ;12456 ;  ;8 ;Виробник сирної маси ;
8272 ;12454 ;  ;8 ;Виробник сиру ;
8272 ;12450 ;  ;8 ;Виробник сичугового порошку та харчового пепсину ;
8229 ;12428 ;35 ;  ;Виробник сінелі ;
9322 ;12437 ;  ;49 ;Виробник скловарних керамічних ємностей ;
8131 ;12443 ;44 ;  ;Виробник скляної плівки ;
8272 ;12431 ;  ;8 ;Виробник сметани ;
8240 ;12445 ;37 ;  ;Виробник стрижнів ;
7242 ;12351 ;  ;47 ;Виробник стрічкових осердь ;
8290 ;12349 ;  ;44 ;Виробник стрічок та металосіток ;
7344 ;12449 ;62 ;  ;Виробник субтитрів ;
8274 ;12452 ;  ;11 ;Виробник таблеток ;
7241 ;12458 ;  ;55 ;Виробник тензорезисторів ;
7324 ;12460 ;  ;1 ;Виробник трафаретів, шкал та плат ;
7313 ;12465 ;65 ;  ;Виробник філігранних основ ;
7224 ;12467 ;  ;45 ;Виробник фільєр ;
8131 ;12474 ;45 ;  ;Виробник формотримачів ;
5122 ;12391 ;  ;65 ;Виробник харчових напівфабрикатів ;
7331 ;12476 ;65 ;  ;Виробник художніх виробів з бересту ;
7331 ;12489 ;65 ;  ;Виробник художніх виробів з бурштину ;
7339 ;  ;  ;  ;Виробник художніх виробів з дерева та подібних матеріалів (рослинного, тваринного походження) ;
7331 ;12478 ;65 ;  ;Виробник художніх виробів з дерева ;
7321 ;12480 ;65 ;  ;Виробник художніх виробів з кераміки ;
7331 ;12483 ;65 ;  ;Виробник художніх виробів з лози ;
7331 ;12485 ;65 ;  ;Виробник художніх виробів з металу ;
7332 ;12482 ;65 ;  ;Виробник художніх виробів із шкіри ;
8284 ;12496 ;  ;49 ;Виробник шкал та сіток фотоспособом ;
9322 ;12338 ;  ;8 ;Виробник шкіропом'якшувача ;
7321 ;12498 ;45 ;  ;Виробник штампів ;
7441 ;12499 ;48 ;  ;Виробник щетинно-щіткових виробів ;
8122 ;12376 ;  ;40 ;Виробник-налагоджувальник прес-проводок ;
8266 ;11572 ;48 ;  ;Вирубник деталей ;
8231 ;11574 ;33 ;  ;Вирубник заготовок та виробів ;
8131 ;11578 ;  ;35 ;Виставник ;
9322 ;11579 ;48 ;  ;Вистилальник шкіряно-хутряної сировини та голини ;
8229 ;19141 ;35 ;  ;Витискувач малюнка ;
8131 ;19249 ;44 ;  ;Витягальник з вироблення скляних труб та дроту (із скла) ;
7432 ;11576 ;47 ;  ;Витягальник ременів ;
7441 ;19247 ;48 ;  ;Витягальник шкір ;
3340 ;20308 ;  ;87 ;Вихователь гуртожитку ;
2332;;;;Вихователь закладу дошкільної освіти;
3320 ;- ;- ;  ;Вихователь закладу дошкільної освіти (з дипломом фахового молодшого бакалавра, молодшого бакалавра);
2359.2;;;;Вихователь закладу загальної середньої освіти;
3340 ;;;  ;Вихователь закладу професійної освіти;
2340;-;;80;Вихователь соціальний по роботі з дітьми з інвалідністю;
3340 ;20302 ;  ;80 ;Вихователь ;
2351.2 ;20305 ;  ;80 ;Вихователь-методист ;
3340;;;;Виховник;
7332 ;11581 ;65 ;  ;Вишивальник на шкірі та хутрі ;
8263 ;11585 ;47 ;  ;Вишивальник текстильно-галантерейних виробів ;
8263 ;11583 ;  ;13 ;Вишивальник ;
7249 ;  ;  ;  ;Вишкоелектромонтажник ;
7233 ;11587 ;  ;6 ;Вишкомонтажник ;
7241 ;11590 ;  ;6 ;Вишкомонтажник-електромонтер ;
7212 ;11588 ;  ;6 ;Вишкомонтажник-зварник ;
1141.1 ;- ;- ;  ;Вища посадова особа (голова, генеральний секретар, секретар, президент, лідер, керівник та ін.) політичної партії ;
1142.1 ;- ;- ;  ;Вища посадова особа (голова, співголова, генеральний секретар, секретар) організації наймачів (підприємців, промисловців) ;
1142.1 ;- ;- ;  ;Вища посадова особа (голова, співголова, президент, віце-президент, генеральний секретар, секретар) професійної спілки ;
1143.3 ;- ;- ;  ;Вища посадова особа (президент, віце-президент, головний учений секретар та ін.) академії, що діє на громадських засадах ;
1143.4 ;- ;- ;  ;Вища посадова особа громадської організації (у галузі культури, освіти, благодійності, прав людини та ін.) ;
1143.2 ;- ;- ;  ;Вища посадова особа самоврядувальної організації (крім національних академій України) ;
6121 ;11433 ;  ;25 ;Віварник ;
8122 ;16288 ;  ;41 ;Відбивник ртуті ;
7332 ;16290 ;60 ;  ;Відбірник анатомічного матеріалу ;
7111 ;16292 ;  ;74 ;Відбірник геологічних проб ;
8229 ;;;;Відбірник проб (спеціальні хімічні виробництва);
8264 ;16294 ;47 ;  ;Відварник ;
8264 ;16296 ;47 ;  ;Відварних коконових відходів ;
7324 ;16298 ;45 ;  ;Відвідник ;
3131;;;;Відеограф;
5311 ;11436 ;  ;82 ;Відеотекар ;
8264 ;16362 ;47 ;  ;Віджимач (виробництво текстилю) ;
8265 ;16362 ;48 ;  ;Віджимач (легка промисловість) ;
8264 ;16364 ;66 ;  ;Віджимач білизни на центрифугах ;
8229 ;16369 ;35 ;  ;Віджимач маси ;
8231 ;16367 ;33 ;  ;Віджимач повітря та вологи з камер ;
8264 ;16371 ;47 ;  ;Віджимач полотен ;
8159 ;16373 ;20 ;  ;Відкатник-вакуумник ;
9322 ;16375 ;44 ;  ;Відкладник виробів в опічки ;
8131 ;16387 ;44 ;  ;Відламувач скла від машин ;
8159 ;16383 ;32 ;  ;Відливальник натрієвих болванок ;
7321 ;16385 ;45 ;  ;Відливальник фарфорових та фаянсових виробів ;
9322 ;16389 ;44 ;  ;Відмітчик ареометрів ;
7311 ;16391 ;44 ;  ;Відмітчик термометрів ;
8223 ;16352 ;  ;42 ;Відпальник виробів ;
8152 ;16354 ;  ;45 ;Відпальник кабельних виробів ;
8123 ;16360 ;  ;41 ;Відпальник кольорових металів ;
8124 ;16356 ;  ;40 ;Відпальник прецизійної сталі та сплавів ;
7322 ;16358 ;44 ;  ;Відпальник скловиробів ;
8159 ;16350 ;20 ;  ;Відпальник-вакуумник ;
8264 ;16395 ;66 ;  ;Відпарювач-пресувальник ;
3452 ;  ;  ;  ;Відповідальний (старший) по корпусу (корпусному відділенню) (пенітенціарна система) ;
2419.2;;;;Відповідальний працівник банку (філіалу (філії) банку, іншої фінансової установи);
3432 ;  ;  ;  ;Відповідальний секретар колегії судової ;
3431 ;- ;- ;  ;Відповідальний секретар редакції ;
3431 ;- ;  ;85 ;Відповідальний секретар федерації виду спорту ;
8131 ;16397 ;44 ;  ;Відрізальник стрічки скла ;
5141 ;  ;  ;5* ;Візажист ;
5141 ;  ;  ;5* ;Візажист-стиліст ;
9332 ;13251 ;  ;2 ;Візник ;
1120.1;;;;Військовий омбудсман;
8232 ;11438 ;44 ;  ;Вініпластник ;
2211.1;;;;Вірусолог;
7135 ;11440 ;61 ;  ;Вітражник ;
7433 ;16448 ;  ;56 ;Вітрильник ;
3439 ;20295 ;- ;  ;Віце-консул ;
1143.1 ;- ;- ;  ;Віце-президент національної академії (наук, мистецтв і т. ін.) України ;
1143.4 ;- ;  ;85 ;Віце-президент федерації виду спорту ;
1120.1 ;- ;- ;  ;Віце-прем'єр-міністр України ;
8277 ;11425 ;55 ;  ;Віяльник чаю ;
7122 ;15416 ;  ;64 ;Вогнетривник ;
8322;;;;Водій автотранспортних засобів (водій таксі);
8322 ;  ;  ;  ;Водій автотранспортних засобів ;
8321 ;11444 ;- ;  ;Водій аеросаней ;
8331 ;11447 ;  ;3 ;Водій всюдихода ;
8311 ;11448 ;  ;66 ;Водій дрезини ;
8334 ;11463 ;  ;1, 87 ;Водій електро- та автовізка ;
8321 ;11451 ;- ;  ;Водій мототранспортних засобів ;
8334 ;11453 ;  ;1 ;Водій навантажувача ;
8334 ;11455 ;  ;68 ;Водій самохідних механізмів ;
8323 ;11457 ;  ;87 ;Водій трамвая ;
8290 ;11460 ;  ;66 ;Водій транспортно-прибиральної машини ;
8323 ;11462 ;  ;87 ;Водій тролейбуса ;
7231 ;11449 ;  ;42 ;Водій-випробувач ;
5149;;;;Водій-інструктор;
8159 ;11474 ;  ;11 ;Водневик ;
7216 ;11465 ;  ;67 ;Водолаз ;
3115 ;20300 ;- ;  ;Водолазний фахівець підводного апарата ;
3141 ;20299 ;  ;67 ;Водолазний фахівець ;
7136 ;11467 ;  ;40 ;Водопровідник доменної печі ;
7136 ;11469 ;7 ;  ;Водопровідник шахтної печі ;
8163 ;11472 ;  ;67 ;Водороздавальник порту ;
8163 ;11471 ;  ;87 ;Водороздавальник ;
9212 ;- ;  ;3 ;Возій продукції лісу ;
9332 ;11476 ;  ;1 ;Возій ;
8124 ;11486 ;  ;44 ;Волочильник дроту ;
8124 ;11487 ;  ;41 ;Волочильник кольорових металів ;
7311 ;11484 ;  ;50 ;Волочильник матеріалу для спіралей ;
8124 ;11489 ;  ;40 ;Волочильник труб ;
7221 ;11482 ;  ;42 ;Волочильник ;
5152 ;- ;- ;  ;Ворожка ;
8223 ;11490 ;  ;42 ;Воронувальник ;
9321 ;11492 ;48 ;  ;Вставник деталей, виробів та фурнітури ;
8231 ;11493 ;33 ;  ;Вставник камер ;
7342 ;11500 ;59 ;  ;Вулканізаторник друкарських форм ;
8152 ;11497 ;  ;45 ;Вулканізаторник кабельних виробів ;
8139 ;11498 ;  ;37 ;Вулканізаторник кругів на вулканітовій зв'язці ;
8231 ;11495 ;33 ;  ;Вулканізаторник ;
2320;;;;Вчитель закладу загальної середньої освіти;
3310 ;- ;- ;  ;Вчитель початкових класів (з дипломом фахового молодшого бакалавра, молодшого бакалавра);
2331;;;;Вчитель початкових класів закладу загальної середньої освіти;
2320;;;;Вчитель спеціалізованого закладу загальної середньої освіти;
2340 ;  ;  ;  ;Вчитель спеціальної освіти;
2340 ;25160 ;  ;80 ;Вчитель-дефектолог ;
2340 ;25161 ;  ;80 ;Вчитель-логопед ;
2340 ;- ;  ;80 ;Вчитель-реабілітолог ;
9321 ;11596 ;  ;45 ;В'язальник прутків та дроту ;
7242 ;11598 ;  ;47 ;В'язальник схемних джгутів, кабелів та шнурів ;
7432 ;11600 ;47 ;  ;В'язальник текстильно-галантерейних виробів ;
8262 ;11602 ;47 ;  ;В'язальник трикотажних виробів та полотна ;
8262 ;11592 ;29 ;  ;В'язальник ;
8121 ;11609 ;  ;40 ;Газівник доменної печі ;
8159 ;11611 ;  ;19 ;Газівник коксових печей ;
8121 ;11612 ;7 ;  ;Газівник шахтової печі ;
8163 ;11607 ;  ;1 ;Газівник ;
8159 ;11614 ;  ;1 ;Газогенераторник ;
7212 ;  ;  ;42, 64 ;Газозварник ;
9311 ;11616 ;  ;5 ;Газомірник ;
7212 ;11618 ;  ;42 ;Газорізальник ;
8290 ;11622 ;  ;1 ;Газорятівник ;
9322 ;11625 ;  ;51 ;Галтувальник голково-платинних виробів ;
7311 ;11624 ;  ;50 ;Галтувальник деталей годинників та каменів ;
9322;;;;Галтувальник метизної продукції;
8211 ;11627 ;20 ;  ;Галтувальник радіодеталей ;
8223 ;11629 ;  ;42 ;Гальванік ;
7342 ;  ;  ;  ;Гальванотипіст ;
9152 ;11633 ;  ;1 ;Гардеробник ;
7312 ;11635 ;  ;59 ;Гарнірувальник музичних інструментів ;
8159 ;11636 ;28 ;  ;Гарнітурник хімічного прядіння ;
7331 ;12141 ;65 ;  ;Гартівник виробів з хохломським розмалюванням ;
8272 ;12143 ;  ;8 ;Гартівник морозива ;
8131 ;12145 ;44 ;  ;Гартівник скла ;
7441 ;12675 ;48 ;  ;Гартівник чапраку та технічної шкіри ;
8123 ;12673 ;  ;42 ;Гартівник ;
7331 ;12676 ;65 ;  ;Гартувальник бурштину ;
8212 ;11640 ;  ;35 ;Гасильник вапна ;
1210.1;;;;Генеральний директор – керівник Національного органу інтелектуальної власності;
1210.1 ;-;  ;65** ;Генеральний директор (голова, президент, інший керівник) об'єднання підприємств (асоціації, корпорації, концерну, радіокомпанії, телекомпанії, телерадіокомпанії, телерадіо-, інформаційного агентства і т. ін.) ;
1229.1;;;;Генеральний директор директорату;
1229.6 ;20561 ;- ;  ;Генеральний директор програм ;
1210.1 ;20571 ;  ;  ;Генеральний конструктор ;
1229.7 ;  ;  ;  ;Генеральний менеджер (управитель) ;
1120.4 ;;;  ;Генеральний прокурор ;
1143.4 ;- ;  ;85 ;Генеральний секретар федерації з виду спорту ;
8159 ;11646 ;  ;1 ;Генераторник ацетиленової установки ;
8159 ;11644 ;55 ;  ;Генераторник ;
2211.1 ;  ;  ;  ;Генетик ;
2211.2 ;20583 ;- ;  ;Геоботанік ;
2442.2 ;  ;  ;  ;Географ (політична географія) ;
2442.2 ;  ;  ;  ;Географ (фізична географія) ;
2442.2 ;- ;- ;  ;Географ ;
2442.2 ;- ;- ;  ;Географ-економіст ;
2148.2 ;20586 ;  ;74** ;Геодезист ;
2114.2 ;  ;  ;  ;Геолог з видобування та підземного зберігання газу ;
2114.2 ;20590 ;  ;5 ;Геолог кар'єру, рудника, шахти ;
2114.2 ;20592 ;- ;  ;Геолог нафтогазорозвідки (партії) структурно-пошукового буріння ;
2114.2 ;20589 ;  ;5, 74 ;Геолог ;
2114.2 ;  ;  ;  ;Геоморфолог ;
2114.2 ;20602 ;  ;5 ;Геофізик кар'єру, рудника, шахти ;
2114.2 ;20601 ;  ;5, 74 ;Геофізик ;
2113.2 ;20603 ;  ;74 ;Геохімік ;
8284 ;11648 ;  ;55 ;Герметизаторник ;
6154 ;11650 ;  ;2, 3 ;Герпетолог ;
3222 ;  ;  ;  ;Гігієніст зубний ;
2444.2 ;20604 ;- ;  ;Гід-перекладач ;
3141 ;20607 ;- ;  ;Гідроакустик ;
2211.2 ;20608 ;  ;4 ;Гідробіолог ;
8275 ;11659 ;  ;11 ;Гідрогенізаторник ;
2147.2 ;20613 ;  ;5 ;Гідрогеолог кар'єру, рудника, шахти ;
2114.2 ;20610 ;  ;5, 74 ;Гідрогеолог ;
2148.2 ;  ;  ;  ;Гідрограф ;
2111.2 ;  ;  ;  ;Гідродинамік ;
2114.2 ;20614 ;  ;75 ;Гідролог ;
4113 ;11661 ;  ;75 ;Гідрометеоспостерігач ;
8111 ;11663 ;  ;5 ;Гідромоніторник ;
9322 ;11664 ;  ;42 ;Гідропіскоструминник ;
2142.2 ;20616 ;  ;2, 5 ;Гідротехнік ;
2213.1 ;  ;  ;  ;Гідротехнік-дослідник ;
2112.2 ;  ;  ;  ;Гідрохімік ;
8275 ;11668 ;  ;11 ;Гідроциклонник ;
7211 ;11670 ;  ;42 ;Гідрочистильник ;
9322 ;11674 ;44 ;  ;Гільйоширник (виробництво скла та скловиробів) ;
7342 ;  ;  ;  ;Гільоширник (поліграфічне виробництво) ;
3474 ;- ;  ;84 ;Гіпнотизер ;
9322;;;;Гіпсувальник;
9311 ;11726 ;  ;5 ;Гірник біля екскаваторів, відвальних мостів і відвалоутворювачів ;
7111 ;11719 ;  ;5 ;Гірник з попередження та гасіння пожеж ;
7111 ;11721 ;  ;5 ;Гірник з ремонту гірничих виробок ;
7111 ;11710 ;  ;5 ;Гірник на геологічних роботах ;
7111 ;;;;Гірник на допоміжних роботах в шахтах ;
7111 ;11711 ;  ;64, 5 ;Гірник на маркшейдерських роботах ;
7111;;;;Гірник на очисних роботах в шахтах;
7111;;;;Гірник на підготовчих роботах в шахтах;
7111 ;11715 ;  ;5 ;Гірник очисного забою ;
7111 ;11717 ;  ;64, 5 ;Гірник підземний ;
9311 ;11723 ;  ;5 ;Гірник розрізу ;
7111 ;11725 ;  ;5 ;Гірник розсипних родовищ, ;
9311 ;11708 ;  ;64, 5 ;Гірник ;
7241 ;11706 ;  ;5 ;Гірничомонтажник підземний ;
2211.2 ;  ;  ;  ;Гістолог ;
7321 ;11682 ;  ;34 ;Глазурувальник виробів будівельної кераміки ;
8131 ;11686 ;45 ;  ;Глазурувальник електрокерамічних і виробів ;
9322 ;11680 ;  ;8 ;Глазурувальник морозива та сирків ;
8131 ;11684 ;45 ;  ;Глазурувальник фарфорових та фаянсових виробів ;
8274 ;11678 ;  ;11 ;Глазурувальник ;
8274 ;11688 ;  ;11 ;Глянцювальник карамелі та драже ;
7422 ;11690 ;  ;16 ;Гнутар по дереву ;
7311 ;19546 ;  ;50 ;Годинникар з ремонту електронних і кварцових годинників ;
7311 ;19545 ;  ;50 ;Годинникар з ремонту механічних годинників ;
9322 ;13127 ;  ;8 ;Годувальник ;
1143.4 ;-;-;  ;Голова (інша вища посадова особа) відділення громадської організації (гуманітарної, спеціалізованої) ;
1120.1;;;;Голова агентства;
1120.4;;;;Голова Апеляційного адміністративного суду;
1120.4;;;;Голова Апеляційного господарського суду;
1120.4 ;  ;  ;  ;Голова Апеляційного суду України ;
1143.2;;;;Голова Аудиторської палати України;
1120.4 ; ;;  ;Голова Верховного суду ;
1110 ;- ;- ;  ;Голова Верховної Ради Автономної Республіки Крим ;
1110 ;- ;- ;  ;Голова Верховної Ради України ;
1210.1 ;  ;  ;  ;Голова виконавчого органу акціонерного товариства ;
1120.4;;;;Голова Вищої кваліфікаційної комісії суддів України;
1120.4;;;;Голова Вищої ради правосуддя;
1143.4 ;-;-;  ;Голова відділення (інша вища посадова особа) спеціалізованого фонду некомерційного характеру ;
1120.5;;;;Голова державного колегіального органу;
1120.1 ;- ;- ;  ;Голова державного комітету України ;
1229.7 ;24363 ;- ;  ;Голова державної комісії (бюро) ;
1120.1 ;  ;  ;  ;Голова Державної служби автомобільних доріг України ;
1120.4;;;;Голова Державної судової адміністрації України;
1120.1;;;;Голова інспекції;
   1120.4;;;;Голова касаційного суду у складі Верховного Суду ;
1210.1 ;24370 ;  ;85 ;Голова клубу(спортивного) ;
1210.1 ;  ;  ;2 ;Голова колективного господарства ;
1229.3;;;;Голова комісії ;
1229.7 ;24371 ;- ;  ;Голова комісії ;
1120.1 ;- ;- ;  ;Голова комітету України ;
1239 ;  ;  ;  ;Голова комітету ;
1120.4 ;- ;- ;  ;Голова Конституційного Суду України ;
1311 ;- ;  ;2 ;Голова кооперативу (товариства, колективної ферми і т. ін.) ;
1313 ;- ;  ;64 ;Голова кооперативу будівельного ;
1312 ;- ;- ;  ;Голова кооперативу промислового ;
1210.1 ;  ;  ;  ;Голова ліквідаційної комісії ;
1120.1;;;;Голова Національного банку України;
1120.1;;;;Голова Національної поліції;
1120.1;;;;Голова Національної ради;
1144.1;;;;Голова об’єднання (предстоятель, патріарх, верховний архієпископ, митрополит, головний рабин, верховний муфтій, старший єпископ, старший пресвітер і т. ін.);
1120.2 ;  ;  ;  ;Голова обласної (міської) державної адміністрації ;
1143.5;;;;Голова органу місцевого самоврядування (міський, сільський і т. ін.);
1110 ;- ;- ;  ;Голова постійної комісії Верховної Ради України ;
1120.1 ;  ;  ;  ;Голова правління Пенсійного фонду України ;
1210.1 ;24380 ;- ;  ;Голова правління ;
1237.1 ;24390 ;- ;  ;Голова ради (науково-технічної, наукової, експертної) ;
1210.1 ;  ;  ;  ;Голова ради директорів біржі ;
1210.1 ;  ;  ;  ;Голова ради директорів ;
1120.1 ;- ;- ;  ;Голова Ради міністрів Автономної Республіки Крим ;
1120.2 ;  ;  ;  ;Голова районної державної адміністрації ;
1120.1;;;;Голова Рахункової палати;
1144.3;;;;Голова релігійної громади (настоятель, намісник, ігумен, парох, адміністратор, пастор, пресвітер, рабин, імам і т. ін.);
1229.6 ;24387 ;- ;  ;Голова секції (творчої) ;
1120.1 ;- ;- ;  ;Голова Служби безпеки України ;
1120.1 ;  ;  ;  ;Голова служби ;
1210.1 ;  ;  ;  ;Голова спостережної (наглядової) ради ;
1229.2 ;24402 ;- ;  ;Голова судової колегії ;
1229.2 ;24396 ;- ;  ;Голова суду ;
1210.1;;;;Голова товариства;
1120.1;;;;Голова Фонду державного майна України;
1120.1;;;;Голова Центральної виборчої комісії;
1229.4;;;;Голова циклової комісії закладу фахової передвищої освіти;
1229.5 ;;  ;78 ;Головна медична сестра (головний медичний брат);
1221.1;;;;Головний агролісомеліоратор;
1221.1 ;20623 ;  ;2 ;Головний агроном із захисту рослин ;
1221.1 ;20622 ;  ;2 ;Головний агроном ;
1221.1 ;20625 ;  ;2 ;Головний агрохімік ;
1227 ;- ;- ;  ;Головний адміністратор (на комерційних підприємствах) ;
1229.6 ;20628 ;  ;87, 84 ;Головний адміністратор ;
1231 ;20637 ;- ;  ;Головний архівіст ;
1237.1 ;20638 ;  ;64 ;Головний архітектор (архітектура та будівництво) ;
1237.1 ;20641 ;  ;64 ;Головний архітектор проекту ;
1229.6 ;20644 ;  ;84, 81 ;Головний балетмейстер ;
1229.6 ;20647 ;  ;81 ;Головний бібліограф ;
1229.6 ;20650 ;  ;81 ;Головний бібліотекар ;
1237.1 ;20653 ;  ;2 ;Головний біолог ;
1223.1 ;21015 ;  ;64 ;Головний будівельник (домобудівного, сільського будівельного комбінату) ;
1237.1 ;21019 ;- ;  ;Головний будівельник кораблів ;
1231 ;20656 ;  ;76, 1 ;Головний бухгалтер ;
1237.1 ;20662 ;  ;11 ;Головний винороб ;
1229.7 ;20671 ;- ;  ;Головний випусковий ;
1237.1 ;20665 ;  ;67 ;Головний водолазний фахівець ;
1237.1 ;20674 ;  ;64 ;Головний геодезист ;
1237.1 ;20677 ;  ;74, 5 ;Головний геолог ;
1237.1 ;20680 ;  ;74 ;Головний геофізик ;
1237.1 ;20681 ;  ;74 ;Головний геохімік ;
1237.1 ;20683 ;- ;  ;Головний гідроакустик ;
1237.1 ;20686 ;  ;74** ;Головний гідрогеолог ;
1237.1 ;20689 ;- ;  ;Головний гідрограф ;
1237.1 ;20692 ;- ;  ;Головний гідролог ;
1237.1 ;20698 ;  ;5 ;Головний гідротехнік ;
1237.1 ;20701 ;  ;5 ;Головний гірник ;
1237.1 ;20867 ;  ;2 ;Головний ґрунтознавець ;
1229.1 ;  ;  ;  ;Головний державний аудитор ;
1229.1 ;  ;  ;  ;Головний державний виконавець ;
1229.1 ;20704 ;- ;  ;Головний державний інженер-інспектор ;
1229.1 ;20707 ;- ;  ;Головний державний інспектор ;
1229.3 ;  ;  ;  ;Головний державний інспектор з ветеринарної медицини ;
1229.3;;;;Головний державний інспектор з енергетичного нагляду;
1229.1 ;  ;  ;  ;Головний державний інспектор з охорони прав на сорти рослин ;
1229.1 ;20710 ;  ;4 ;Головний державний інспектор з рибоохорони ;
1229.1;;;;Головний державний інспектор України з контролю якості лікарських засобів;
1120.1 ;  ;  ;  ;Головний державний інспектор України з нагляду (контролю) у сфері пожежної та техногенної безпеки;
3442 ;- ;- ;  ;Головний державний податковий інспектор ;
1229.1 ;20839 ;- ;  ;Головний державний податковий ревізор-інспектор ;
1229.1 ;- ;- ;  ;Головний державний реєстратор суден ;
1229.5 ;  ;  ;78 ;Головний державний санітарний лікар ;
1229.3;;;;Головний державний фінансовий інспектор у районі (місті);
1229.3;;;;Головний державний фітосанітарний інспектор;
1237.1 ;20717 ;- ;  ;Головний десинатор ;
1237.1 ;21075 ;- ;  ;Головний дизайнер (художник-конструктор) проекту ;
1237.1 ;21074 ;- ;  ;Головний дизайнер (художник-конструктор) ;
1226.1 ;20720 ;- ;  ;Головний директор програм ;
1229.6 ;20723 ;  ;84, 81 ;Головний диригент ;
1222.1 ;20726 ;  ;1 ;Головний диспетчер (промисловість) ;
1226.1 ;- ;  ;1 ;Головний диспетчер (транспорт, складське господарство) ;
1231 ;21097 ;  ;1 ;Головний економіст ;
1229.7 ;21100 ;- ;  ;Головний експерт ;
1237.1 ;21103 ;- ;  ;Головний електрик ;
1237.1 ;21106 ;- ;  ;Головний електромеханік ;
1237.1 ;21109 ;- ;  ;Головний електронік ;
1237.1 ;21112 ;- ;  ;Головний електрорадіонавігатор ;
1222.1 ;21115 ;  ;1 ;Головний енергетик ;
1222.1 ;21118 ;  ;66 ;Головний енергодиспетчер ;
1237.1 ;20843 ;  ;5 ;Головний збагачувач ;
1229.6 ;21067 ;  ;81 ;Головний зберігач фондів ;
1237.1 ;20915 ;  ;1 ;Головний зварник ;
1226.1 ;20729 ;  ;  ;Головний звукорежисер ;
1237.1 ;20732 ;  ;2 ;Головний зоотехнік ;
1221.2 ;  ;  ;2 ;Головний інженер (експлуатаційні водогосподарські організації) ;
1229.7 ;20735 ;  ;5 ;Головний інженер (інші галузі) ;
1226.1 ;  ;  ;68 ;Головний інженер (на транспорті) ;
1222.1 ;20735 ;  ;87, 1 ;Головний інженер (промисловість) ;
1226.1 ;20744 ;- ;  ;Головний інженер з експлуатації радіоелектронних засобів ;
1221.2 ;  ;  ;3 ;Головний інженер з лісовпорядкування ;
1237.1 ;20747 ;  ;68, 64 ;Головний інженер проекту ;
1223.1 ;20735 ;  ;5, 64 ;Головний інженер ;
1229.3 ;  ;  ;  ;Головний інженер-інспектор ;
1229.7 ;20738 ;- ;  ;Головний інженер-інспектор ;
1237.1 ;20741 ;- ;  ;Головний інженер-кріогенник ;
1229.1 ;  ;  ;  ;Головний інспектор ;
1229.7 ;20750 ;  ;68, 62 ;Головний інспектор ;
2419.2;;;;Головний інспектор будівельного нагляду;
1229.1 ;20751 ;- ;  ;Головний інспектор державного контролю ;
1229.1 ;20752 ;- ;  ;Головний інспектор з контролю за цінами ;
1229.1 ;  ;  ;  ;Головний казначей ;
1237.1 ;20759 ;  ;40 ;Головний калібрувальник ;
1226.1 ;20762 ;- ;  ;Головний капітан ;
1226.1 ;  ;  ;  ;Головний капітан-координатор ;
1237.1 ;  ;  ;  ;Головний картограф ;
1231 ;20765 ;- ;  ;Головний касир ;
1229.6 ;;;  ;Головний оператор- постановник аудіовізуальних творів;
1222.1;;;;Головний коваль;
1237.1 ;20771 ;- ;  ;Головний колорист ;
1237.1 ;20783 ;- ;  ;Головний конструктор проекту ;
1237.1 ;20780 ;  ;1 ;Головний конструктор ;
2419.3;;;;Головний консультант;
2419.3;;;;Головний консультант-інспектор;
1229.7 ;20786 ;- ;  ;Головний контролер ;
1237.1 ;20789 ;  ;11 ;Головний коньячний майстер ;
1237.1 ;20798 ;  ;11 ;Головний круп'яр ;
1237.1 ;20801 ;  ;65 ;Головний кулінар ;
1222.1;;;;Головний ливарник;
1237.1 ;20659 ;- ;  ;Головний лікар ветеринарної медицини ;
1221.1 ;20804 ;  ;3 ;Головний лісничий ;
1221.1 ;  ;  ;3 ;Головний лісопатолог ;
1237.1 ;20807 ;  ;64, 5 ;Головний маркшейдер ;
1237.1 ;20810 ;  ;2 ;Головний меліоратор ;
1237.1 ;20813 ;  ;1 ;Головний металург ;
1237.1 ;20819 ;  ;1 ;Головний метролог ;
1221.2 ;  ;  ;2 ;Головний механік (механізація меліоративних робіт) ;
1226.1 ;20823 ;- ;  ;Головний механік підводного апарата ;
1226.1 ;  ;  ;67 ;Головний механік судна ;
1222.1 ;20822 ;  ;1 ;Головний механік ;
1237.1 ;20837 ;  ;11 ;Головний миловар ;
1237.1 ;20858 ;  ;2, 3 ;Головний мисливствознавець ;
1229.6 ;20756 ;- ;  ;Головний мистецтвознавець ;
1237.1 ;20825 ;- ;  ;Головний мікробіолог ;
1237.1 ;20828 ;- ;  ;Головний модельєр ;
1237.1 ;20831 ;- ;  ;Головний модельєр-конструктор ;
1229.6 ;20834 ;- ;  ;Головний музичний редактор ;
1237.1 ;20855 ;- ;  ;Головний оптик ;
1237.1 ;20861 ;  ;26 ;Головний парфумер ;
1237.1 ;20864 ;  ;11 ;Головний пивовар ;
1237.1 ;20795 ;  ;11 ;Головний питлівник ;
1237.1 ;20870 ;- ;  ;Головний приладист ;
1221.1 ;  ;  ;  ;Головний природознавець ;
1237.1 ;20873 ;- ;  ;Головний пробірувальник ;
1236 ;20874 ;- ;  ;Головний програміст ;
1237.1 ;20876 ;  ;40 ;Головний прокатник ;
1232 ;20877 ;  ;80 ;Головний профконсультант ;
1232 ;20878 ;- ;  ;Головний психолог ;
1237.1 ;20879 ;- ;  ;Головний радіолог ;
1229.7 ;20921 ;- ;  ;Головний радник ;
1226.1 ;20885 ;  ;66 ;Головний ревізор з безпеки руху ;
1231 ;20882 ;- ;  ;Головний ревізор ;
1210.1 ;  ;  ;18 ;Головний редактор газети, журналу ;
1237.1 ;20894 ;- ;  ;Головний редактор карт і лоцій ;
1237.1 ;20891 ;- ;  ;Головний редактор карт ;
1229.6 ;20895 ;- ;  ;Головний редактор програм ;
1229.6 ;20897 ;- ;  ;Головний редактор студії (кіностудії) ;
1229.6 ;20900 ;- ;  ;Головний редактор творчого об'єднання ;
1229.6 ;20888 ;- ;18 ;Головний редактор ;
1229.6 ;20903 ;  ;83** ;Головний режисер ;
1229.6 ;20906 ;- ;  ;Головний режисер-постановник ;
1237.1 ;20909 ;- ;  ;Головний релійник ;
1229.7;;;;Головний реставратор;
1237.1 ;20912 ;  ;4 ;Головний рибовод ;
1237.1 ;20918 ;  ;75 ;Головний синоптик ;
1232 ;20924 ;- ;  ;Головний соціолог ;
1237.1 ;21012 ;  ;40 ;Головний сталеплавильник ;
1229.7 ;  ;  ;  ;Головний страховий експерт з охорони праці ;
1229.6 ;21022 ;- ;  ;Головний суддя з випробування племінних коней ;
1237.1 ;20849 ;- ;  ;Головний телеоператор ;
1237.1 ;21031 ;- ;  ;Головний теплотехнік ;
1222.1;;;;Головний терміст;
1237.1 ;21036 ;- ;  ;Головний технічний керівник ;
1237.1 ;21038 ;- ;  ;Головний технолог проекту ;
1237.1 ;21037 ;  ;5,1 ;Головний технолог ;
1237.1 ;21040 ;  ;11 ;Головний титестер ;
1237.1 ;21043 ;  ;65 ;Головний товарознавець ;
1229.6 ;- ;  ;85 ;Головний тренер команди (збірної, клубної) ;
1237.1 ;21049 ;  ;62 ;Головний турбініст виробничого об'єднання з ремонту та налагодження устаткування атомних станцій ;
1237.1 ;21025 ;  ;11 ;Головний тютюнник ;
1237.1 ;21028 ;  ;11 ;Головний тютюновий майстер ;
1143.1 ;;;  ;Головний учений секретар національної академії (наук, мистецтв і т. ін.) України ;
1237.1 ;  ;  ;  ;Головний учений секретар ;
1226.1 ;  ;  ;  ;Головний фахівець (залізничний транспорт) ;
1229.7 ;;;;Головний фахівець (пенітенціарна система);
1237.1 ;20936 ;- ;  ;Головний фахівець з автоматизованих систем керування ;
1237.1 ;20933 ;- ;  ;Головний фахівець з автоматики ;
1237.1 ;20939 ;- ;  ;Головний фахівець з антенних споруд ;
1237.1 ;20942 ;  ;62 ;Головний фахівець з атомних електростанцій ;
1237.1 ;20997 ;  ;70 ;Головний фахівець з електрозв'язку ;
1236 ;20994 ;- ;  ;Головний фахівець з електронного устаткування ;
1237.1 ;21000 ;  ;62 ;Головний фахівець з енергетичних реакторів ;
1237.1 ;21003 ;- ;  ;Головний фахівець з енергоблоків ;
1237.1 ;21006 ;- ;  ;Головний фахівець з енергосистем ;
1237.1 ;20991 ;- ;  ;Головний фахівець з кольорового телебачення ;
1237.1 ;20951 ;- ;  ;Головний фахівець з котлів ;
1237.1 ;20952 ;- ;  ;Головний фахівець з монтажу та налагодження систем автоматизації ;
1237.1 ;20945 ;- ;  ;Головний фахівець з охорони навколишнього середовища ;
1236 ;20960 ;- ;  ;Головний фахівець з програмного забезпечення ;
1237.1 ;20963 ;- ;  ;Головний фахівець з радіомовлення ;
1237.1 ;20966 ;- ;  ;Головний фахівець з радіопередавальних.пристроїв ;
1237.1 ;20978 ;- ;  ;Головний фахівець з телевізійного мовлення ;
1237.1 ;20981 ;- ;  ;Головний фахівець з техніки консервації телевізійних програм ;
1237.1 ;20985 ;- ;  ;Головний фахівець з тропосферних радіорелейних ліній ;
1237.1 ;20954 ;- ;  ;Головний фахівець з устаткування звукових трактів та акустики ;
1237.1 ;20957 ;- ;  ;Головний фахівець з устаткування телевізійних трактів ;
1222.1 ;  ;  ;62 ;Головний фахівець з ядерної безпеки атомної електростанції ;
1237.1 ;20948 ;  ;62 ;Головний фахівець з якості металів на атомних станціях ;
1237.1 ;20969 ;- ;  ;Головний фахівець із сантехнічного устаткування ;
1237.1 ;20972 ;- ;  ;Головний фахівець із світлотехніки ;
1237.1 ;20975 ;  ;62 ;Головний фахівець із систем керування та захисту на атомних станціях ;
1221.1 ;20974 ;- ;  ;Головний фахівець із систем створення спеціального клімату ;
1237.1 ;20976 ;-;  ;Головний фахівець із слабкострумових систем та контрольно-вимірювальних приладів і автоматики ;
1229.3 ;- ;- ;  ;Головний фахівець-архітектор ;
1237.1 ;21055 ;- ;  ;Головний фізик ;
1237.1 ;21058 ;- ;  ;Головний хімік ;
1229.6 ;21064 ;  ;84, 81 ;Головний хормейстер ;
1234 ;21073 ;- ;  ;Головний художник (реклама) ;
1229.6 ;21079 ;- ;  ;Головний художник з освітлення ;
1229.6 ;  ;  ;81** ;Головний художник ;
1237.1 ;21076 ;- ;  ;Головний художник-модельєр ;
1229.6 ;21082 ;- ;  ;Головний художник-постановник ;
1229.6 ;21085 ;- ;  ;Головний художник-реставратор ;
1229.6 ;21070 ;- ;  ;Головний художній керівник ;
1237.1 ;21091 ;  ;11 ;Головний шампаніст ;
1226.1 ;21094 ;  ;68, 67 ;Головний штурман ;
1231 ;21124 ;- ;  ;Головний юрисконсульт ;
7321 ;11693 ;45 ;  ;Гончар ;
8121 ;11699 ;  ;40 ;Горновий доменної печі ;
8121 ;11697 ;  ;40 ;Горновий з десульфурації чавуну ;
8112 ;11700 ;  ;5 ;Горновий на агломерації та випалюванні ;
8122 ;11702 ;  ;40 ;Горновий феросплавних печей ;
8121 ;11704 ;7 ;  ;Горновий шахтової печі ;
8139 ;17154 ;  ;37 ;Готувач абразивних порошків, паст і мастик ;
8151 ;17156 ;  ;45 ;Готувач активних мас ;
8139 ;17158 ;45 ;  ;Готувач ангобу та глазурі ;
8154 ;18711 ;48 ;  ;Готувач апретур, емульсій та лаків ;
7111 ;16709 ;  ;11 ;Готувач басейнів ;
9133 ;16711 ;66 ;  ;Готувач білизни для прасування ;
7412 ;17160 ;  ;11 ;Готувач білкових мас ;
9311 ;17162 ;  ;6 ;Готувач бурового розчину ;
9322 ;17164 ;  ;10 ;Готувач водоростевого порошку та крупки ;
9322 ;17166 ;47 ;  ;Готувач волокна ;
7324 ;17168 ;65 ;  ;Готувач ґрунтових сумішей ;
8223 ;17236 ;  ;42 ;Готувач електроліту та флюсу ;
8151 ;17238 ;  ;45 ;Готувач електропровідного шару ;
8151 ;17240 ;  ;42 ;Готувач емалевих порошків ;
8151 ;17242 ;  ;17 ;Готувач емульсій ;
8278 ;17198 ;  ;11 ;Готувач живильних розчинів ;
8139 ;17170 ;  ;40 ;Готувач заправних, вогнетривких матеріалів та термічних сумішей ;
8231 ;16725 ;33 ;  ;Готувач камер та рукавів ;
8240 ;17172 ;37 ;  ;Готувач композиційних блоків ;
8240 ;17200 ;37 ;  ;Готувач коркової крупи ;
6121 ;17174 ;  ;2 ;Готувач кормів (тваринництво) ;
8275 ;17177 ;  ;11 ;Готувач крохмального молока ;
8232 ;17178 ;27 ;  ;Готувач крупки оргскла ;
7411 ;17180 ;  ;8 ;Готувач кулінарних виробів з м'яса птиці та кролів ;
8151 ;17182 ;  ;16 ;Готувач лаків, фарб та левкасу ;
8139 ;17184 ;45 ;  ;Готувач мас ;
8278 ;17186 ;  ;11 ;Готувач мелясного сусла ;
5123 ;17188 ;  ;65 ;Готувач молочних коктейлів ;
8278 ;17190 ;  ;11 ;Готувач морсу ;
9322 ;16727 ;  ;57 ;Готувач набивальних та настильних матеріалів ;
5123 ;17192 ;  ;65 ;Готувач напоїв ;
9322 ;17194 ;55 ;  ;Готувач нюхальної махорки та тютюну ;
8151 ;18721 ;  ;43 ;Готувач обмазки ;
7322 ;17196 ;  ;49 ;Готувач оптичних клеїв ;
4190 ;16729 ;62 ;  ;Готувач основи для мультиплікаційних малюнків ;
8151 ;16731 ;28 ;  ;Готувач пакувань та целюлози ;
8151 ;18723 ;  ;17 ;Готувач пасти ;
8271 ;18724 ;  ;8 ;Готувач перо-пухової суміші ;
8151;;;;Готувач піротехнічних сумішей;
8224 ;16723 ;34 ;  ;Готувач початкового матеріалу ;
8264 ;17223 ;66 ;  ;Готувач пральних розчинів ;
8139;;;35;Готувач преміксів;
8124 ;16717 ;  ;40 ;Готувач прокатного інструменту ;
8261 ;17202 ;47 ;  ;Готувач просочувальної суміші ;
8139 ;17203 ;44 ;  ;Готувач пульпи ;
9311 ;17215 ;  ;5 ;Готувач реактивної води ;
9322 ;16733 ;48 ;  ;Готувач розкрійних карт ;
8223 ;17205 ;  ;40 ;Готувач розподілювальної пасти ;
8221 ;17213 ;  ;11 ;Готувач розчинів барвників ;
8151 ;17211 ;  ;45 ;Готувач розчинів та електролітів ;
8139 ;17207 ;  ;35 ;Готувач розчинів та мас ;
8151 ;17209 ;20 ;  ;Готувач розчинів та сумішей ;
8261 ;16736 ;47 ;  ;Готувач сировини ;
8151 ;17221 ;  ;16 ;Готувач сірникових мас ;
9322 ;16735 ;47 ;  ;Готувач сіткоматеріалів ;
8151 ;17217 ;44 ;  ;Готувач склеювальної суміші ;
8121 ;16719 ;  ;40 ;Готувач составів до розливання плавок ;
8121 ;16721 ;  ;40 ;Готувач сталерозливних канав ;
7415 ;18728 ;  ;7 ;Готувач сумішей (змішування продуктів харчування та напоїв) ;
7416 ;18728 ;  ;7 ;Готувач сумішей (перероблення тютюну) ;
7412 ;18728 ;  ;7 ;Готувач сумішей (хлібопекарне та кондитерське виробництва);
8151 ;17219 ;31 ;  ;Готувач сумішей і мас медичного призначення ;
8221 ;18730 ;55 ;  ;Готувач суміші мийних засобів ;
9322 ;18732 ;  ;8 ;Готувач суміші плавленого сиру ;
8278 ;17225 ;  ;11 ;Готувач сухих пивних дріжджів ;
8152 ;17227 ;  ;41 ;Готувач технічних жирів ;
8261 ;17229 ;  ;12 ;Готувач трести ;
8151 ;17231 ;  ;53 ;Готувач ущільнювальних розчинів та паст ;
7411 ;18735 ;  ;8 ;Готувач фаршу ;
9322 ;16715 ;  ;7 ;Готувач харчової сировини та матеріалів ;
9322 ;16713 ;  ;9 ;Готувач харчової сировини ;
8151 ;18738 ;48 ;  ;Готувач хімічних розчинів ;
8278 ;17233 ;  ;11 ;Готувач шампанського ;
8159 ;17234 ;20 ;  ;Готувач шихти напівпровідникових матеріалів ;
8139 ;18740 ;44 ;  ;Готувач шихти ;
8232 ;11728 ;27 ;  ;Гофрувальник вініпласту ;
9322 ;11730 ;63 ;  ;Гофрувальник міхових камер ;
8264 ;11731 ;47 ;  ;Гофрувальник протезів кровоносних судин ;
8231 ;11733 ;33 ;  ;Гофрувальник трубок ;
7346 ;11735 ;47 ;  ;Гравер (виробництво текстилю) ;
7349 ;  ;  ;  ;Гравер (поліграфічна діяльність) ;
7343 ;11735 ;  ;42 ;Гравер (слюсарні та слюсарно-складальні роботи) ;
7343 ;  ;  ;  ;Гравер друкарських форм ;
7344 ;11739 ;  ;74 ;Гравер оригіналів топографічних карт ;
7323 ;11743 ;44 ;  ;Гравер скла ;
7343 ;11745 ;59 ;  ;Гравер шрифту ;
7343 ;  ;  ;  ;Гравер ;
7311 ;11748 ;  ;49 ;Градуювальник оптичних деталей ;
7242 ;11750 ;  ;47 ;Градуювальник радіоапаратури ;
7311 ;11747 ;  ;42 ;Градуювальник ;
8221 ;11752 ;  ;25 ;Гранулювальник (виробництво медикаментів) ;
8131 ;11752 ;44 ;  ;Гранулювальник (виробництво скла та скловиробів) ;
8121 ;11756 ;  ;40 ;Грануляторник доменного шлаку ;
8231 ;11754 ;33 ;  ;Грануляторник ;
8212 ;11761 ;38 ;  ;Графітувальник азбестових технічних виробів ;
8159 ;11760 ;20 ;  ;Графітувальник ;
2444.1 ;- ;- ;  ;Графолог ;
6113 ;- ;- ;  ;Грибовод ;
5141 ;11763 ;  ;84 ;Гример-пастижер ;
3439 ;  ;  ;  ;Громадський інспектор з використання та охорони земель ;
8112 ;11765 ;  ;64, 5 ;Грохотник ;
9311 ;11766 ;  ;5 ;Грохотник-шурувальник ;
5131 ;- ;  ;5* ;Гувернер ;
8231 ;11779 ;33 ;  ;Гумівник металовиробів ;
6121 ;11781 ;  ;2 ;Гуртівник ;
8124 ;11758 ;  ;40 ;Ґратознімач ;
2213.2 ;24359 ;- ;  ;Ґрунтознавець ;
8212 ;;  ;35 ;Ґрунтувальник волокнистоцементних виробів;
7324 ;11774 ;65 ;  ;Ґрунтувальник полотна та картону художніх полотен ;
9322 ;11776 ;65 ;  ;Ґрунтувальник художніх виробів з дерева ;
9322 ;11777 ;48 ;  ;Ґрунтувальник щіткових виробів ;
8229 ;11770 ;24 ;  ;Ґрунтувальник ;
7221 ;11783 ;  ;42 ;Давильник ;
8159 ;11784 ;  ;19 ;Дверевий ;
9162 ;11786 ;  ;1 ;Двірник ;
2114.2 ;21130 ;  ;67 ;Девіатор ;
8231 ;11790 ;33 ;  ;Девулканізаторник ;
7415 ;11792 ;  ;11 ;Дегоржер ;
5220 ;  ;  ;  ;Дегустатор (рекламна діяльність) ;
7415 ;  ;  ;  ;Дегустатор вин ;
7415 ;  ;  ;  ;Дегустатор кави ;
7415 ;  ;  ;  ;Дегустатор лікерів ;
7415 ;  ;  ;  ;Дегустатор соків ;
8154 ;11804 ;  ;1 ;Дезактиваторник ;
9142 ;11806 ;  ;78, 1 ;Дезінфектор ;
8274 ;11807 ;  ;11 ;Дезодораторинк сої ;
1229.4 ;21296 ;- ;  ;Декан (начальник) факультету;
8264 ;11809 ;47 ;  ;Декатирувальник ;
5312 ;  ;  ;65 ;Декоратор вітрин ;
3475 ;21300 ;- ;  ;Дельтапланерист-випробувач ;
5210 ;11817 ;- ;  ;Демонстратор зачісок ;
5220 ;  ;  ;  ;Демонстратор товарів (рекламна діяльність) ;
5220 ;  ;  ;  ;Демонстратор-консультант з продажу інформаційно-комунікаційного устаткування ;
8278 ;11818 ;55 ;  ;Денатураторник спирту ;
7120 ;  ;  ;  ;Деревообробник будівельний ;
8142 ;11902 ;  ;17 ;Деревопар ;
1229.3;;;;Державний адміністратор;
2419.3 ;  ;  ;  ;Державний аудитор ;
2429;;;;Державний виконавець;
3449 ;  ;  ;  ;Державний гірничотехнічний інспектор на вугільних шахтах з підземними роботами ;
2149.2;;;;Державний експерт з розслідування аварійних подій;
2149.2;;;;Державний експерт з розслідування авіаційних подій;
2419.3 ;  ;  ;  ;Державний експерт ;
3439;;;;Державний інспектор з безпеки авіації;
3449 ;  ;  ;  ;Державний інспектор з ветеринарної медицини ;
3449;;;;Державний інспектор з енергетичного нагляду;
3439 ;  ;  ;  ;Державний інспектор з нагляду за ядерною та радіаційною безпекою ;
3449;;;;Державний інспектор державний з нагляду (контролю) у сфері пожежної та техногенної безпеки;
3449 ;  ;  ;  ;Державний інспектор з охорони прав на сорти рослин ;
3449;;;;Державний інспектор з ринкового нагляду;
2419.3;;;;Державний кадастровий реєстратор;
3442 ;- ;- ;  ;Державний податковий інспектор ;
2419.3;;;;Державний реєстратор;
2419.3;;;;Державний реєстратор прав на нерухоме майно;
2149.2 ;- ;- ;  ;Державний реєстратор суден ;
1120.1;;;;Державний секретар;
1120.1 ;  ;  ;  ;Державний секретар України ;
1143.4 ;- ;  ;85 ;Державний тренер з виду спорту (збірної) ;
1229.1;;;;Державний уповноважений (органи державної влади);
3449;;;;Державний фітосанітарний інспектор;
5161 ;11820 ;  ;3 ;Десантник-пожежний ;
3471 ;21302 ;- ;  ;Десинатор ;
2419.3;;;;Детектив;
7232 ;11822 ;  ;55 ;Дефективник авіаційної техніки ;
7242 ;11827 ;  ;1 ;Дефектоскопіст з газового та рідинного контролю ;
7241 ;11829 ;  ;1 ;Дефектоскопіст з магнітного контролю ;
7243 ;11831 ;  ;1 ;Дефектоскопіст з ультразвукового контролю ;
7242 ;11833 ;  ;1 ;Дефектоскопіст рентгено-, гаммаграфування ;
8142 ;11835 ;  ;17 ;Дефібрерник ;
8272 ;11836 ;  ;8 ;Дефростатни к молочних продуктів ;
2139.2;;;;Дизайнер (інформаційні технології);
3471 ;- ;- ;  ;Дизайнер (художник-конструктор) (з дипломом молодшого спеціаліста) ;
2452.2 ;25244 ;  ;1, 18 ;Дизайнер (художник-конструктор) ;
2452.2 ;  ;  ;  ;Дизайнер візажу ;
2452.2 ;  ;  ;  ;Дизайнер графічних робіт ;
2452.2 ;  ;  ;  ;Дизайнер зачісок ;
2452.2 ;  ;  ;  ;Дизайнер інтер'єру ;
2452.2 ;  ;  ;  ;Дизайнер меблів ;
2452.2 ;  ;  ;  ;Дизайнер мультимедійних об'єктів ;
2452.2 ;  ;  ;  ;Дизайнер одягу ;
2452.2 ;  ;  ;  ;Дизайнер пакування ;
2452.2 ;  ;  ;  ;Дизайнер промислових виробів та об'єктів ;
2452.2 ;  ;  ;  ;Дизайнер тканини ;
3471 ;  ;  ;  ;Дизайнер-виконавець  ;
3471 ;  ;  ;  ;Дизайнер-виконавець графічних робіт ;
3471 ;  ;  ;  ;Дизайнер-виконавець інтер'єру ;
3471 ;  ;  ;  ;Дизайнер-виконавець меблів ;
3471 ;  ;  ;  ;Дизайнер-виконавець мультимедійних об'єктів ;
3471 ;  ;  ;  ;Дизайнер-виконавець одягу ;
3471 ;  ;  ;  ;Дизайнер-виконавець пакування ;
3471 ;  ;  ;  ;Дизайнер-виконавець промислових виробів та об'єктів ;
3471 ;  ;  ;  ;Дизайнер-виконавець тканини ;
2452.1 ;  ;  ;  ;Дизайнер-дослідник ;
8113 ;11838 ;  ;6 ;Дизеліст плавучого бурильного агрегата в морі ;
3472 ;21305 ;  ;66, 67 ;Диктор ;
3411 ;- ;  ;1 ;Дилер ;
3439 ;21314 ;- ;  ;Дипломатичний кур'єр ;
1210.1 ; ;  ;;Директор (генеральний директор, начальник, інший керівник) наукової установи (організації);
1229.7 ;;;;Директор (за напрямом діяльності);
1229.6;;;81;Директор (завідувач) бібліотеки;
1210.1 ;-;  ;85 ;Директор (інший керівник) підприємства, установи, організації фізкультурно-спортивної спрямованості ;
1313 ;- ;  ;64 ;Директор (керівник) малого будівельного підприємства ;
1316 ;-;-;  ;Директор (керівник) малого підприємства (транспортного, складського) ;
1319 ;-;  ;81** ;Директор (керівник) малого підприємства (у сфері охорони здоров'я, освіти, культури і т. ін.) ;
1312 ;- ;- ;  ;Директор (керівник) малого підприємства гірничодобувного ;
1311 ;- ;  ;2 ;Директор (керівник) малого підприємства сільськогосподарського ;
1312 ;- ;- ;  ;Директор (керівник) малого промислового підприємства (фірми) ;
1314 ;- ;  ;65 ;Директор (керівник) малої торговельної фірми ;
1229.1;;;;Директор (начальник) департаменту;
1229.3;;;;Директор (начальник) департаменту;
1229.4;;;;Директор (начальник) інституту в складі закладу вищої освіти;
1210.1 ;21447 ;- ;  ;Директор (начальник) організації (дослідної, конструкторської, проектної) ;
1210.1 ;;;;Директор (начальник, завідувач, інший керівник) філіалу (філії);
1210.1 ;- ;  ;1** ;Директор (начальник, інший керівник) підприємства ;
1237.2;;;;Директор бібліотеки;
1210.1 ;  ;  ;  ;Директор видавництва ;
1210.1 ;  ;  ;  ;Директор виконавчий ;
1210.1 ;21450 ;- ;  ;Директор відділення ;
1229.1 ;  ;  ;  ;Директор департаменту біржових операцій та електронного забезпечення ;
1229.1 ;  ;  ;  ;Директор департаменту організації роботи органів управління фондової біржі;
1226.1 ;  ;  ;  ;Директор Державного реєстру документів моряків ;
1222.1 ;21486 ;  ;5 ;Директор з виробництва ;
1231 ;21489 ;  ;5 ;Директор з економіки ;
1232 ;21477 ;  ;5, 1 ;Директор з кадрових питань та побуту ;
1223.1 ;21480 ;  ;64, 5 ;Директор з капітального будівництва ;
1233 ;  ;  ;  ;Директор з маркетингу ;
1226.1 ;21483 ;  ;5 ;Директор з матеріально-технічного постачання ;
1226.1 ;21483 ;  ;5 ;Директор з транспорту ;
1232;;;;Директор з управління персоналом;
1229.1 ;  ;  ;  ;Директор закладу експертизи державної системи з охорони прав на сорти рослин ;
1229.7;;;;Директор інклюзивно-ресурсного центру;
1210.1 ;21402 ;- ;  ;Директор книжкової палати ;
1233 ;21407 ;  ;1**;Директор комерційний ;
1210.1 ;21410 ;  ;85 ;Директор комплексу (оздоровчого, спортивного, туристського) ;
1210.1 ;21425 ;- ;  ;Директор лабораторії ;
1317 ;- ;- ;  ;Директор малої фірми (страхової, аудиторської, рекламної і т. ін.) ;
1210.1 ;21581 ;  ;85 ;Директор навчального (навчально-тренувального) центру ;
1210.1 ;21580 ;- ;  ;Директор навчального пункту ;
1210.1 ;21583 ;- ;  ;Директор навчально-курсового комбінату ;
1120.1;;;;Директор Національного антикорупційного бюро України;
1210.1 ;-;  ;83 ;Директор об'єднання (творчого, творчо-виробничого, радіотелевізійного і т. ін.) ;
1210.1 ;21441 ;  ;75 ;Директор обсерваторії ;
1210.1 ;-;-;  ;Директор обчислювального (інформаційно-обчислювального) центру ;
1229.3 ;- ;- ;  ;Директор Палацу урочистих подій ;
1210.1 ;21459 ;- ;  ;Директор пансіонату (кемпінгу) ;
1210.1 ;  ;  ;  ;Директор підприємства установи виконання покарань - заступник керівника (директора, начальника т. ін.) установи виконання покарань ;
1210.1 ;21506 ;- ;  ;Директор представництва ;
1229.6 ;;;  ;Директор аудіовізуальних та аудіальних програм;
1210.1;;;;Директор театру - художній керівник (генеральний директор театру - художній керівник);
1229.7;;;;Директор територіального управління Національного антикорупційного бюро України;
1229.7 ;  ;  ;5** ;Директор технічний ;
1231 ;  ;  ;  ;Директор фінансовий ;
1229.1 ;  ;  ;  ;Директор Фонду ;
1210.1 ;- ;  ;81, 80 ;Директор центру (метрології та стандартизації, телевізійного і т. ін.) ;
1229.4;;;68, 80;Директор центру підвищення кваліфікації;
1210.1 ;- ;- ;  ;Директор центру професійної орієнтації молоді ;
1231 ;  ;  ;84, 65 ;Директор-розпорядник ;
2453.2 ;21623 ;  ;84, 81 ;Диригент ;
3472 ;- ;- ;  ;Диск-жокей ;
3417 ;  ;  ;  ;Диспашер ;
3119 ;21635 ;- ;  ;Диспетчер автомобільного транспорту ;
3144 ;21638 ;-;  ;Диспетчер аеродромного диспетчерського (авіаційно-диспетчерського) пункту ;
3119 ;21641 ;- ;  ;Диспетчер вагонного депо ;
3119 ;21744 ;  ;5 ;Диспетчер виробництва ;
3117 ;21650 ;- ;  ;Диспетчер внутрішньошахтового (шахтового) транспорту ;
3119 ;  ;  ;63 ;Диспетчер газового господарства ;
3117 ;21656 ;  ;5 ;Диспетчер гірничий ;
3144 ;21659 ;- ;  ;Диспетчер диспетчерського пункту посадки (кола, підходу) ;
2149.2 ;21662 ;  ;87** ;Диспетчер диспетчерської служби керування ;
3114 ;- ;  ;70 ;Диспетчер електрозв'язку ;
3113 ;21782 ;- ;  ;Диспетчер електромеханічної служби ;
3113 ;21785 ;- ;  ;Диспетчер електропідстанції ;
3113 ;21788 ;- ;  ;Диспетчер ескалаторної служби ;
4131 ;21716 ;- ;  ;Диспетчер з відпуску готової продукції ;
3119 ;21707 ;- ;  ;Диспетчер з міжнародних перевезень ;
3144 ;21719 ;- ;  ;Диспетчер з перельотів ;
2149.2 ;21725 ;- ;  ;Диспетчер з регулювання вагонного парку ;
3144 ;21698 ;  ;68 ;Диспетчер з руху (літаків) ;
2149.2 ;  ;  ;  ;Диспетчер з транспортування газу ;
2149.2 ;21734 ;  ;67 ;Диспетчер з флоту ;
3144 ;21737 ;- ;  ;Диспетчер з центрування ;
3119 ;  ;  ;  ;Диспетчер зі збору навігаційної інформації ;
3144 ;  ;  ;  ;Диспетчер із забезпечення польотів ;
3119 ;;  ;66 ;Диспетчер локомотивний (на залізничному транспорті);
3119 ;21674 ;- ;  ;Диспетчер локомотивного депо ;
3119 ;21683 ;  ;66 ;Диспетчер маневровий залізничної станції ;
2143.2 ;21686 ;-;  ;Диспетчер об'єднаного диспетчерського управління енергосистеми ;
3221 ;;;;Диспетчер оперативно-диспетчерської служби (медицина);
2143.2;;;;Диспетчер оперативно-диспетчерської служби магістральних електричних мереж;
3119 ;;;  ;Диспетчер Оперативно-рятувальної служби цивільного захисту;
3113 ;21743 ;- ;  ;Диспетчер перетворювального комплексу ;
3119 ;21740 ;  ;62 ;Диспетчер підприємства (району) мереж ;
3152 ;21701 ;  ;66 ;Диспетчер поїзний ;
3119 ;21728 ;  ;67 ;Диспетчер порту ;
3114 ;- ;  ;70 ;Диспетчер поштового зв'язку ;
3143 ;  ;  ;68 ;Диспетчер пункту збору донесень ;
3143 ;  ;  ;68 ;Диспетчер пункту передпольотного інформаційного обслуговування ;
3113 ;21755 ;- ;  ;Диспетчер районного (місцевого) диспетчерського пункту ;
3119 ;21767 ;  ;68 ;Диспетчер служби перевезень ;
2149.2 ;21764 ;  ;68 ;Диспетчер служби руху ;
3119 ;21768 ;  ;66 ;Диспетчер станційний ;
3144 ;21770 ;- ;  ;Диспетчер стартового диспетчерського пункту ;
3144 ;  ;  ;  ;Диспетчер управління повітряним рухом ;
4115 ;21776 ;- ;  ;Диспетчер факультету ;
2143.2;;;;Диспетчер централізованого диспетчерського управління об'єднаною енергосистемою України;
2143.2;;;;Диспетчер центральної диспетчерської служби енергосистеми;
3144 ;21779 ;- ;  ;Диспетчер центру керування повітряним рухом ;
3115 ;  ;  ;68 ;Диспетчер центру комутації повідомлень ;
2149.2 ;21665 ;- ;  ;Диспетчер шляховий ;
3119 ;21629 ;  ;1** ;Диспетчер ;
3144 ;21668 ;  ;68 ;Диспетчер-інспектор з руху (літаків) ;
3144 ;  ;  ;68 ;Диспетчер-інспектор ;
3152 ;21667 ;- ;  ;Диспетчер-інспектор ;
3143 ;  ;  ;68 ;Диспетчер-інструктор диспетчерського тренажера ;
2149.2 ;21671 ;  ;68 ;Диспетчер-інструктор служби руху ;
3144 ;  ;  ;  ;Диспетчер-інструктор ;
3113 ;  ;  ;62 ;Диспетчер-інформатор ;
3144;;;;Дистанційний командир безпілотного повітряного судна;
3144;;;;Дистанційний пілот безпілотного повітряного судна;
3144;;;;Дистанційний пілот-випробувач безпілотного повітряного судна;
3144;;;;Дистанційний пілот-інструктор безпілотного повітряного судна;
8154 ;11840 ;  ;45 ;Дистилювальник ртуті ;
8153 ;11842 ;  ;45 ;Дистиляторник ртуті ;
2429;;;;Дисциплінарний інспектор Вищої ради правосуддя;
8142 ;11843 ;  ;17 ;Дифузорник целюлози ;
2423 ;  ;  ;  ;Дізнавач (з дипломом магістра);
2139.2;;;;Дізнавач (сфера кібербезпеки та захисту інформації);
3451 ;  ;  ;  ;Дізнавач ;
8262 ;11813 ;47 ;  ;Ділильник мережива ;
4144 ;21299 ;  ;1 ;Діловод ;
3451;;;;Дільничний офіцер поліції;
8340 ;11845 ;  ;67 ;Днювальний ;
5164;;;;Доброволець територіальної оборони;
8211 ;11883 ;  ;42 ;Довбальник ;
8112 ;11849 ;  ;5 ;Доводжувач алмазовмісних концентратів ;
9321 ;11854 ;  ;45 ;Доводжувач вугільних шайб ;
8232 ;11851 ;27 ;  ;Доводжувач деталей ;
8112 ;11847 ;  ;5 ;Доводжувач ;
7224 ;11853 ;  ;42 ;Доводжувач-притирник ;
3112 ;24750 ;;64;Доглядач будови;
8340 ;18616 ;  ;67 ;Доглядач вогнів ;
5143 ;24755 ;  ;87 ;Доглядач кладовища (колумбарію) ;
8340 ;18614 ;- ;  ;Доглядач маяка ;
9141 ;24749 ;- ;  ;Доглядач ;
7243 ;11856 ;  ;1 ;Дозиметрист ;
8151;;;;Дозувальник (спеціальні хімічні виробництва);
8229 ;11862 ;35 ;  ;Дозувальник волокна та плівки ;
8112 ;11863 ;4 ;  ;Дозувальник гарячого повертання ;
8151 ;11865 ;43 ;  ;Дозувальник дробленого каменю та бітуму ;
8139 ;11867 ;45 ;  ;Дозувальник керамічних матеріалів ;
8212 ;11869 ;  ;35 ;Дозувальник компонентів бетонних сумішей ;
8211 ;11871 ;  ;25 ;Дозувальник медичних препаратів ;
8151 ;11872 ;  ;16 ;Дозувальник мінералізатора ;
8112 ;11876 ;  ;5 ;Дозувальник реагентів ;
9322 ;11878 ;  ;48 ;Дозувальник ртуті ;
8151 ;11881 ;  ;35 ;Дозувальник сировини ;
9322 ;11874 ;  ;7 ;Дозувальник харчової продукції ;
8112 ;11858 ;  ;5 ;Дозувальник ;
8151 ;11880 ;  ;35 ;Дозувальник-змішувач на шнеках ;
2310.1 ;  ;  ;  ;Докторант ;
2432.1 ;21792 ;  ;1 ;Документознавець ;
8112 ;11885 ;  ;5 ;Долотозаправник ;
8332 ;11889 ;  ;64 ;Дорожній робітник ;
7129 ;11887 ;  ;5 ;Дорожньо-колійний робітник ;
2213.1 ;  ;  ;  ;Дослідник аквакультури ;
2213.1 ;  ;  ;  ;Дослідник із агрохімії та ґрунтознавства ;
2213.1 ;  ;  ;  ;Дослідник із захисту рослин ;
2213.1 ;  ;  ;  ;Дослідник із плодоовочівництва та виноградарства ;
2213.1 ;  ;  ;  ;Дослідник із селекції та генетики сільськогосподарських культур ;
2310.1 ;;;;Доцент закладу вищої освіти;
6121 ;11895 ;  ;2 ;Дояр ;
8112 ;11897 ;  ;5 ;Драгер ;
8274 ;11899 ;  ;11 ;Дражувальник ;
2451.2 ;  ;  ;  ;Драматург ;
7437 ;11901 ;61 ;  ;Драпірувальник ;
9311 ;11904 ;  ;5 ;Дренажист з видобутку мірабіліту ;
9312 ;11906 ;  ;66 ;Дренажник ;
3474 ;- ;  ;84 ;Дресирувальник диких тварин ;
2211.2 ;  ;  ;  ;Дресирувальник морських тварин ;
7412 ;11930 ;  ;11 ;Дріжджовик ;
8112 ;11908 ;  ;35 ;Дробильник (виробництво цементу) ;
8112 ;11908 ;  ;5 ;Дробильник (збагачування, агломерація й брикетування) ;
8151;;;;Дробильник (спеціальні хімічні виробництва);
8151 ;11908 ;24 ;  ;Дробильник (хімічне виробництво) ;
8151 ;11910 ;  ;38 ;Дробильник алмазів та надтвердих матеріалів ;
8151 ;11912 ;  ;35 ;Дробильник вапна ;
8151 ;11927 ;  ;45 ;Дробильник електровугільного виробництва ;
8151 ;11916 ;  ;43 ;Дробильник компонентів обмазки ;
8151 ;11920 ;43 ;  ;Дробильник слюди ;
8151 ;11922 ;  ;36 ;Дробильник теплоізоляційної сировини ;
8139 ;11925 ;  ;37 ;Дробильник шліфзерна, шліфпорошків та шихтових матеріалів ;
8151 ;11918 ;  ;35 ;Дробильник-розмелювач (виробництво залізобетонних та бетонних виробів) ;
8139 ;11918 ;45 ;  ;Дробильник-розмелювач (виробництво керамічних, фарфорових та фаянсових виробів) ;
8139 ;11918 ;44 ;  ;Дробильник-розмелювач (виробництво скла та скловиробів) ;
3142 ;  ;  ;  ;Другий помічник капітана (на суднах внутрішнього плавання) ;
3141 ;  ;  ;  ;Другий помічник командира земснаряда (землесоса, дноочищувального снаряда) ;
8251 ;16544 ;59 ;  ;Друкар брайлівського друкування ;
8251 ;  ;  ;  ;Друкар високого друкування ;
8251 ;  ;  ;  ;Друкар глибокого друкування ;
8251 ;16550 ;59 ;  ;Друкар діаграмної продукції ;
8253 ;16562 ;59 ;  ;Друкар друкарсько-висікального автомата ;
8251 ;16566 ;59 ;  ;Друкар друкування на жерсті ;
8251 ;16577 ;59 ;  ;Друкар естампа ;
8251 ;  ;  ;  ;Друкар металографічного друкування ;
8251 ;16556 ;  ;17 ;Друкар міліметрівки ;
8229 ;16558 ;27 ;  ;Друкар на лінолеумі ;
8251 ;  ;  ;  ;Друкар орловського друкування ;
8251 ;  ;  ;  ;Друкар офсетного плоского друкування ;
4190 ;16568 ;  ;82 ;Друкар субтитрування ;
8251 ;16572 ;59 ;  ;Друкар трафаретного друкування ;
8251 ;16573 ;59 ;  ;Друкар флексографічного друкування ;
7311 ;16575 ;  ;50 ;Друкар циферблатів ;
8252 ;16570 ;59 ;  ;Друкар-тиснильник ;
8266 ;11934 ;48 ;  ;Дублювальник деталей та матеріалів ;
8159 ;11936 ;24 ;  ;Дублювальник листового матеріалу ;
8231 ;11932 ;33 ;  ;Дублювальник ;
5111 ;25349 ;  ;80 ;Евакуатор ;
9322 ;19740 ;  ;66 ;Екіпірувальник ;
2211.2 ;- ;- ;  ;Еколог ;
2211.2;;;;Екологічний аудитор;
2441.2 ;  ;  ;  ;Економетрист ;
2441.2 ;25355 ;  ;1 ;Економіст з бухгалтерського обліку та аналізу господарської діяльності ;
2441.2 ;25359 ;  ;64, 1 ;Економіст з договірних та претензійних робіт ;
2441.2 ;25362 ;  ;1 ;Економіст з матеріально-технічного забезпечення ;
2441.2 ;  ;  ;  ;Економіст з міжнародної торгівлі ;
2441.2 ;25368 ;  ;1 ;Економіст з планування ;
2441.2 ;  ;  ;  ;Економіст з податків і зборів ;
2412.2 ;25374 ;  ;1 ;Економіст з праці ;
2441.2 ;- ;- ;  ;Економіст з режимів газопостачання, обліку та контролю за витрачанням газу ;
2441.2 ;25377 ;  ;1 ;Економіст з фінансової роботи ;
2419.2 ;25371 ;  ;1 ;Економіст із збуту ;
2441.2 ;  ;  ;  ;Економіст із ціноутворення ;
2441.2 ;25352 ;  ;1 ;Економіст обчислювального (інформаційно-обчислювального) центру ;
2441.2 ;25351 ;  ;1**;Економіст ;
2122.2 ;25353 ;  ;1 ;Економіст-демограф ;
2122.2 ;  ;  ;  ;Економіст-статистик (прикладна статистика) ;
2122.2 ;- ;- ;  ;Економіст-статистик ;
2441.2 ;- ;- ;  ;Економічний радник ;
5121 ;- ;  ;5* ;Економка ;
8211 ;19742 ;  ;45 ;Екранувальник жил, проводів та кабелів ;
8275 ;19744 ;  ;9 ;Ексгаустерувальник банок з консервами ;
3414 ;  ;  ;5*, 81 ;Екскурсовод ;
2481.2 ;  ;  ;  ;Екскурсознавець ;
4142 ;- ;  ;70 ;Експедитор (перевезення пошти) ;
3422;25389;;;Експедитор транспортний;
3422 ;25386 ;  ;1 ;Експедитор ;
2429 ;;;  ;Експерт у галузі права;
2490;;;;Експерт (за видами діяльності);
2142.2;;;;Експерт будівельний;
2211.2 ;  ;  ;  ;Експерт з екології ;
2431.2 ;25395 ;- ;  ;Експерт з комплектування музейного та виставочного фонду ;
2452.2 ;  ;  ;  ;Експерт з модельної діяльності ;
2229.2;;;;Експерт з оцінки медичних технологій;
2149.2;;;;Експерт з оцінки пожежних ризиків;
2432.2 ;  ;  ;  ;Експерт з питань інтелектуальної власності ;
2471 ;  ;  ;  ;Експерт з пробірного контролю ;
2149.2;;;;Експерт з радіаційного захисту;
2412.2 ;  ;  ;80 ;Експерт з регулювання соціально-трудових відносин ;
2412.2 ;- ;  ;80 ;Експерт з умов праці ;
2139.2;;;;Експерт з управління інформаційними технологіями;
2139.2;;;;Експерт з цифрової криміналістики (сфера кібербезпеки та захисту інформації) ;
2419.2 ;  ;  ;  ;Експерт із енергоефективності нетрадиційних і відновлювальних видів енергії ;
2149.2 ;  ;  ;  ;Експерт із енергозбереження та енергоефективності ;
2490;;;;Експерт із захисту об’єктів критичної інфраструктури (за видами діяльності);
2419.2 ;25393 ;- ;  ;Експерт із зовнішньоекономічних питань ;
2412.2 ;  ;  ;  ;Експерт із соціальної відповідальності ;
2443.2 ;- ;- ;  ;Експерт із суспільно-політичних питань ;
2419.2 ;;;;Експерт із торговельно-економічних операцій ;
2429;;;;Експерт-імунолог судовий;
2211.2 ;  ;  ;5* ;Експерт-кінолог ;
3417 ;  ;  ;  ;Експерт-консультант із страхування ;
2139.2;;;;Експерт-криміналіст судової експертизи (сфера кібербезпеки та захисту інформації);
2429;;;;Експерт-психолог судовий;
2149.2;;;;Експерт технічний з промислової безпеки;
2429;;;;Експерт-токсиколог судовий;
2149.2;;;;Експерт у сфері пожежної та техногенної безпеки;
2429;;;;Експерт-цитолог судовий;
8274 ;19747 ;55 ;  ;Екстрагувальник пектину ;
5132;;;;Екстрений медичний технік;
3113 ;25401 ;- ;  ;Електрик дільниці ;
7241 ;19749 ;  ;67 ;Електрик судновий ;
3113 ;25404 ;- ;  ;Електрик цеху ;
3143 ;25400 ;- ;  ;Електрик-випробувач бортовий ;
8159 ;19751 ;28 ;  ;Електроверетенник ;
7212 ;19752 ;  ;42 ;Електровібронаплавлювач ;
8262 ;19754 ;  ;60 ;Електроворсувальник ;
7212 ;  ;  ;67 ;Електрогазозварник судновий ;
7212 ;19756 ;  ;42 ;Електрогазозварник ;
7212 ;19758 ;  ;63 ;Електрогазозварник-врізальник ;
3113 ;25407 ;- ;  ;Електродиспетчер ;
8152 ;19760 ;  ;41 ;Електродник (виробництво електродної продукції) ;
8151 ;19760 ;  ;43 ;Електродник (виробництво металевих електродів) ;
8282 ;19764 ;  ;45 ;Електродник ламельних акумуляторів та елементів ;
8282 ;19762 ;  ;45 ;Електродних безламельних акумуляторів та елементів ;
8211 ;19940 ;  ;42 ;Електроерозіоніст ;
8211 ;19765 ;  ;42 ;Електрозаточувальник ;
7212 ;19903 ;  ;40 ;Електрозварник листів та стрічок ;
7212 ;19905 ;  ;42 ;Електрозварник на автоматичних та напівавтоматичних машинах ;
7212 ;  ;  ;42, 64 ;Електрозварник ручного зварювання ;
7212 ;19908 ;  ;40 ;Електрозварник труб на стані ;
7219 ;  ;  ;  ;Електрозварник у металургійному виробництві ;
8224 ;19767 ;34 ;  ;Електрокопіювальник ;
8224 ;19769 ;34 ;  ;Електролізерник ;
8122 ;19771 ;  ;41 ;Електролізник водних розчинів ;
8223 ;19773 ;  ;40 ;Електролізник із знімання олова з жерсті ;
8122 ;19774 ;  ;41 ;Електролізник розплавлених солей ;
8119;;;;Електромеханік гірничого устаткування підземний;
3113 ;25419 ;  ;67 ;Електромеханік груповий перевантажувальних машин ;
3141 ;25422 ;- ;  ;Електромеханік груповий флоту (з флоту) ;
3113 ;25441 ;- ;  ;Електромеханік дільниці ;
3113 ;- ;  ;70 ;Електромеханік електрозв'язку ;
7241 ;19776 ;  ;55 ;Електромеханік з випробувань та ремонту електроустаткування ;
7241 ;19778 ;  ;1 ;Електромеханік з ліфтів ;
7241 ;- ;  ;62 ;Електромеханік з обслуговування і ремонту вітроенергетичної установки ;
7241 ;19780 ;  ;67, 68 ;Електромеханік з обслуговування світлотехнічного устаткування систем забезпечення польотів ;
3113 ;25432 ;- ;  ;Електромеханік з підіймальних установок ;
7311 ;19791 ;  ;48 ;Електромеханік з ремонту та обслуговування електронної медичної апаратури ;
7241 ;19789 ;  ;42 ;Електромеханік з ремонту та обслуговування лічильно-обчислювальних машин ;
7311 ;19782 ;  ;48 ;Електромеханік з ремонту та обслуговування медичних оптичних приладів ;
7311 ;19786 ;  ;48 ;Електромеханік з ремонту та обслуговування медичного рентгенівського устаткування ;
7319 ;  ;  ;  ;Електромеханік з ремонту та обслуговування медичного устаткування та апаратури ;
7311 ;19784 ;  ;48 ;Електромеханік з ремонту та обслуговування медичного устаткування ;
7311 ;19787 ;  ;48 ;Електромеханік з ремонту та обслуговування наркозно-дихальної апаратури ;
7241 ;  ;  ;  ;Електромеханік з ремонту та обслуговування устаткування інформаційних систем ;
3113 ;25431 ;- ;  ;Електромеханік загальносуднового електроустаткування ;
7241 ;19792 ;  ;42 ;Електромеханік засобів автоматики та приладів технологічного устаткування ;
3113 ;  ;  ;70 ;Електромеханік засобів радіо та телебачення ;
3141 ;25425 ;  ;67 ;Електромеханік лінійний флоту (з флоту) ;
3113 ;-;  ;70 ;Електромеханік лінійних споруд електрозв'язку та абонентських пристроїв ;
3113 ;25430 ;- ;  ;Електромеханік підводного апарата ;
3113 ;25429 ;- ;  ;Електромеханік підземної дільниці ;
7241 ;19794 ;  ;70 ;Електромеханік поштового устаткування ;
3113 ;25434 ;- ;  ;Електромеханік радіонавігаційної системи ;
3113 ;  ;  ;  ;Електромеханік судновий ;
7241 ;19793 ;  ;65 ;Електромеханік торговельного та холодильного устаткування ;
3113 ;25410 ;  ;67, 66 ;Електромеханік ;
3113 ;25427 ;  ;67 ;Електромеханік-наставник ;
7241 ;19800 ;  ;64 ;Електромонтажник акумуляторних батарей ;
7313 ;19796 ;  ;50 ;Електромонтажник блоків електронно-механічних годинників ;
7249;;;;Електромонтажник будівельний;
7241 ;19802 ;  ;64 ;Електромонтажник вторинних ланцюгів ;
7241 ;19814 ;  ;64 ;Електромонтажник електричних машин ;
7245 ;19804 ;  ;64 ;Електромонтажник з кабельних мереж ;
7137 ;19806 ;  ;64 ;Електромонтажник з освітлення та освітлювальних мереж ;
7241 ;19810 ;  ;64 ;Електромонтажник із сигналізації, централізації та блокування на залізничному транспорті й наземних лініях метрополітену ;
7241 ;19808 ;  ;64 ;Електромонтажник розподільних пристроїв ;
7241 ;19812 ;  ;64 ;Електромонтажник силових мереж та електроустаткування ;
7241;;;;Електромонтажник спеціальних виробів;
7241 ;19816 ;  ;56 ;Електромонтажник судновий ;
7241 ;19798 ;  ;64 ;Електромонтажник-налагоджувальник ;
7241 ;19817 ;  ;45 ;Електромонтажник-схемник ;
7241 ;19819 ;  ;62 ;Електромонтер головного щита керування електростанцією ;
7241 ;19821 ;  ;1 ;Електромонтер диспетчерського устаткування та телеавтоматики ;
7241 ;19834 ;  ;62 ;Електромонтер з випробувань та вимірювань ;
7241 ;19869 ;  ;62 ;Електромонтер з експлуатації електролічильників ;
7241 ;19867 ;  ;62 ;Електромонтер з експлуатації розподільних мереж ;
9322 ;19870 ;  ;62 ;Електромонтер з ескізування трас ліній електропередачі ;
9322 ;19836 ;  ;62 ;Електромонтер з нагляду за трасами кабельних мереж ;
7241 ;19838 ;  ;6 ;Електромонтер з обслуговування бурових ;
7241 ;19840 ;  ;62 ;Електромонтер з обслуговування гідроагрегатів машинного залу ;
7242 ;19850 ;  ;70 ;Електромонтер з обслуговування електроустановок ;
7241 ;19848 ;  ;62 ;Електромонтер з обслуговування електроустаткування електростанцій ;
7241 ;-;  ;62 ;Електромонтер з обслуговування і ремонту установок захисту від корозії підземних трубопроводів ;
7241 ;19844 ;  ;62 ;Електромонтер з обслуговування перетворювальних пристроїв ;
7241 ;19842 ;  ;62 ;Електромонтер з обслуговування підстанції ;
7241 ;-;  ;70 ;Електромонтер з обслуговування холодильного устаткування електрозв'язку ;
7241 ;19852 ;  ;62 ;Електромонтер з оперативних перемикань у розподільних мережах ;
7241 ;19854 ;  ;62 ;Електромонтер з ремонту апаратури, релейного захисту й автоматики ;
7241 ;19857 ;  ;62 ;Електромонтер з ремонту вторинної комутації та зв'язку ;
7241 ;19863 ;  ;62 ;Електромонтер з ремонту обмоток та ізоляції електроустаткування ;
7241 ;19855 ;  ;62 ;Електромонтер з ремонту повітряних ліній електропередачі ;
7241 ;19859 ;  ;62 ;Електромонтер з ремонту та монтажу кабельних ліній ;
7241 ;-;  ;66 ;Електромонтер з ремонту та обслуговування апаратури та пристроїв зв'язку ;
7241 ;19861 ;  ;1 ;Електромонтер з ремонту та обслуговування електроустаткування ;
7241 ;19890 ;  ;66 ;Електромонтер з ремонту та обслуговування пристроїв сигналізації, централізації та блокування ;
7241;;;;Електромонтер з ремонту та обслуговування сонячних електроустановок;
7241 ;19825 ;  ;87, 66 ;Електромонтер контактної мережі ;
7244 ;-;  ;70 ;Електромонтер лінійних споруд електрозв'язку та проводового мовлення ;
7241 ;19831 ;  ;62 ;Електромонтер оперативно-виїзної бригади ;
7244 ;19832 ;58 ;  ;Електромонтер охоронно-пожежної сигналізації ;
7241 ;- ;  ;70 ;Електромонтер підземних споруд та комунікацій електрозв'язку ;
7243 ;- ;  ;70 ;Електромонтер станційного радіотелевізійного устаткування ;
7243 ;-;  ;70 ;Електромонтер станційного устаткування проводового мовлення ;
7244 ;19881 ;  ;70 ;Електромонтер станційного устаткування телеграфного зв'язку ;
7244 ;19883 ;  ;70 ;Електромонтер станційного устаткування телефонного зв'язку ;
7241 ;19888 ;  ;66 ;Електромонтер тягової підстанції ;
7241 ;19829 ;  ;64 ;Електромонтер-лінійник з монтажу повітряних ліній високої напруги й контактної мережі ;
7241 ;19874 ;  ;66 ;Електромонтер-релейник ;
7241 ;19892 ;  ;84 ;Електроосвітлювач ;
8223 ;19894 ;  ;42 ;Електрополірувальник ;
7242 ;19899 ;  ;56 ;Електрорадіомонтажник судновий ;
8340 ;19901 ;73 ;  ;Електрорадіонавігатор ;
7241 ;19931 ;  ;5 ;Електрослюсар (слюсар) черговий та з ремонту устаткування ;
7137 ;19933 ;  ;64 ;Електрослюсар будівельний ;
7241 ;19917 ;  ;62 ;Електрослюсар з обслуговування автоматики та засобів вимірювань електростанцій ;
7241 ;  ;  ;64 ;Електрослюсар з проходки ;
7241 ;19927 ;  ;62 ;Електрослюсар з ремонту електричних машин ;
7241 ;19929 ;  ;62 ;Електрослюсар з ремонту електроустаткування електростанцій ;
7241 ;19919 ;  ;62 ;Електрослюсар з ремонту й обслуговування автоматики та засобів вимірювань електростанцій ;
7241 ;19921 ;  ;21 ;Електрослюсар з ремонту устаткування нафтобаз ;
7241 ;19923 ;  ;62 ;Електрослюсар з ремонту устаткування розподільних пристроїв ;
7241 ;19915 ;  ;5 ;Електрослюсар підземний ;
7241 ;19910 ;  ;41 ;Електрослюсар-контактник ;
7241 ;19912 ;  ;64 ;Електрослюсар-монтажник підземного гірничопрохідницького устаткування ;
8152 ;19935 ;  ;45 ;Електросушильник кабелів ;
7342 ;19937 ;59 ;  ;Електрофотограф ;
8211 ;19939 ;  ;42 ;Електрохімоброблювач ;
7324 ;19948 ;65 ;  ;Емалювальник (виробництво художніх виробів) ;
8223 ;19942 ;2 ;  ;Емалювальник (емалювання) ;
8223 ;19944 ;  ;45 ;Емалювальник дроту ;
8212 ;19946 ;20 ;  ;Емалювальник резисторів ;
2211.2 ;  ;  ;  ;Ембріолог ;
8152 ;19954 ;  ;1 ;Емульсовар ;
7343 ;19952 ;20 ;  ;Емульсувальник прецизійної фотолітографії ;
8264 ;19950 ;47 ;  ;Емульсувальник ;
3113 ;25470 ;- ;  ;Енергетик виробництва ;
3113 ;25467 ;- ;  ;Енергетик гідровузла (шлюзу) ;
3113 ;25473 ;- ;  ;Енергетик дільниці ;
3113 ;25468 ;- ;  ;Енергетик підземної дільниці ;
3113 ;25476 ;  ;1 ;Енергетик цеху ;
3113 ;25455 ;- ;  ;Енергетик ;
2142.2;;;;Енергетичний аудитор будівель;
2149.2;;;;Енергетичний аудитор процесів;
2149.2;;;;Енергетичний аудитор транспорту;
3113 ;25485 ;- ;  ;Енергодиспетчер шляховий ;
3113 ;25482 ;  ;66 ;Енергодиспетчер ;
2113.2 ;25488 ;- ;  ;Енохімік ;
2211.2 ;25491 ;- ;  ;Ентомолог ;
2211.2 ;25494 ;- ;  ;Ентофітопатолог ;
2212.2 ;25497 ;- ;  ;Епідеміолог ;
8265 ;19956 ;48 ;  ;Епілювальник хутряних шкурок ;
2149.2 ;  ;  ;  ;Ергономіст ;
2229.2;;;;Ерготерапевт;
2442.2 ;  ;  ;  ;Етнолог ;
6111 ;19957 ;  ;2 ;Ефіроолійник ;
5169 ;  ;  ;  ;Єгер ;
8275 ;11943 ;  ;11 ;Жарівник ;
7324 ;11947 ;45 ;  ;Живописець ;
9322 ;11953 ;  ;8 ;Жилувальник м'яса та субпродуктів ;
7441 ;11955 ;48 ;  ;Жирувальник шкір ;
3475 ;11957 ;70 ;  ;Жокей ;
2451.2 ;  ;  ;  ;Журналіст ;
7411 ;11206 ;  ;8 ;Забивач худоби ;
8131 ;11965 ;45 ;  ;Забирач фарфорових, фаянсових та керамічних виробів ;
7111 ;11963 ;  ;5 ;Забійник на відбійних молотках ;
7111 ;11961 ;  ;5 ;Забійник ;
8211 ;11969 ;20 ;  ;Завальцювальник радіодеталей ;
7221 ;11967 ;  ;42 ;Завальцювальник ;
8122 ;11971 ;  ;42 ;Завалювальник шихти у вагранки та печі ;
8153 ;12091 ;  ;8 ;Завантажувач (вивантажувач) дифузорів ;
8142 ;12082 ;  ;17 ;Завантажувач балансів у дефібрери ;
8212 ;12084 ;  ;64 ;Завантажувач варильних котлів ;
8141 ;12110 ;  ;16 ;Завантажувач деревних та костричних плит ;
8139 ;12112 ;  ;34 ;Завантажувач дробильно-помельного устаткування ;
9322 ;12114 ;47 ;  ;Завантажувач касет ;
8121 ;12139 ;  ;41 ;Завантажувач лугу ;
8151 ;12117 ;  ;35 ;Завантажувач мелючих тіл ;
8139 ;12121 ;  ;37 ;Завантажувач печей опору ;
8131 ;12119 ;44 ;  ;Завантажувач печей ;
8131 ;12130 ;  ;40 ;Завантажувач сировини й напівфабрикатів ;
8261 ;12129 ;  ;12 ;Завантажувач сировини ;
8152 ;12125 ;  ;17 ;Завантажувач сульфату ;
8212 ;12127 ;  ;35 ;Завантажувач сушильних барабанів ;
8123 ;12132 ;  ;40 ;Завантажувач термічних печей ;
8212 ;12134 ;  ;36 ;Завантажувач тунельних печей ;
8154 ;12136 ;48 ;  ;Завантажувач хімічної сировини в апарати ;
8121 ;12138 ;  ;41 ;Завантажувач шихти ;
9311 ;12080 ;  ;5 ;Завантажувач ;
8139 ;12088 ;  ;37 ;Завантажувач-вивантажувач абразивних виробів у періодичні випалювальні печі ;
9311 ;12090 ;  ;5 ;Завантажувач-вивантажувач вагранок і печей ;
8131 ;12093 ;  ;34 ;Завантажувач-вивантажувач випалювальних печей ;
8152 ;12095 ;  ;41 ;Завантажувач-вивантажувач випалювальних та графітувальних печей ;
8152 ;12098 ;  ;45 ;Завантажувач-вивантажувач печей випалу та графітації ;
8159 ;12097 ;  ;21 ;Завантажувач-вивантажувач печей ;
8212 ;12104 ;  ;35 ;Завантажувач-вивантажувач сировини, палива та стінових виробів ;
8131 ;12102 ;45 ;  ;Завантажувач-вивантажувач сушарок ;
8159 ;12106 ;  ;19 ;Завантажувач-вивантажувач термоантрацитових печей ;
8279 ;12108 ;  ;11 ;Завантажувач-вивантажувач ферментаційних камер ;
8273 ;12100 ;  ;7 ;Завантажувач-вивантажувач харчової продукції ;
8159 ;12086 ;24 ;  ;Завантажувач-вивантажувач ;
8159 ;;;;Завантажувач-розвантажувач (спеціальні хімічні виробництва);
8139 ;12123 ;  ;37 ;Завантажувач-розвантажувач сушильних печей ;
7211 ;11978 ;  ;42 ;Заварник відливок ;
7311 ;11985 ;20 ;  ;Заварник електровакуумних приладів ;
9322 ;11974 ;20 ;  ;Заварник ізоляторів ;
7311 ;11976 ;20 ;  ;Заварник на високочастотному індукторі ;
7311 ;11982 ;20 ;  ;Заварник напівпровідникових приладів ;
8152 ;11980 ;  ;45 ;Заварник пасти ;
8124 ;11984 ;  ;40 ;Заварник труб та балонів ;
8264 ;11973 ;47 ;  ;Заварник ;
7311 ;11989 ;  ;50 ;Завивальник спіралей ;
1229.4;;;;Завідувач (начальник) відділення (курсу, циклу) у закладі освіти;
1237.2 ;21988 ;-;  ;Завідувач (начальник) відділу (науково-дослідного, конструкторського, проектного та ін.) ;
1229.4;;;;Завідувач (начальник) кафедри;
1229.7 ;22036 ;- ;  ;Завідувач (начальник) приймальні ;
1231 ;22066 ;- ;  ;Завідувач (начальник) секретаріату ;
1229.1;;;;Завідувач (начальник) сектору;
1229.3;;;;Завідувач (начальник) сектору (місцева  державна адміністрація, орган місцевого самоврядування);
1229.1;;;;Завідувач (начальник) сектору (самостійного);
1229.6 ;21806 ;- ;  ;Завідувач абонементу ;
1210.1 ;21815 ;  ;78 ;Завідувач аптеки (аптечного закладу) ;
1229.7 ;21824 ;- ;  ;Завідувач архівосховища ;
1229.7 ;21818 ;  ;1 ;Завідувач архіву ;
1229.4 ;21827 ;- ;  ;Завідувач аспірантури (інтернатури, ординатури, докторантури) ;
1228 ;21830 ;- ;  ;Завідувач ательє ;
1229.6 ;21836 ;  ;81 ;Завідувач атракціону ;
1210.1 ;21839 ;  ;78 ;Завідувач бази аптечної ;
1228 ;21839 ;  ;67 ;Завідувач бази білизняної ;
1229.4 ;21839 ;- ;  ;Завідувач бази навчально-наукової ;
1226.2 ;21839 ;- ;  ;Завідувач бази перевалочної ;
1229.6 ;21839 ;  ;85 ;Завідувач бази спортивної ;
1225 ;21888 ;  ;66 ;Завідувач будинку відпочинку локомотивних (поїзних) бригад ;
1228 ;21887 ;- ;  ;Завідувач будинку побуту (моди) ;
1226.2 ;21848 ;  ;87, 66 ;Завідувач бюро (квиткового, з розшуку вантажу та багажу та ін.) ;
1229.6 ;21338 ;- ;  ;Завідувач бюро (кінопересувок, подорожей, екскурсій) ;
1239 ;21849 ;  ;1 ;Завідувач бюро перепусток ;
1221.2 ;21851 ;- ;  ;Завідувач ветеринарної клініки (лікарні, поліклініки) ;
1225 ;22042 ;  ;65 ;Завідувач виробництва ;
1229.6 ;21344 ;  ;81 ;Завідувач виставки ;
1229.5 ;21857 ;  ;2, 25 ;Завідувач віварію ;
1237.2;;;;Завідувач відділення;
1229.7 ;21985 ;-;  ;Завідувач відділення (бібліотеки, заочного, контейнерного, підготовчого та ін.) ;
1237.2 ;21989 ;- ;  ;Завідувач відділу (бюро) оформлення проектних матеріалів ;
1229.3 ;;;  ;Завідувач відділу (місцеві органи державної влади, місцевого самоврядування);
1229.1 ;  ;  ;  ;Завідувач відділу (самостійного) ;
1229.1 ;  ;  ;  ;Завідувач відділу (у складі управління) ;
1229.1 ;21988 ;- ;  ;Завідувач відділу (центральні органи державної влади) ;
1229.7 ;21988 ;  ;65** ;Завідувач відділу ;
1229.6 ;21858 ;  ;82 ;Завідувач відеотеки ;
1222.2 ;21860 ;- ;  ;Завідувач геокамери ;
1222.2 ;21869 ;  ;5 ;Завідувач гірничих робіт ;
1222.2 ;21866 ;  ;74 ;Завідувач глиногосподарства ;
1221.2 ;21598 ;  ;4, 2 ;Завідувач господарства (лісового, лісомисливського, мисливського, ставового, рибоводного) ;
1221.2 ;  ;  ;2 ;Завідувач господарства підсобного сільського ;
1239 ;22124 ;  ;1 ;Завідувач господарства ;
1229.1 ;  ;  ;  ;Завідувач групи ;
1229.7 ;21872 ;  ;74 ;Завідувач групи ;
1225 ;21979 ;  ;87, 1 ;Завідувач гуртожитку ;
1226.2 ;21877 ;- ;  ;Завідувач двору (вантажного) ;
1221.2 ;21877 ;  ;2 ;Завідувач двору (кінного, машинного) ;
1221.2 ;;;;Завідувач дільниці ветеринарної медицини ;
1221.2 ;;;;Завідувач дільниці сортовипробувальної ;
1237.2 ;21886 ;- ;;Завідувач докторантури ;
1228 ;21889 ;- ;;Завідувач душової ;
1222.2 ;22133 ;;1 ;Завідувач експедиції ;
1319 ;21375 ;- ;;Завідувач залу ;
1228 ;22063 ;;87 ;Завідувач звалища ;
1221.2 ;21897 ;;2 ;Завідувач кабінету (агрохімічного) ;
1239 ;21897 ;- ;;Завідувач кабінету з військово-технічної підготовки ;
1232 ;21897 ;- ;;Завідувач кабінету з техніки безпеки ;
1229.4 ;21897 ;;;Завідувач кабінету навчального (методичного, навчально-методичного);
1229.7 ;21897 ;- ;;Завідувач кабінету технічного ;
1226.2 ;21900 ;;1 ;Завідувач камери схову (ручного багажу) ;
1229.1 ;;;;Завідувач канцелярії ;
1231 ;21903 ;;1 ;Завідувач канцелярії ;
1231 ;21906 ;;84, 66 ;Завідувач каси ;
1225 ;21927 ;;66, 67 ;Завідувач кімнати (матері та дитини, зразків, відпочинку водіїв автомобілів, відпочинку пасажирів в аеропорту, на вокзалі) ;
1228 ;21915 ;;87 ;Завідувач кладовища ;
1228 ;21926 ;;87 ;Завідувач колумбарію ;
1227 ;21918 ;- ;;Завідувач комори (ломбарду, цінностей) ;
1229.6 ;21928 ;- ;;Завідувач комплексу (атракціонного, товарного) ;
1229.7 ;21930 ;- ;;Завідувач консультації ;
1226.2 ;22009 ;;66 ;Завідувач контейнерного майданчика ;
1228 ;- ;;87 ;Завідувач контори (похоронного обслуговування та ін.) ;
1239 ;21935 ;;1 ;Завідувач копіювально-розмножувального бюро ;
1229.7 ;21939 ;- ;;Завідувач коректорської ;
1229.7 ;- ;- ;;Завідувач корпункту ;
1225 ;21936 ;;87 ;Завідувач корпусу готелю ;
1229.6 ;21945 ;;84 ;Завідувач костюмерної ;
1228 ;21948 ;;87 ;Завідувач крематорію ;
1237.2 ;22131 ;- ;;Завідувач креслярсько-копіювального бюро ;
1228 ;21954 ;;2, 78 ;Завідувач кухні (для тварин, молочної) ;
1237.2 ;21958 ;;81 ;Завідувач лабораторії (науково-дослідної, підготовки виробництва)  ;
1229.4 ;21958 ;- ;;Завідувач лабораторії (освіта) ;
1229.7 ;21958 ;;5** ;Завідувач лабораторії ;
1228 ;21842 ;- ;;Завідувач лазні ;
1229.6 ;21428 ;- ;;Завідувач лекторію ;
1227 ;21967 ;- ;;Завідувач ломбарду ;
1229.7 ;22009 ;- ;;Завідувач майданчика (астрономічного, інструментального, спортивного та ін.) ;
1229.4;;;;Завідувач майстерні (навчально-виробничої, навчальної);
1221.2 ;;;;Завідувач майстерні ремонтно-механічної (експлуатаційні водогосподарські організації) ;
1221.2 ;;;;Завідувач майстерні ;
1222.2 ;21973 ;;81** ;Завідувач майстерні ;
1229.6 ;21434 ;- ;;Завідувач музею ;
1229.4;;;;Завідувач навчально-практичного центру;
1229.7 ;21974 ;;1 ;Завідувач науково-технічної бібліотеки ;
1239 ;;;;Завідувач номерного фонду готелю (туристичного комплексу та ін.) ;
1237.2 ;21441 ;- ;;Завідувач обсерваторії ;
1229.7 ;21976 ;- ;;Завідувач обстановки ;
1221.2 ;21982 ;;87 ;Завідувач оранжереї ;
1222.2 ;21991 ;;66 ;Завідувач очисних споруд ;
1229.6 ;21465 ;- ;;Завідувач парку культури та відпочинку ;
1229.6 ;22000 ;- ;;Завідувач пересувної виставки ;
1228 ;21997 ;- ;;Завідувач перукарні ;
1225 ;21498 ;;65 ;Завідувач підприємства громадського харчування ;
1224 ;21501 ;;65 ;Завідувач підприємства роздрібної торгівлі ;
1221.2 ;22018 ;;2 ;Завідувач підсобного виробництва ;
1226.2 ;22006 ;;66 ;Завідувач платформи (пасажирської, сортувальної) ;
1228 ;22012 ;- ;;Завідувач пляжу ;
1225 ;22136 ;;87 ;Завідувач поверху готелю ;
1221.2 ;22021 ;;2 ;Завідувач поля (знешкоджування та компостування, дослідного) ;
1229.4 ;22027 ;- ;;Завідувач практики (виробничої, навчальної) ;
1228 ;22030 ;- ;;Завідувач пральні ;
1229.7 ;22045 ;;67** ;Завідувач пункту (заготовчого, приймального, навчально-консультаційного, навчального та ін.) ;
1229.6 ;22048 ;- ;;Завідувач радіовузла ;
1226.2 ;22049 ;- ;;Завідувач районного (міського) профконсультаційного пункту ;
1229.7 ;22051 ;;18 ;Завідувач редакції ;
1224 ;22054 ;;65 ;Завідувач ринку ;
1221.2 ;21471 ;;2 ;Завідувач розсадника (розплідника) ;
1229.1 ;- ;- ;;Завідувач секретаріату заступника Голови Ради міністрів Автономної Республіки Крим ;
1237.2;;;;Завідувач сектору;
1229.7 ;22069 ;;81 ;Завідувач сектору ;
1224 ;22072 ;;65 ;Завідувач секції ;
1222.2 ;22076 ;;5, 74 ;Завідувач складу вибухових матеріалів ;
1226.2 ;22075 ;;1** ;Завідувач складу ;
1221.2 ;21839 ;;2 ;Завідувач скотобази ;
1229.6 ;21541 ;;85 ;Завідувач спортивної споруди ;
1237.2 ;22078 ;- ;;Завідувач станції географічної ;
1221.2 ;22078 ;;2 ;Завідувач станції захисту рослин ;
1226.2 ;22078 ;;87 ;Завідувач станції зливної ;
1222.2 ;22078 ;- ;;Завідувач станції канатно-випробувальної ;
1221.2 ;;;2 ;Завідувач станції насінницької ;
1222.2 ;22078 ;- ;;Завідувач станції охолодження ;
1228 ;22078 ;;85 ;Завідувач станції човнової ;
1229.6 ;22081 ;- ;;Завідувач студії ;
1226.2 ;22126 ;- ;;Завідувач сховища ;
1229.6 ;22084 ;;81 ;Завідувач театру (літнього) ;
1229.7 ;22085 ;- ;;Завідувач технічного архіву ;
1229.7 ;22087 ;;84 ;Завідувач трупи ;
1225 ;21812 ;- ;;Завідувач туристичного агентства ;
1229.6;;;81;Завідувач філіалу (філії) бібліотеки;
1225;;;87;Завідувач філіалу (філії) готелю;
1237.2;;;;Завідувач філіалу (філії) лабораторії;
1229.6;;;;Завідувач філіалу (філії) музею;
1229.6 ;22100 ;;82 ;Завідувач фільмобази (фільмосховища) ;
1229.6 ;22103 ;- ;;Завідувач фільмотеки ;
1222.2 ;22107 ;- ;;Завідувач фонду (дорогоцінних металів, довідково-інформаційного) ;
1229.6 ;22109 ;- ;;Завідувач фонотеки ;
1228 ;22112 ;- ;;Завідувач фотоательє ;
1228 ;22115 ;- ;;Завідувач фотографії ;
1228 ;22121 ;;1 ;Завідувач фотолабораторії ;
1228 ;22122 ;- ;;Завідувач фотостудії ;
1226.2 ;22127 ;;1 ;Завідувач центрального складу ;
1229.6 ;;;81 ;Завідувач центру (за напрямом діяльності);
1231 ;22128 ;- ;;Завідувач цехової бухгалтерії ;
1229.7 ;22130 ;;81 ;Завідувач частини ;
9212;;;;Заготівельник банних віників;
7332 ;11993 ;60 ;;Заготівельник блоків з гістології, цитології, ембріології ;
7331 ;11990 ;60 ;;Заготівельник ботанічних блоків ;
7331 ;11995 ;60 ;;Заготівельник геологічних зразків ;
7414 ;11997 ;;2 ;Заготівельник продуктів і сировини ;
8123 ;11999 ;;42 ;Заготівельник суміші для цементації ;
9321 ;12001 ;20 ;;Заготівник (електронна техніка) ;
9212 ;12001 ;;3 ;Заготівник (лісозаготівельні роботи) ;
8139 ;12003 ;;37 ;Заготівник абразивної маси ;
8212 ;12006 ;38 ;;Заготівник азбестових технічних виробів ;
8151 ;12005 ;38 ;;Заготівник азбестової суміші ;
8139 ;12008 ;;37 ;Заготівник бакелітової, вулканітової та епоксидної маси ;
8231 ;12010 ;33 ;;Заготівник бинта ;
9322 ;12012 ;43 ;;Заготівник бітуму ;
7331 ;12078 ;65 ;;Заготівник бурштину ;
6151 ;12015 ;;4 ;Заготівник водоростей ;
8283 ;12017 ;20 ;;Заготівник газопоглинача ;
8231 ;12055 ;33 ;;Заготівник гумових виробів та деталей ;
8283 ;12021 ;20 ;;Заготівник деталей електровакуумних приладів ;
7313 ;12019 ;65 ;;Заготівник деталей та матеріалів до ювелірних та художніх виробів ;
8231 ;12044 ;33 ;;Заготівник зразків для випробування шин ;
8282 ;12023 ;;45 ;Заготівник ізоляційних деталей ;
8231 ;12025 ;33 ;;Заготівник каркаса спортивних велошин ;
9322 ;12028 ;47 ;;Заготівник карт та пакувальних матеріалів ;
9321 ;12030 ;;17 ;Заготівник клапанів ;
9322 ;12075 ;48 ;;Заготівник лимарно-сідельних виробів ;
8163 ;12032 ;;7 ;Заготівник льоду ;
9322 ;12034 ;;60 ;Заготівник матеріалів для пресування та обробки іграшок ;
7331 ;12035 ;65 ;;Заготівник матеріалів для художніх виробів з дерева, бересту, капокореня ;
9322 ;12039 ;;60 ;Заготівник матеріалу та деталей іграшок ;
7212 ;12037 ;45 ;;Заготівник матеріалу та деталей ;
8212 ;12041 ;43 ;;Заготівник мікалексової маси ;
8262 ;12042 ;;12 ;Заготівник м'якої тари ;
8221 ;12051 ;31 ;;Заготівник напівфабрикатів перев'язувальних матеріалів ;
8221 ;12046 ;;11 ;Заготівник основи для мийних засобів ;
9212 ;12062 ;;3 ;Заготівник очерету ;
9322 ;12013 ;;17 ;Заготівник паперових пакетів ;
8232 ;12048 ;44 ;;Заготівник плівки ;
9322 ;12053 ;;47 ;Заготівник радіотакелажу та електрорадіоелементів ;
9311 ;12057 ;;5 ;Заготівник слюди ;
8141 ;12058 ;40 ;;Заготівник суміші для будівельних плит з костриці ;
8231 ;12060 ;33 ;;Заготівник такелажу інженерного майна ;
8121 ;12066 ;;41 ;Заготівник хімічних напівфабрикатів тугоплавких металів ;
8283 ;12064 ;20 ;;Заготівник хімічних напівфабрикатів ;
8264 ;12068 ;47 ;;Заготівник хімічних розчинів та фарб ;
7421 ;12070 ;;11 ;Заготівник чайних ящиків ;
7313 ;12071 ;65 ;;Заготівник черні ;
8231 ;12073 ;33 ;;Заготівник шиноремонтних матеріалів ;
8231 ;12076 ;33 ;;Заготівник шприцьованих деталей для шин ;
8221 ;12152 ;31 ;;Закладач хірургічного шовного матеріалу ;
8231 ;;;;Закочувач мочаних виробів ;
8231 ;12161 ;33 ;;Закрійник гумових виробів та деталей ;
8143 ;- ;;17 ;Закрійник картону та інших матеріалів ;
7435 ;12156 ;;13 ;Закрійник ;
8143 ;12160 ;;17 ;Закрійник-різальник ;
7313 ;12154 ;;38 ;Закріплювач алмазів та надтвердих матеріалів ;
3416 ;;;;Закупник ;
8221 ;12150 ;;25 ;Закупорювач медичної продукції ;
8122 ;12163 ;;41 ;Заливальник анодів ;
9322 ;12166 ;47 ;;Заливальник голково-платинних виробів ;
9322 ;12165 ;63 ;;Заливальник голосових планок ;
8212 ;12168 ;;35 ;Заливальник каменеливарних виробів ;
8159 ;12170 ;;19 ;Заливальник коксу ;
7311 ;12172 ;20 ;;Заливальник компаундами ;
8159 ;12174 ;20 ;;Заливальник магнітних сплавів на печах-кристалізаторах ;
8122 ;12176 ;;42 ;Заливальник металу ;
8275 ;12178 ;;9 ;Заливальник продуктів консервування ;
8122 ;12180 ;;42 ;Заливальник свинцево-олов'янистих сплавів ;
8152 ;12182 ;;45 ;Заливальник смолкою ;
8232 ;12185 ;27 ;;Заливальник форм полімеризаційною сумішшю ;
8159 ;12187 ;20 ;;Заливальник цоколів ;
8124 ;12183 ;;40 ;Заливальник-труболиварник ;
8264 ;12194 ;47 ;;Замилювальник тканини ;
9311 ;12191 ;;6 ;Замірник дебітів свердловин ;
7111 ;12192 ;;74 ;Замірник на топографо-геодезичних і маркшейдерських роботах ;
9211 ;;;;Замірник ;
8264 ;12189 ;47 ;;Замочувальник шовку-сирцю ;
8264 ;12208 ;47 ;;Запарювач виробів з вовни ;
8264 ;12203 ;47 ;;Запарювач коконів ;
8264 ;12205 ;47 ;;Запарювач крученого шовку ;
8264 ;12207 ;47 ;;Запарювач тканини ;
8221 ;12196 ;;25 ;Запаювальник ампул ;
9322 ;12198 ;44 ;;Запаювальник колб та посудин ;
9322 ;12199 ;45 ;;Запаювальник фарфорових труб ;
7431 ;12210 ;47 ;;Заправник голкопробивного агрегата ;
8223 ;12219 ;;42 ;Заправник емалевих шлікерів ;
7136 ;12212 ;;1, 87 ;Заправник поливально-мийних машин ;
8143 ;12214 ;;17 ;Заправник рулонів картону та паперу ;
7432 ;12218 ;47 ;;Заправник текстильного устаткування ;
8154;;;;Заправник-випробувач виробів спеціальними продуктами;
8152 ;12216 ;38 ;;Заправник-знімач гальмової стрічки ;
8282 ;12223 ;;45 ;Запресувальник гнотів ;
9322 ;12221 ;;51 ;Запресувальник голок ;
8232 ;;;;Запресувальник ін'єкційного вузла ;
8159 ;12225 ;20 ;;Зарядник автоклавів ;
8163 ;12229 ;;1 ;Зарядник вогнегасників ;
8221 ;12227 ;31 ;;Зарядник інгаляторів ;
8163 ;12231 ;;1 ;Зарядник протигазових коробок ;
8163 ;12233 ;;1 ;Зарядник холодильних апаратів ;
8139 ;12240 ;44 ;;Засипальник шихти ;
7411 ;12235 ;;8 ;Засолювач м'яса й м'ясопродуктів ;
9322 ;12237 ;;9 ;Засолювач овочів ;
7411 ;12238 ;;8 ;Засолювач шкур ;
1120.4 ;;;;Заступник Генерального прокурора ;
1120.4 ;;;;Заступник Генерального прокурора–керівник Спеціалізованої антикорупційної прокуратури;
1120.4 ;;;;Заступник голови Апеляційного суду України ;
1120.4 ;;;;Заступник голови Верховного Суду ;
1110 ;- ;- ;;Заступник голови Верховної Ради України ;
1120.4 ;;;;Заступник Голови Вищої кваліфікаційної комісії суддів України;
1120.4 ;;;;Заступник Голови Вищої ради правосуддя;
1120.1 ;- ;- ;;Заступник голови державного комітету України ;
1120.4 ;;;;Заступник голови касаційного суду у складі Верховного Суду;
1120.1 ;- ;- ;;Заступник голови комітету України ;
1120.1;;;;Заступник голови Національного банку України;
1120.1;;;;Заступник голови Національної поліції;
1120.1;;;;Заступник голови Національної ради;
1110 ;- ;- ;;Заступник голови постійної комісії Верховної Ради України ;
1120.1 ;- ;- ;;Заступник голови Ради міністрів Автономної Республіки Крим ;
1120.1;;;;Заступник голови Рахункової палати;
1120.1 ;- ;- ;;Заступник голови Служби безпеки України ;
1120.4 ;;;;Заступник голови судової палати Апеляційного суду України ;
1120.1;;;;Заступник голови Фонду державного майна України;
1229.8;;;96;Заступник директора департаменту - головний бухгалтер (митні органи);
1229.1 ;;;;Заступник директора департаменту - начальник відділу ;
1120.1 ;;;;Заступник керівника головного управління, іншого органу державної виконавчої влади, підвідомчого Кабінету Міністрів України ;
1120.4;;;;Заступник керівника Спеціалізованої антикорупційної прокуратури;
1120.1 ;- ;- ;;Заступник міністра України ;
1229.8;;;96;Заступник начальника митниці - начальник митного поста;
1229.8;;;96;Заступник начальника митниці - начальник служби;
1229.8;;;96;Заступник начальника служби - начальник відділу (митні органи);
1229.1 ;;;;Заступник начальника управління (самостійного) - начальник відділу ;
9322 ;12245 ;;51 ;Заточувальник голково-платинних виробів ;
7423 ;12244 ;;16 ;Заточувальник деревообробного інструменту ;
9322 ;12249 ;20 ;;Заточувальник контактної пружини ;
7311 ;12251 ;;48 ;Заточувальник медичного інструменту ;
8229 ;12247 ;;61 ;Заточувальник олівців, стрижнів та паличок ;
7222 ;12242 ;;42 ;Заточувальник ;
7442 ;12253 ;48 ;;Затягувальник взуття ;
8212 ;12257 ;43 ;;Зачищувач електроізоляційних матеріалів ;
7242 ;12255 ;20 ;;Зачищувач ;
8290 ;12259 ;;7 ;Зашивальник м'якої тари ;
8122 ;15244 ;;41 ;Збагачувач відходів ;
8112 ;15240 ;;5 ;Збагачувач графіту ;
8159 ;15242 ;20 ;;Збагачувач мікропорошку ;
7111 ;- ;;74 ;Збагачувач мінералів та шліхів ;
8139 ;15246 ;;37 ;Збагачувач шліфзерна та шліфпорошків ;
2431.2 ;25223 ;- ;;Зберігач експонатів ;
2431.2 ;25220 ;;81 ;Зберігач фондів ;
9153 ;;;;Збиральник грошей (торговельні автомати, турнікети) ;
4215 ;- ;- ;;Збирач благодійних внесків ;
4215 ;;;;Збирач боргових платежів ;
9322 ;18322 ;;8 ;Збирач ендокринно-ферментної сировини ;
7411 ;18323 ;;8 ;Збирач епітелію ;
9212 ;18153 ;;3 ;Збирач живиці ;
9321 ;18239 ;37 ;;Збирач коркового пилу ;
9322 ;18194 ;47 ;;Збирач мокрих відходів ;
8154 ;18255 ;25 ;;Збирач ртуті ;
8261 ;18373 ;47 ;;Звалювальник ;
7212 ;18329 ;;35 ;Зварник арматурних сіток та каркасів ;
7212 ;18331 ;20 ;;Зварник випрямлячів ;
7212 ;18333 ;;41 ;Зварник виробів з тугоплавких металів ;
7212 ;18353 ;20 ;;Зварник електровакуумних приладів ;
7212 ;18334 ;;42 ;Зварник на дифузійно-зварювальних установках ;
7212 ;18342 ;;42 ;Зварник на електронно-променевих зварювальних установках ;
7212 ;18336 ;;42 ;Зварник на лазерних установках ;
7212 ;18338 ;;42 ;Зварник на машинах контактного (пресового) зварювання ;
8266 ;18340 ;48 ;;Зварник на установках СВЧ ;
8124 ;18344 ;;40 ;Зварник пічного зварювання труб ;
8232 ;18346 ;27 ;;Зварник пластмас ;
7322 ;18348 ;44 ;;Зварник скляних виробів ;
7212 ;18350 ;;42 ;Зварник термітного зварювання ;
8263 ;18352 ;49 ;;Зварник швацьких виробів на установках СВЧ ;
7219 ;;;;Зварник ;
8231 ;11435 ;33 ;;Звивальник кілець ;
6124 ;12262 ;;2 ;Звірівник зоологічних баз ;
6124 ;12261 ;;2 ;Звірівник ;
8279 ;19270 ;55 ;;Зволожувальник махоркової сировини ;
8143 ;19267 ;;17 ;Зволожувальник паперу та картону ;
8264 ;19272 ;47 ;;Зволожувальник сировини ;
8279 ;19273 ;;11 ;Зволожувальник тютюнової сировини ;
8229 ;19268 ;35 ;;Зволожувальник шкіряних картонів ;
7441 ;19265 ;48 ;;Зволожувальник шкіряних, хутряних деталей та виробів ;
3132 ;22145 ;;82,84 ;Звукооператор ;
3131 ;22148 ;;82 ;Звукооформлювач ;
2455.2 ;22151 ;;84 ;Звукорежисер ;
8261 ;18375 ;;12 ;Зв'язувальник пачок волокна ;
7214 ;11652 ;;56 ;Згинальник судновий ;
7221 ;11654 ;;42 ;Згинальник труб ;
8229 ;18380 ;35 ;;Згущувач шкіроволокнистої маси ;
8142 ;18379 ;;17 ;Згущувач ;
9322 ;18382 ;47 ;;Здавач готової продукції ;
6141 ;18384 ;- ;;Здавач експортних лісоматеріалів ;
6142 ;11427 ;;3 ;Здіймальник ;
7129 ;12266 ;;64 ;Землекоп ;
9322 ;12264 ;;42 ;Землероб ;
8131 ;18600 ;44 ;;Зливальник скломаси ;
8290 ;;;;Зливальник-розливальник вибухонебезпечної продукції (спеціальні хімічні виробництва);
8290 ;18598 ;;1 ;Зливальник-розливальник ;
7232 ;19307 ;;55 ;Зміцнювальник деталей ;
8151 ;18606 ;;61 ;Змішувальник (виробництво олівців) ;
8151 ;18606 ;;36 ;Змішувальник (виробництво теплоізоляційних матеріалів) ;
8121 ;18604 ;;41 ;Змішувальник (плавка руд кольорових металів) ;
8151 ;18607 ;;35 ;Змішувальник борошна на силосах ;
8261 ;18609 ;47 ;;Змішувальник волокна ;
8122 ;18604 ;;41 ;Змішувальних (вторинна переплавка кольорових металів) ;
8139 ;15153 ;;37 ;Знезводнювач шліфзерна та шліфпорошків ;
9322 ;19012 ;44 ;;Знімач байки ;
9311 ;19014 ;;5 ;Знімач брикетів ;
8269 ;19031 ;47 ;;Знімач взуття з колодок (валяльно-повстяне виробництво) ;
8269 ;19031 ;48 ;;Знімач взуття з колодок (виробництво шкіряного взуття) ;
9322 ;19021 ;47 ;;Знімач виробів ;
8261 ;19016 ;47 ;;Знімач волокна (виробництво шовку) ;
8261 ;19016 ;;12 ;Знімач волокна (первинне оброблення бавовни й луб'яних культур) ;
9322 ;19017 ;44 ;;Знімач гарячих виробів ;
8231 ;19038 ;33 ;;Знімач гумових виробів ;
9322 ;19023 ;;8 ;Знімач клею ;
9322 ;19065 ;48 ;;Знімач лимарно-сідельних виробів ;
8211 ;19029 ;;45 ;Знімач оболонки з кабельних виробів ;
7311 ;19032 ;29 ;;Знімач оптичних характеристик ;
8224 ;19034 ;34 ;;Знімач политого скла та фотопластинок ;
8231 ;19041 ;33 ;;Знімач свинцевої оболонки з рукавів ;
9322 ;19046 ;47 ;;Знімач сирової тканини ;
9322 ;19043 ;44 ;;Знімач скла й скловиробів ;
8232 ;19045 ;29 ;;Знімач склопластикових і скловолокнистих виробів ;
9322 ;19048 ;48 ;;Знімач сукальних рукавів ;
8212 ;19050 ;;36 ;Знімач теплоізоляційних виробів ;
8143 ;19062 ;;17 ;Знімач целюлози, паперу, картону та виробів з них ;
9322 ;19064 ;47 ;;Знімач шовку-сирцю ;
8223 ;18377 ;;42 ;Знімач-змивальник фарб і лаків ;
8290 ;19036 ;;44 ;Знімач-розкрійник металосіток ;
8212 ;;;35 ;Знімач-укладальник волокнистоцементних виробів;
8212 ;19054 ;43 ;;Знімач-укладальник асфальтових плиток ;
8139 ;19058 ;;40 ;Знімач-укладальник заготовок, маси та готових виробів ;
8139 ;19056 ;;35 ;Знімач-укладальник у виробництві стінових та в'яжучих матеріалів ;
8131 ;19060 ;45 ;;Знімач-укладальник фарфорових, фаянсових та керамічних виробів ;
6121 ;12268 ;;25 ;Зоолаборант розплідника лабораторних тварин ;
6124 ;12269 ;;2 ;Зоолаборант серпентарію ;
2211.2 ;22154 ;- ;;Зоолог ;
3213 ;22160 ;;2 ;Зоотехнік відділення (комплексу, сільськогосподарської дільниці, ферми) ;
2213.2 ;22163 ;;2 ;Зоотехнік з контролю якості продукції ;
2213.2 ;22166 ;;2 ;Зоотехнік з племінної справи ;
2213.2 ;22157 ;;2 ;Зоотехнік ;
7311 ;12271 ;;50 ;Зубополірувальник деталей годинників ;
8211 ;12273 ;;42 ;Зуборізальник ;
7311 ;12275 ;;50 ;Зубофрезерувальник деталей годинників ;
8211 ;12277 ;;42 ;Зубошліфувальник ;
7215 ;19009 ;;44 ;Зшивальник металевих сіток ;
8139 ;19010 ;;37 ;Зшивальник-проклеювач ;
6129;;;;Ідентифікатор тварин;
7139 ;;;;Ізолювальник (будівельні роботи) ;
7111 ;12520 ;;64 ;Ізолювальник (будівництво метрополітенів) ;
8282 ;12520 ;;45 ;Ізолювальник (ізоляційні роботи) ;
7232 ;12520 ;;55 ;Ізолювальник (літальні апарати) ;
7134;;;;Ізолювальник (спеціальні виробництва);
8151 ;12542 ;;45 ;Ізолювальник елементного виробництва ;
8211 ;12523 ;;45 ;Ізолювальник жил кабелю ;
7134 ;12531 ;;64 ;Ізолювальник з термоізоляції ;
8231 ;12525 ;33 ;;Ізолювальник кілець ;
8231 ;12527 ;33 ;;Ізолювальник крайок обгумованого корду ;
7134 ;12529 ;;64 ;Ізолювальник на гідроізоляції ;
8211 ;12535 ;;45 ;Ізолювальник проводів ;
8284 ;12537 ;29 ;;Ізолювальник світловодів ;
7134 ;12539 ;;56 ;Ізолювальник судновий ;
8124 ;12541 ;;40 ;Ізолювальник труб на лінії ;
8123 ;12522 ;;42 ;Ізолювальник у термообробленні ;
7134 ;;;;Ізолювальник шнура (спеціальні хімічні виробництва);
7134 ;12533 ;;64 ;Ізолювальник-плівочник ;
3429 ;- ;- ;;Імпресаріо ;
2211.2 ;;;;Імунолог ;
8151 ;12544 ;24 ;;Індикаторник ;
2147.2 ;- ;;40 ;Інженер (металургія) ;
3143 ;22202 ;- ;;Інженер (механік)-випробувач бортовий ;
2146.2 ;- ;- ;;Інженер (хімічні технології) ;
2144.2 ;;;70 ;Інженер антенно-щоглових споруд ;
2149.2;;;;Інженер біомедичний;
3143 ;22178 ;;68 ;Інженер бортовий авіаційної ескадрильї ;
3143 ;22179 ;;68 ;Інженер бортовий ;
2144.2 ;;;70 ;Інженер електрозв'язку ;
2149.2 ;22235 ;;67, 68 ;Інженер з аварійно-рятувальних робіт ;
2131.2;;;;Інженер з автоматизації робототехнічних процесів;
2131.2 ;22238 ;;1 ;Інженер з автоматизованих систем керування виробництвом ;
2149.2 ;;;68 ;Інженер з автоматизованих систем льотного контролю ;
2149.2 ;;;68 ;Інженер з автоматизованих систем управління повітряним рухом ;
3152 ;22241 ;;87 ;Інженер з безпеки руху ;
2149.2 ;22244 ;;67 ;Інженер з боротьби з аварійними розливами нафти й нафтопродуктів у морі ;
2147.2 ;22247 ;;74, 5 ;Інженер з буріння (бурових робіт) ;
2147.2;;;;Інженер з буропідривних (підривних) робіт;
2147.2 ;22257 ;- ;;Інженер з вентиляції ;
2147.2 ;22277 ;;6 ;Інженер з видобутку нафти й газу ;
2213.2 ;;;;Інженер з використання водних ресурсів ;
2147.2 ;22348 ;;6 ;Інженер з випробування свердловин ;
2146.2 ;22290 ;- ;;Інженер з випробування та оброблення плівки ;
2144.2 ;;;62 ;Інженер з високовольтних випробувань та вимірювань енергоустаткування ;
2145.2 ;22263 ;;6 ;Інженер з вишкобудування ;
2213.2 ;;;;Інженер з відтворення природних екосистем ;
2147.2 ;22269 ;;5, 74 ;Інженер з гірничих робіт ;
2147.2 ;22266 ;;6 ;Інженер з глинястих розчинів у надглибокому бурінні ;
2131.2;;;;Інженер з даних;
2145.2;;;;Інженер з діагностування технічного стану колісних транспортних засобів (машинно-тракторного парку, дорожньо-будівельних машин на колісних шасі та мототехніки);
2145.2 ;22462 ;- ;;Інженер з експлуатації авіаційного устаткування об'єктивного контролю ;
2142.2 ;22463 ;;68 ;Інженер з експлуатації аеродромів ;
2149.2 ;;;62 ;Інженер з експлуатації гідротехнічних споруд атомної електростанції ;
2147.2 ;;;21 ;Інженер з експлуатації лінійної частини магістрального газопроводу ;
2145.2 ;22466 ;;2, 87 ;Інженер з експлуатації машинно-тракторного парку ;
2147.2 ;22469 ;;21 ;Інженер з експлуатації нафтогазопроводів ;
2145.2 ;22464 ;- ;;Інженер з експлуатації повітряних суден (систем повітряних суден) ;
2143.2 ;- ;;62 ;Інженер з експлуатації протиаварійної автоматики ;
2145.2 ;22471 ;;87 ;Інженер з експлуатації споруд та устаткування водопровідно-каналізаційного господарства ;
2149.2 ;;;;Інженер з експлуатації споруд та устаткування газокомпресорної служби ;
2149.2 ;;;62 ;Інженер з експлуатації устаткування атомної електростанції ;
2147.2 ;22470 ;;6 ;Інженер з експлуатації устаткування газових об'єктів ;
2149.2 ;;;21 ;Інженер з експлуатації устаткування газорозподільних станцій ;
2143.2 ;22472 ;;2 ;Інженер з електрифікації сільськогосподарського підприємства ;
2146.2 ;22474 ;;21 ;Інженер з електрохімічного захисту ;
2149.2 ;;;;Інженер з інвентаризації нерухомого майна ;
2131.2;;;;Інженер з інтеграції (інформаційні технології);
2145.2 ;22287 ;;1 ;Інженер з інструменту ;
2149.2 ;22454 ;- ;;Інженер з керування й обслуговування систем ;
2149.2 ;22296 ;- ;;Інженер з комплектації устаткування й матеріалів ;
2145.2 ;22295 ;;1 ;Інженер з комплектації устаткування ;
2131.2 ;- ;- ;;Інженер з комп'ютерних систем ;
2149.2 ;;;;Інженер з контролю систем обліку газу ;
2131.2;;;;Інженер з контролю якості програмного продукту;
2147.2 ;22302 ;;6 ;Інженер з кріплення свердловин ;
2147.2 ;22299 ;;5 ;Інженер з кріплення ;
2213.2 ;;;3 ;Інженер з лісових культур ;
2213.2 ;;;3 ;Інженер з лісозаготівель ;
2213.2 ;22308 ;- ;;Інженер з лісокористування ;
2213.2 ;22309 ;;3 ;Інженер з лісосировинних ресурсів ;
2142.2 ;22311 ;;2 ;Інженер з меліорації ;
2149.2 ;22314 ;;1 ;Інженер з метрології ;
2145.2 ;22317 ;;1 ;Інженер з механізації та автоматизації виробничих процесів ;
2145.2 ;22320 ;- ;;Інженер з механізації трудомістких процесів ;
2145.2 ;22323 ;- ;;Інженер з нагляду за будівництвом флоту ;
2149.2 ;22326 ;;1 ;Інженер з налагодження й випробувань ;
2143.2 ;22329 ;;62 ;Інженер з налагодження, удосконалення технології та експлуатації електричних станцій та мереж ;
2433.2 ;22336 ;;1 ;Інженер з науково-технічної інформації ;
2149.2;;;1;Інженер з нормування трудових процесів;
2149.2 ;;;68 ;Інженер з об'єктивного контролю ;
2146.2 ;;;62 ;Інженер з обліку та зберігання ядерних матеріалів атомної електростанції ;
2144.2 ;- ;;70 ;Інженер з організації виробничих процесів електрозв'язку ;
2149.2 ;22360 ;;62 ;Інженер з організації експлуатації та ремонту ;
2419.2 ;22357 ;;1 ;Інженер з організації керування виробництвом ;
2149.2 ;22364 ;;1 ;Інженер з охорони навколишнього середовища ;
2149.2 ;- ;;1 ;Інженер з охорони праці ;
2213.2 ;;;;Інженер з охорони природних екосистем ;
2213.2 ;22363 ;;3 ;Інженер з охорони та захисту лісу ;
2213.2 ;;;;Інженер з охорони тваринного світу ;
2146.2 ;22272 ;;68 ;Інженер з паливно-мастильних матеріалів ;
2149.2 ;22369 ;;1 ;Інженер з патентної та винахідницької роботи ;
2146.2 ;;;62 ;Інженер з переробки радіоактивних відходів ;
2149.2;;;;Інженер з підводно-підривних робіт;
2149.2 ;22375 ;;67 ;Інженер з підводно-технічних робіт ;
2149.2 ;22381 ;;1, 87 ;Інженер з підготовки виробництва ;
2149.2 ;;;21 ;Інженер з підготовки газу до транспортування ;
2111.2 ;;;62 ;Інженер з підготовки та ліцензування персоналу атомної електростанції ;
2147.2 ;22377 ;;21 ;Інженер з підготовки та транспортування нафти ;
2147.2 ;22382 ;;6 ;Інженер з підтримання пластового тиску ;
2131.2;;;;Інженер з підтримки;
2147.2;;;;Інженер з піротехнічних, саперних та підривних робіт;
2149.2 ;;;;Інженер з пожежної безпеки ;
2149.2 ;;;;Інженер з пожежно-рятувальних робіт ;
3152 ;22390 ;;87 ;Інженер з приймання електропересувного складу ;
2145.2;;;66;Інженер з приймання локомотивів (вагонів);
3152 ;22387 ;- ;;Інженер з приймання ремонтного фонду та видавання готової продукції ;
2213.2 ;;;;Інженер з природокористування ;
2131.2 ;;;;Інженер з програмного забезпечення;
2142.2 ;22395 ;;64 ;Інженер з проектно-кошторисної роботи ;
2149.2 ;22396 ;- ;;Інженер з проектування механізованих розробок ;
2213.2 ;;;;Інженер з проектування систем індустріального рибництва ;
2149.2 ;;;;Інженер з профілактичних робіт ;
2111.2 ;;;62 ;Інженер з радіаційної безпеки ;
2113.2 ;;;;Інженер з радіаційної та хімічної розвідки ;
2144.2 ;22402 ;;68 ;Інженер з радіонавігації та радіолокації ;
2143.2 ;;;62 ;Інженер з режимів оперативно-диспетчерської служби ;
2213.2 ;;;;Інженер з рекреаційного благоустрою ;
2143.2 ;;;62 ;Інженер з релейного захисту і електроавтоматики ;
2143.2 ;22415 ;;62 ;Інженер з ремонту та налагодження електроенергетичного устаткування атомної станції ;
2144.2 ;;;62 ;Інженер з ремонту та обслуговування автоматики та засобів вимірювань атомної електростанції ;
2149.2 ;22408 ;;1 ;Інженер з ремонту ;
2149.2 ;22405 ;;87, 62 ;Інженер з розрахунків та режимів ;
2145.2 ;22436 ;;2 ;Інженер з теплофікації сільськогосподарського підприємства ;
2143.2;;;;Інженер з технічного аудиту;
2142.2;;;64;Інженер з технічного нагляду (будівництво);
3152 ;22442 ;;;Інженер з технічного нагляду ;
2145.2 ;22445 ;- ;;Інженер з технічного обслуговування, ремонту та діагностики авіаційної техніки ;
2145.2 ;- ;;62 ;Інженер з технічної діагностики котельного і турбінного устаткування ;
2147.2 ;;;;Інженер з технічної діагностики ;
2149.2 ;;;;Інженер з техногенно-екологічної безпеки ;
2149.2 ;22448 ;;87 ;Інженер з транспорту ;
2111.2 ;22451 ;;62 ;Інженер з управління блоком атомної станції ;
2149.2 ;;;;Інженер з управління повітряним рухом ;
2111.2 ;22457 ;;62 ;Інженер з управління реактором (прискорювачем, ядерно-фізичною установкою) ;
2145.2 ;22460 ;;62 ;Інженер з управління турбіною атомної станції ;
2149.2 ;;;;Інженер з фізичного захисту (сфера використання ядерної енергії) ;
2149.2 ;22293 ;;1** ;Інженер з якості ;
2131.2;;;;Інженер зі штучного інтелекту;
2144.2 ;- ;;70 ;Інженер засобів радіо та телебачення ;
2149.2 ;22260 ;- ;;Інженер із впровадження нової техніки й технології ;
2147.2 ;22278 ;;6 ;Інженер із заливання свердловин ;
2143.2 ;;;62 ;Інженер із засобів диспетчерського і технологічного керування ;
2149.2 ;22393 ;- ;;Інженер із застосування авіації в галузях економіки ;
2145.2 ;22418 ;- ;;Інженер із зварювання ;
2144.2 ;22281 ;- ;;Інженер із звукозапису ;
2143.2 ;22421 ;;68 ;Інженер із світлотехнічного та електротехнічного забезпечення польотів ;
2147.2 ;22424 ;;6 ;Інженер із складних робіт у бурінні (капітальному ремонті) свердловин ;
2149.2 ;;;;Інженер із стандартизації та якості ;
2149.2 ;22427 ;;1 ;Інженер із стандартизації ;
2145.2 ;22430 ;;67 ;Інженер із суднопідіймальних робіт ;
2131.2;;;;Інженер інтернету речей;
2144.2;;;;Інженер інформаційно-комунікаційних систем;
2144.2;;;;Інженер інформаційно-комунікаційних технологій;
2147.2;;;;Інженер конверторного виробництва;
2144.2 ;- ;;70 ;Інженер лінійних споруд електрозв'язку та абонентських пристроїв ;
2213.2 ;22217 ;;3 ;Інженер лісового господарства ;
2144.2 ;;;;Інженер мережі стільникового зв'язку ;
2149.2 ;;;;Інженер оперативно-рятувальної служби цивільного захисту ;
2143.2 ;22478 ;- ;;Інженер перетворювального комплексу ;
2149.2 ;22484 ;;87 ;Інженер садово-паркового господарства ;
2131.2;;;;Інженер систем знань;
2139.2 ;;;18 ;Інженер системний видавничо-поліграфічного виробництва ;
2143.2 ;;;62 ;Інженер служби ізоляції та захисту від перенапруг ;
2143.2 ;;;62 ;Інженер служби ліній енергопідприємства ;
2143.2 ;;;62 ;Інженер служби підстанцій ;
2143.2 ;;;62 ;Інженер служби розподільних мереж ;
2145.2 ;22487 ;;67 ;Інженер спеціального флоту ;
2213.2 ;;;;Інженер станції насосної (групи станцій) ;
2149.2;;;;Інженер судновий;
2149.2 ;22177 ;;1 ;Інженер ;
2142.2 ;;;;Інженер-будівельник з реставрації пам'яток архітектури та містобудування ;
2142.2 ;22177 ;;64 ;Інженер-будівельник ;
2145.2;;;;Інженер-випробувач (спеціальні виробництва);
2145.2 ;22203 ;- ;;Інженер-випробувач літальної лабораторії бортової ;
2213.2 ;;;;Інженер-гідротехнік ;
2149.2 ;;;62 ;Інженер-дефектоскопіст ;
2149.2 ;22180 ;;67 ;Інженер-диспетчер груповий ;
2149.2 ;22183 ;;67 ;Інженер-диспетчер з руху флоту (у флоті) ;
2143.1 ;;;;Інженер-дослідник із енергетики сільського господарства ;
2145.1 ;;;;Інженер-дослідник із механізації сільського господарства ;
2145.2 ;22210 ;- ;;Інженер-дослідник підводного апарата ;
2149.2 ;22209 ;;1 ;Інженер-дослідник ;
2143.2;;;;Інженер-електрик в енергетичній сфері;
2149.2;;;;Інженер-електромеханік гірничий;
2144.2 ;;;;Інженер-електронік систем виробництва нетрадиційних і відновлювальних видів енергії ;
2144.2 ;22496 ;;1 ;Інженер-електронік ;
2144.2 ;22499 ;;;Інженер-електрорадіонавігатор ;
2143.2 ;22502 ;;64, 87 ;Інженер-енергетик ;
2148.2 ;- ;- ;;Інженер-землевпорядник ;
3449 ;;;;Інженер-інспектор (органи державної влади) ;
3143 ;22190 ;;68 ;Інженер-інспектор бортовий ;
3152 ;22196 ;- ;;Інженер-інспектор з безпеки польотів бортовий ;
3145 ;22199 ;;68 ;Інженер-інспектор з контролю за використанням палива ;
3152 ;22187 ;;67, 87 ;Інженер-інспектор ;
2359.2 ;- ;- ;;Інженер-інструктор біолокацій ;
3143 ;22208 ;;68 ;Інженер-інструктор бортовий ;
2144.2 ;22211 ;- ;;Інженер-конструктор (електроніка) ;
2143.2 ;22211 ;- ;;Інженер-конструктор (електротехніка) ;
2145.2 ;22211 ;- ;;Інженер-конструктор (механіка) ;
2149.2 ;;;;Інженер-конструктор машин та устаткування сільськогосподарського виробництва ;
2149.2 ;22211 ;;1 ;Інженер-конструктор ;
2131.2 ;;;;Інженер-конструктор з розробки апаратного забезпечення;
2142.2;;;;Інженер-консультант (будівництво);
2149.2 ;22214 ;- ;;Інженер-контролер ;
2149.2 ;22216 ;;1 ;Інженер-лаборант ;
2213.2 ;22218 ;;3 ;Інженер-лісопатолог ;
2149.2 ;;;18 ;Інженер-матеріалознавець видавничо-поліграфічного виробництва ;
2145.2 ;22226 ;- ;;інженер-механік груповий ;
2145.2 ;22229 ;;67 ;Інженер-механік з флоту груповий ;
2145.2 ;22232 ;;67 ;Інженер-механік з флоту лінійний ;
2132.2 ;22481 ;;1 ;Інженер-програміст ;
2142.2;;;64;Інженер-проектувальник;
2213.2 ;;;;Інженер-проектувальник (водне господарство) ;
2141.2 ;- ;- ;;Інженер-проектувальник (планування міст) ;
2149.2 ;22480 ;- ;;Інженер-протезист ;
2111.2 ;22483 ;;62, 10 ;Інженер-радіолог ;
2111.2 ;22485 ;- ;;Інженер-радіофізик ;
2113.2 ;22486 ;- ;;Інженер-радіохімік ;
2213.2 ;- ;;3 ;Інженер-таксатор ;
2131.2;;;;Інженер-тестувальник;
2147.2 ;- ;;40 ;Інженер-технолог (металургія) ;
2145.2 ;22493 ;- ;;Інженер-технолог (механіка) ;
2146.2 ;- ;- ;;Інженер-технолог (хімічні технології) ;
2213.2 ;;;2 ;Інженер-технолог з виробництва та переробки продукції тваринництва ;
2146.2 ;;;;Інженер-технолог з очищення води ;
2149.2;;;;Інженер-технолог з переробки відходів;
2149.2 ;;;68 ;Інженер-технолог центру комунікації повідомлень ;
2149.2 ;22493 ;;1** ;Інженер-технолог ;
2149.2 ;22494 ;- ;;Інженер-технолог-протезист ;
4212 ;22505 ;;1*, 71 ;Інкасатор ;
4212 ;;;;Інкасатор-водій автотранспортних засобів ;
7324 ;12546 ;65 ;;Інкрустатор ;
8154 ;12548 ;30 ;;Інокуляторник ;
2490;;;;Інспектор;
2423 ;;;;Інспектор (з дипломом магістра);
3452 ;;;;Інспектор (пенітенціарна система) (з дипломом бакалавра) ;
2424 ;;;;Інспектор (пенітенціарна система) ;
3451 ;;;;Інспектор (поліція);
3449 ;- ;- ;;Інспектор (цін, мір та ваг і т. ін.) ;
2429;;;;Інспектор Вищої кваліфікаційної комісії суддів України;
3450 ;22514 ;;68 ;Інспектор воєнізованої охорони ;
3152 ;22518 ;- ;;Інспектор газотехнічний ;
3152 ;22519 ;- ;;Інспектор гідротехнічний ;
3152 ;22520 ;- ;;Інспектор гірничотехнічний ;
2419.3;;;;Інспектор державний;
3449 ;22547 ;- ;;Інспектор державний електрозв'язку ;
3439 ;;;;Інспектор державний з авіаційного нагляду безпеки авіації ;
3439 ;;;;Інспектор державний з авіаційного нагляду льотної експлуатації ;
3439 ;;;;Інспектор державний з авіаційного нагляду льотної придатності повітряних суден ;
3439 ;;;;Інспектор державний з авіаційного нагляду ;
3449 ;22535 ;;4 ;Інспектор державний з конвенційного рибальства ;
3449 ;22538 ;- ;;Інспектор державний з маломірних суден ;
3439 ;;;;Інспектор державний з техногенного та екологічного нагляду ;
3449 ;22532 ;- ;;Інспектор державний з якості товару та торгівлі ;
3449 ;22529 ;;2 ;Інспектор державний із закупівлі та якості сільськогосподарських продуктів ;
3449 ;22541 ;;4 ;Інспектор державний рибоохорони ;
3152 ;22550 ;;67 ;Інспектор дипломно-паспортного бюро (відділу) ;
3152 ;22713 ;;70 ;Інспектор електрозв'язку ;
3449;;;;Інспектор з адміністративної практики;
3152 ;22586 ;;67 ;Інспектор з безпеки мореплавання ;
3212 ;;;;Інспектор з використання водних ресурсів ;
3443 ;- ;- ;;Інспектор з виплати пенсій ;
3439 ;;;;Інспектор з військового обліку;
3119 ;22589 ;- ;;Інспектор з військово-технічних видів спорту ;
2352 ;22592 ;- ;;Інспектор з військово-технічної підготовки ;
3451 ;;;;Інспектор з дізнання ;
2352 ;22595 ;- ;;Інспектор з дошкільного виховання, позашкільної роботи ;
3152 ;22674 ;- ;;Інспектор з експлуатаційних, виробничо-технічних та організаційних питань ;
3449 ;22676 ;- ;;Інспектор з експорту ;
3439 ;22598 ;- ;;Інспектор з інвентаризації ;
3423 ;22604 ;;67 ;Інспектор з кадрів закордонного плавання ;
3423 ;22601 ;;1 ;Інспектор з кадрів ;
2213.2 ;;;;Інспектор з карантину рослин ;
3431 ;22613 ;;1 ;Інспектор з контролю за виконанням доручень ;
3151 ;22616 ;- ;;Інспектор з контролю за технічним утриманням будинків ;
3442 ;22617 ;- ;;Інспектор з контролю за цінами ;
2411.2;;;;Інспектор з контролю якості аудиторських послуг;
3152 ;22622 ;;65 ;Інспектор з контролю якості продукції ;
3152 ;22619 ;- ;;Інспектор з контролю якості та використання лісоматеріалів ;
3444 ;- ;- ;;Інспектор з ліцензування ;
3152 ;22628 ;- ;;Інспектор з маломірних суден (маломірного флоту) ;
2352 ;22670 ;- ;;Інспектор з навчальної, виховної, методичної роботи, виробничого навчання і початкової військової підготовки ;
3439 ;22673 ;- ;;Інспектор з обліку та розподілу житлової площі ;
3439 ;22631 ;- ;;Інспектор з оборонно-масової роботи ;
3439 ;;;;Інспектор з організації захисту секретної інформації ;
3419 ;22637 ;;5* ;Інспектор з організації інкасації та перевезення цінностей ;
3439 ;22643 ;- ;;Інспектор з основної діяльності ;
2352 ;22646 ;- ;;Інспектор з охорони дитинства ;
3152 ;- ;;76 ;Інспектор з охорони праці ;
3212 ;22652 ;;66 ;Інспектор з охорони природи ;
3449 ;;;;Інспектор з охорони природно-заповідного фонду ;
3443 ;- ;- ;;Інспектор з призначення пенсій ;
2111.2 ;;;62 ;Інспектор з радіаційної безпеки ;
3152 ;;;;Інспектор з реєстрації суден ;
3152 ;22661 ;;67 ;Інспектор з розслідування аварій суден ;
3449;;;;Інспектор з розслідування причин виникнення пожеж;
3443 ;- ;- ;;Інспектор з соціальної допомоги ;
3439 ;22666 ;- ;;Інспектор з туризму ;
3152 ;22610 ;;2 ;Інспектор з якості хлібопродуктів, плодоовочевих, технічних культур і продукції тваринництва ;
3212;;;;Інспектор із захисту рослин;
3212 ;;;;Інспектор фітосанітарний;
3152 ;22563 ;- ;;Інспектор котлонагляду (з котлонагляду) ;
3419 ;22565 ;- ;;Інспектор кредитний ;
3474 ;22566 ;;84 ;Інспектор манежу (що веде виставу) ;
3441 ;- ;- ;;Інспектор митний ;
3152 ;22571 ;;67 ;Інспектор морський ;
3141 ;;;;Інспектор несамохідного флоту ;
3419 ;22574 ;- ;;Інспектор обмінного пункту ;
3152 ;22596 ;- ;;Інспектор підіймальних споруд ;
3152 ;22664 ;;67 ;Інспектор портового нагляду ;
2429 ;;;80 ;Інспектор праці (правовий) ;
3449 ;;;;Інспектор прикордонної служби ;
3439 ;;;;Інспектор протипожежної профілактики (пенітенціарна система) ;
3449;;;;Інспектор санітарний;
3152 ;22701 ;- ;;Інспектор технічний ;
3419 ;22707 ;;65 ;Інспектор торговельний ;
3152 ;22512 ;- ;;Інспектор у вибухонебезпечних виробництвах ;
2424 ;;;;Інспектор уповноваженого органу з питань пробації;
2419.3;;;;Інспектор фінансовий;
3152 ;22553 ;- ;;Інспектор шляховий ;
3439 ;22511 ;- ;;Інспектор ;
3152 ;22559 ;;67 ;Інспектор-капітан ;
2229.2 ;22515 ;- ;;Інспектор-лікар ;
2352 ;22568 ;- ;;Інспектор-методист ;
3152 ;22580 ;;68 ;Інспектор-пілот з безпеки польотів ;
3143 ;22577 ;;68 ;Інспектор-пілот ;
3152 ;22679 ;- ;;Інспектор-приймальник заводський ;
5111 ;22686 ;- ;;Інспектор-провідник бортовий ;
3439 ;22692 ;- ;;Інспектор-ревізор ;
3419 ;22704 ;;65 ;Інспектор-товарознавець ;
3451;;;;Інструктор;
5162;;;;Інструктор (молодший склад поліції);
3439 ;;;;Інструктор аварійно-рятувального (спеціального) підрозділу ;
5161 ;12550 ;- ;;Інструктор авіапожежної команди ;
3439 ;22749 ;- ;;Інструктор виконкому з організаційної роботи ;
3340 ;12554 ;- ;;Інструктор виробничого навчання робітників масових професій ;
3340 ;22837 ;- ;;Інструктор виробничого навчання ;
3439 ;;;;Інструктор газодимозахисної служби ;
3340 ;22743 ;;5 ;Інструктор газорятувальної станції ;
3340 ;22740 ;- ;;Інструктор допоміжної команди ;
3475;;;;Інструктор з верхової їзди;
3340 ;22783 ;- ;;Інструктор з військово-морської підготовки ;
3119 ;22832 ;;70 ;Інструктор з експлуатаційних, виробничо-технічних та організаційних питань ;
5149;;;;Інструктор з індивідуального навчання водінню;
5129;;;;Інструктор з навчання закладу ресторанного господарства;
3340 ;22789 ;- ;;Інструктор з навчання практичній їзді ;
3229;;;;Інструктор з надання догоспітальної допомоги;
5132;;;;Інструктор з надання першої допомоги;
3119 ;22798 ;- ;;Інструктор з організації служби загону ;
3439 ;22802 ;- ;;Інструктор з основної діяльності ;
2359.2 ;;;;Інструктор з праці ;
3460;;;;Інструктор з просторового орієнтування та мобільності;
3151 ;22810 ;- ;;Інструктор з протипожежної профілактики ;
3452 ;;;;Інструктор з професійної підготовки (пенітенціарна система) ;
3439 ;;;;Інструктор з радіаційної та хімічної розвідки ;
3226;;;80;Інструктор з трудової адаптації;
3226;22825;;78;Інструктор з трудової терапії;
3475 ;22831 ;;85 ;Інструктор з фізкультури ;
3475 ;;;;Інструктор з фітнесу (аеробіки) ;
3222 ;22816 ;;78 ;Інструктор із санітарної освіти ;
6152 ;12555 ;;85 ;Інструктор із спортивного рибальства ;
3475 ;22822 ;- ;;Інструктор із стройової та фізичної підготовки ;
3340 ;22752 ;;67 ;Інструктор легководолазної справи ;
3475 ;22856 ;;85 ;Інструктор навчально-тренувального пункту ;
2359.2 ;;;;Інструктор навчально-тренувального центру ;
3414 ;;;;Інструктор оздоровчо-спортивного туризму (за видами туризму) ;
3475 ;22774 ;- ;;Інструктор парашутно-десантної підготовки ;
3340 ;22777 ;;3 ;Інструктор парашутної та десантно-пожежної служби ;
5161 ;12552 ;;3 ;Інструктор парашутно-пожежної групи ;
2412.2 ;22780 ;- ;;Інструктор передових методів праці ;
5149 ;;;;Інструктор підводного плавання (рекреаційний дайвінг) ;
3340;;;;Інструктор підривних робіт;
3213 ;22843 ;;5* ;Інструктор службового собаківництва ;
2340 ;22847 ;;80 ;Інструктор слухового кабінету ;
5149 ;;;;Інструктор спортивний з туристичного супроводу (за видами туризму) ;
5149 ;;;;Інструктор тиру (стрільбища, стенду);
3439 ;22734 ;- ;;Інструктор ;
3340 ;22746 ;;78 ;Інструктор-дезінфектор ;
3475 ;22747 ;- ;;Інструктор-дельтапланерист ;
2351.2 ;;;;Інструктор-льотчик-методист ;
3340 ;22758 ;;85 ;Інструктор-методист з альпінізму ;
3475 ;22761 ;;85 ;Інструктор-методист з виробничої гімнастики ;
3475 ;22759 ;- ;;Інструктор-методист з дельтапланеризму ;
2359.2;;;;Інструктор-методист з інформаційної безпеки та кібербезпеки;
3475 ;22763 ;- ;;Інструктор-методист з технічних і військово-прикладних видів спорту ;
3340 ;22764 ;;85 ;Інструктор-методист з туризму ;
3475 ;22768 ;;85 ;Інструктор-методист з фізичної культури та спорту ;
3340 ;22757 ;- ;;Інструктор-методист контрольно-рятівної служби (загону) ;
3475 ;22769 ;;85 ;Інструктор-методист спортивної школи ;
3475 ;- ;;85 ;Інструктор-методист тренажерного комплексу (залу) ;
3340;-;;80;Інструктор-методист у справах осіб з порушеннями слуху;
3475 ;22771 ;- ;;Інструктор-парашутист ;
3340;;;;Інструктор-перекладач з обслуговування працівників з порушеннями слуху;
2359.2 ;22781 ;- ;;Інструктор-пілот (льотчик) ;
5111 ;22834 ;;68 ;Інструктор-провідник бортовий ;
3340 ;22840 ;;68 ;Інструктор-радист бортовий ;
4190 ;;;;Інтерв'юер ;
7312 ;12557 ;;59 ;Інтонувальник ;
4133 ;12559 ;- ;;Інформатор судноплавної обстановки ;
8131 ;12561 ;44 ;;Іризаторник ;
2443.2 ;;;;Історик (економіка) ;
2443.2 ;;;;Історик (політика) ;
2443.2 ;;;;Історик (суспільні відносини) ;
2443.2 ;- ;- ;;Історик ;
2211.2 ;22865 ;;4 ;Іхтіолог ;
2211.1 ;;;;Іхтіолог-дослідник ;
2211.2 ;22868 ;;4 ;Іхтіопатолог ;
7245 ;12624 ;;70 ;Кабельник-спаювальник ;
8232 ;12626 ;;45 ;Кабестанник ;
8159 ;12628 ;;19 ;Кабінник-кантівник ;
2419.3 ;;;;Казначей ;
8264 ;12630 ;47 ;;Каландрувальник (виробництво текстилю) ;
8264 ;12630 ;;45 ;Каландрувальник (електротехнічне виробництво) ;
8229 ;12630 ;24 ;;Каландрувальник (хімічне виробництво) ;
8142 ;12636 ;;17 ;Каландрувальник (целюлозно-паперове виробництво) ;
8231 ;12634 ;33 ;;Каландрувальник гумових сумішей ;
8231 ;12632 ;33 ;;Каландрувальник на обгумуванні металокордного полотна ;
8221 ;12640 ;;25 ;Калібрувальник виробів лікувального призначення ;
8131 ;12638 ;45 ;;Калібрувальник гіпсових форм ;
9322 ;12671 ;;45 ;Калібрувальник електровугільних виробів ;
8261 ;12646 ;47 ;;Калібрувальник коконів ;
7241 ;12644 ;;45 ;Калібрувальник котушок електроприладів ;
8290 ;12669 ;;44 ;Калібрувальник ланцюгів ;
7311 ;12648 ;20 ;;Калібрувальник магнітопроводів ;
8212 ;12650 ;38 ;;Калібрувальник набивок ;
7311 ;12652 ;;51 ;Калібрувальник ниткоутворювачів ;
8229 ;12642 ;;61 ;Калібрувальник олівцевих дощечок ;
9311 ;12662 ;44 ;;Калібрувальник скловиробів ;
9322 ;12660 ;20 ;;Калібрувальник слюди (електронне виробництво) ;
9311 ;12660 ;43 ;;Калібрувальник слюди (оброблення слюди) ;
8124 ;12664 ;;40 ;Калібрувальник труб на пресі ;
8232 ;12666 ;27 ;;Калібрувальник трубок з пластичних мас ;
8232 ;12668 ;27 ;;Калібрувальник форм ;
8275 ;12654 ;;7 ;Калібрувальник харчових продуктів ;
2147.2 ;22879 ;;40 ;Калібрувальник ;
7311 ;12656 ;20 ;;Калібрувальник-прецизійник у виробництві масок кольорових кінескопів ;
7113 ;12658 ;43 ;;Калібрувальник-розкрійник ;
4121 ;22882 ;;1 ;Калькулятор ;
8340 ;12678 ;;67 ;Камбузник ;
8212 ;12686 ;;35 ;Каменевар ;
7113 ;12690 ;;64 ;Каменотес (будівельні, монтажні та ремонтно-будівельні роботи) ;
7113 ;12690 ;;35 ;Каменотес (оброблення каменю) ;
5142 ;;;;Камердинер ;
9311 ;12692 ;;5 ;Канавник (видобуток торфу) ;
8139 ;12692 ;44 ;;Канавник (виробництво скла) ;
8290 ;12694 ;;44 ;Каніліровник дроту ;
8124 ;12698 ;;40 ;Кантувальник-укладальник ;
7321 ;12696 ;45 ;;Кантувач керамічних труб ;
2460;;;;Капелан (військовий капелан, капелан в охороні здоров’я, пенітенціарний капелан і т. ін.);
2453.2 ;22885 ; - ;;Капельмейстер ;
8221 ;12700 ;31 ;;Капілярник ;
1226.2 ;;;;Капітан - помічник механіка (суднового) ;
3142 ;22891 ;- ;;Капітан груповий ;
3142 ;22909 ;- ;;Капітан здавальний ;
3142 ;22899 ;- ;;Капітан підводного апарата ;
3152 ;22903 ;;67 ;Капітан портового нагляду ;
3142 ;22900 ;- ;;Капітан портового пункту ;
1226.2 ;;;67 ;Капітан порту (морського) ;
3142 ;22900 ;;67 ;Капітан порту (річкового) ;
3142 ;22906 ;- ;;Капітан рейду ;
3142 ;22912 ;- ;;Капітан флоту ;
1226.2 ;22888 ;;67 ;Капітан ;
1226.1 ;;;;Капітан-директор ;
3142 ;;;;Капітан-координатор ;
3142 ;22895 ;- ;;Капітан-кранмейстер ;
1226.2 ;;;;Капітан-механік судновий ;
3142 ;22897 ;;67 ;Капітан-наставник ;
8278 ;12702 ;;11 ;Каптажник ;
2412.2 ;;;;Кар’єрний радник;
8274 ;12704 ;;11 ;Карамельник ;
8159 ;12706 ;20 ;;Карбідувальник ;
8159 ;12708 ;20 ;;Карбонізатор ;
8264 ;12710 ;47 ;;Карбонізаторник (виробництво вовни) ;
8212 ;12710 ;;36 ;Карбонізаторник (виробництво теплоізоляційних матеріалів) ;
7324 ;19549 ;65 ;;Карбувальник скульптурного виробництва ;
7324 ;19550 ;65 ;;Карбувальник художніх виробів ;
8290 ;12712 ;;44 ;Кардівник ;
9311 ;12718 ;;5 ;Кар'єрник ;
7111 ;12714 ;;74 ;Каротажник ;
2148.2 ;22915 ;;18, 74 ;Картограф ;
2148.2 ;22918 ;- ;;Картограф-укладач ;
8143 ;12716 ;;17 ;Картонажник ;
4212 ;22921 ;- ;;Касир (в банку) ;
4211 ;22921 ;;1 ;Касир (на підприємстві, в установі, організації) ;
4211 ;22924 ;;66** ;Касир багажний ;
4211 ;12719 ;;66, 1 ;Касир квитковий ;
4211 ;22934 ;;66** ;Касир товарний (вантажний) ;
4211 ;- ;;65 ;Касир торговельного залу ;
3433 ;22935 ;- ;;Касир-експерт ;
4212;;;;Касир-оператор автоматизованої системи оброблення банкнот;
4212;;;;Касир-операціоніст;
2455.2 ;;;82 ;Каскадер ;
8159 ;12722 ;;11 ;Каталізаторник (виробництво олії та жирів) ;
8159 ;12722 ;20 ;;Каталізаторник (електронна техніка) ;
3340;;;;Катехит;
8122 ;12726 ;;41 ;Катодник ;
8122 ;12728 ;;41 ;Каширувальник-фарбувальник фольги ;
9132 ;;;1 ;Каштелян ;
7322 ;12732 ;44 ;;Кварцодув ;
8131 ;12734 ;44 ;;Кварцоплавильник ;
8269 ;19525 ;47 ;;Квіткар ;
6113 ;19524 ;;2 ;Квітникар ;
1210.1;;;;Керівник (директор, завідувач, начальник та ін.) архіву;
1229.4;;;;Керівник (директор) закладу дошкільної освіти;
1210.1;;;;Керівник (директор) закладу дошкільної освіти ;
1210.1;;;;Керівник (директор) закладу загальної середньої освіти;
1210.1;;;;Керівник (директор) закладу (установи, організації) культури (центру культурних послуг, закладу культури клубного типу, кінотеатру, театру, кіностудії, іншого клубного хабу);
1210.1;;;;Керівник (директор) закладу позашкільної освіти;
1210.1;;;;Керівник (директор) інклюзивно-ресурсного центру;
1210.1;;;;Керівник (директор) міжшкільного ресурсного центру;
1210.1;-;;80;Керівник (директор) установи (закладу) соціального захисту населення;
1210.1;;;;Керівник (директор) центру професійного розвитку;
1231;;;;Керівник (директор, виконавчий директор, начальник та ін.) відповідного напряму діяльності банківської установи;
1210.1 ;;;;Керівник (директор, начальник і т. ін.) установи виконання покарань ;
1231;;;;Керівник (директор, начальник та ін.) департаменту (центру, відділення, дирекції, комплексу та ін.) (банківська діяльність);
1231 ;;;;Керівник (директор, начальник та ін.) департаменту ;
1229.7;;;99;Керівник (директор, начальник та ін.) підрозділу (служби, управління, департаменту та ін.) з безпеки (фінансово-економічної, інформаційної);
1229.7;;;99;Керівник (директор, начальник та ін.) підрозділу (служби, управління, департаменту та ін.) з охорони та безпеки (фізичної та майнової);
1210.1;;;;Керівник (директор, начальник тощо) закладу фахової передвищої освіти; 
1210.1;;;85;Керівник (директор, начальник) закладу спеціалізованої освіти;
1210.1;;;;Керівник (директор, начальник) закладу професійної освіти;
1210.1;;;;Керівник (ректор, директор, начальник) закладу післядипломної освіти;
1210.1;;;;Керівник (ректор, президент, директор, начальник) закладу вищої освіти;
2455.2 ;;;;Керівник (студії за видами мистецтва та художньої творчості, любительського об'єднання, клубу за інтересами та ін.) ;
3476 ;;;;Керівник аматорського дитячого колективу (гуртка, студії та ін.) ;
3476 ;;;;Керівник аматорського колективу (за видами мистецтва) ;
1143.1;;;;Керівник апарату;
1229.2;;;;Керівник апарату Верховного Суду;
1120.1;;;;Керівник Апарату Офісу Президента України;
1229.2;;;;Керівник апарату суду;
1229.1 ;;;;Керівник апарату ;
1229.3 ;;;;Керівник апарату ;
1237.2 ;24601 ;- ;;Керівник бригади (дослідної, проектної організації) ;
1229.4 ;24635 ;- ;;Керівник виробничої практики ;
1120.1 ;- ;- ;;Керівник відомства Автономної Республіки Крим ;
1229.1 ;- ;- ;;Керівник головного управління ;
1120.1 ;;;;Керівник головного управління, іншого органу державної виконавчої влади, підвідомчого Кабінету Міністрів України ;
1229.6 ;;;82 ;Керівник групи (виробництво аудіовізуальних творів) ;
1222.2;;;;Керівник групи з буропідривних робіт;
1222.2 ;24616 ;- ;;Керівник групи з нагляду за будівництвом флоту ;
1232 ;24619 ;- ;;Керівник групи обліку ;
1229.1 ;;;;Керівник групи ;
1229.7 ;24609 ;- ;;Керівник групи ;
1229.6 ;24622 ;;81 ;Керівник гуртка ;
1229.7 ;24620 ;- ;;Керівник допризовної підготовки (військовий керівник) ;
1229.7 ;;;;Керівник з координації аварійно-рятувальних робіт на акваторіях ;
2455.2 ;- ;;81 ;Керівник колективу (театрального, самодіяльного та ін.) ;
1229.1;;;;Керівник Координаційного центру;
1229.7 ;;;;Керівник організаційних систем електронного урядування ;
1143.4;;;;Керівник органу самоорганізації населення;
2453.2 ;- ;;81 ;Керівник оркестру (ансамблю) духових інструментів ;
2453.2 ;;;81 ;Керівник оркестру (ансамблю, фольклорного ансамблю) народних інструментів ;
1120.5;;;;Керівник офісу державного колегіального органу;
1120.1 ;  ;  ;  ;Керівник Офісу Президента України;
1210.1 ;;;;Керівник підприємства (установи, організації) (сфера захисту інформації) ;
1210.1 ;- ;- ;;Керівник підприємства (установи, організації) охорони здоров'я (генеральний директор, директор, головний лікар та ін.) ;
1210.1 ;;;;Керівник підрозділу юридичної особи, що здійснює діяльність з управління активами ;
1229.4 ;24604 ;- ;;Керівник позанавчальної виховної роботи з іноземними учнями ;
1226.2 ;24632 ;;68 ;Керівник польотів ;
1229.3 ;;;76 ;Керівник прес-служби (місцеві органи державної влади) ;
1229.1 ;;;76 ;Керівник прес-служби (центральні органи державної влади) ;
1238 ;- ;- ;;Керівник проектів та програм у сфері матеріального (нематеріального) виробництва ;
1226.1 ;;;;Керівник регіонального структурного підрозділу ;
1229.7 ;- ;;68 ;Керівник рятувального підрозділу ;
1229.7 ;- ;- ;;Керівник рятувального формування ;
1229.6 ;24623 ;;81 ;Керівник самодіяльного об'єднання (клубу за інтересами) ;
2452.2 ;- ;;81 ;Керівник самодіяльного об'єднання прикладного та декоративного мистецтва ;
1229.2;;;;Керівник секретаріату;
2359.2 ;;;;Керівник секції спортивного напряму ;
1229.1 ;;;76 ;Керівник служби ;
1229.3 ;- ;- ;;Керівник структурного підрозділу - головний спеціаліст ;
1226.2 ;;;;Керівник структурного підрозділу (сфера захисту інформації) ;
1239;;;;Керівник структурного підрозділу з питань безпеки інформації та кіберзахисту;
1229.4 ;24638 ;- ;;Керівник студентського проектно-конструкторського (дослідного) бюро ;
1229.6 ;24637 ;;81 ;Керівник студії, колективу (за видами мистецтва і народної творчості) ;
2454.2 ;- ;;81 ;Керівник танцювального колективу ;
1144.2;;;;Керівник територіального об’єднання (архієпископ, митрополит, рабин, муфтій, єпископ, шейх і т. ін.);
1224 ;- ;;;Керівник торговельно-економічної місії ;
1120.1 ;;;;Керівник урядового органу державного управління ;
1238 ;;;;Керівник установи (структурного підрозділу) з інтелектуальної власності ;
1238 ;;;;Керівник установи (структурного підрозділу) із стандартизації, сертифікації та якості ;
1229.6 ;24641 ;;85 ;Керівник фізичного виховання ;
2453.2 ;- ;;81 ;Керівник хору (фольклорного ансамблю) ;
2455.2 ;24644 ;;81, 84 ;Керівник художній ;
1229.6 ;;;;Керівник художній трупи (оперної, балетної);
1229.6 ;24646 ;;84 ;Керівник частини (літературно-драматургічної, музичної) ;
1210.1 ;- ;- ;;Керуючий (директор, інший керівник) комерційним банком ;
1210.1;;;;Керуючий (директор, інший керівник) установою (підрозділом) Національного банку України;
1210.1 ;;;;Керуючий (тимчасової адміністрації) для управління енергопостачальником ;
1317 ;- ;;65 ;Керуючий агентством (страховим, торговельним, нерухомості, рекламним і т. ін.) ;
1221.2 ;- ;;2 ;Керуючий відділенням ;
1315 ;- ;;87 ;Керуючий готелем (пансіонатом, кемпінгом і т. ін.) ;
1210.1 ;- ;;87 ;Керуючий готельним господарством ;
1221.2 ;25145 ;;2 ;Керуючий дільницею (сільськогосподарською) ;
1314 ;- ;;65 ;Керуючий магазином ;
1318 ;- ;- ;;Керуючий перукарнею (фотоательє, фірмою прокату і т. ін.) ;
1210.1 ;- ;;65 ;Керуючий підприємством харчування ;
1315 ;- ;;65 ;Керуючий рестораном (кафе, їдальнею і т. ін.) ;
3431 ;- ;- ;;Керуючий справами (секретар) виконавчого комітету ;
1229.3;;;;Керуючий справами виконавчого апарату;
1120.1 ;- ;- ;;Керуючий справами Ради міністрів Автономної Республіки Крим ;
1229.1 ;- ;;80, 76 ;Керуючий справами ;
1210.1 ;25142 ;;64 ;Керуючий трестом ;
1221.2 ;25148 ;;2 ;Керуючий фермою ;
7139 ;;;;Кесонник будівельний ;
7216 ;12736 ;;64 ;Кесонник-апаратник ;
7216 ;12741 ;;64 ;Кесонник-електромонтажник ;
7216 ;12738 ;;64 ;Кесонник-прохідник ;
7216 ;12740 ;;64 ;Кесонник-слюсар ;
8262 ;12743 ;47 ;;Кетельник ;
7432 ;;;;Килимар ;
8262 ;;;;Килимарник ;
8151 ;12755 ;30 ;;Кислотник (гідролізне виробництво) ;
7139 ;;;;Кислототривник (будівельні роботи) ;
7134 ;12751 ;;64 ;Кислототривник-вініпластник ;
7134 ;12753 ;;64 ;Кислототривник-гумувальник ;
8264 ;12749 ;47 ;;Кислотувальник ;
4113;;;;Кібероператор;
2455.2 ;22936 ;- ;;Кінознавець ;
6129 ;;;;Кінолог ;
3131 ;22938 ;- ;;Кінооператор (фотооператор) бортовий ;
3131 ;22940 ;;82 ;Кінооператор комбінованих зйомок ;
3131 ;22937 ;;82 ;Кінооператор ;
3131 ;22943 ;;82 ;Кінооператор-постановник ;
2455.2 ;22949 ;;82 ;Кінорежисер анімаційних (мультиплікаційних) фільмів ;
2455.2 ;;;;Режисер з монтажу;
2455.2 ;22946 ;;82 ;Кінорежисер ;
2455.2 ;22955 ;;82 ;Кінорежисер-постановник ;
5230 ;;;;Кіоскер ;
7312 ;12757 ;;59 ;Клавіатурник ;
8224 ;12761 ;34 ;;Кладильник скла на поливну машину ;
3119 ;22958 ;- ;;Класифікатор текстильної сировини ;
9322 ;12767 ;44 ;;Класифікаторник крокусу та наждаку ;
8139 ;12769 ;44 ;;Класифікаторник піску та пемзи ;
7313 ;12771 ;;38 ;Класифікаторник порошків з алмазів та надтвердих матеріалів ;
8151 ;12765 ;43 ;;Класифікаторник роздрібненого каменя ;
9311 ;12773 ;43 ;;Класифікаторник слюди ;
8139 ;12774 ;;37 ;Класифікаторник шліфпорошків ;
7431 ;12763 ;70 ;;Класувальник вовни та пуху ;
8152 ;12776 ;;17 ;Клеєвар (виробництво целюлози, паперу, картону й виробів з них) ;
8152 ;12776 ;;1 ;Клеєвар (загальні професії для всіх галузей) ;
9322 ;;;17 ;Клеїльник (виробництво виробів з паперу та картону) ;
7433 ;12782 ;;13 ;Клеїльник (швацьке виробництво) ;
9322 ;12786 ;65 ;;Клеїльник виробів з металу ;
8231 ;12794 ;33 ;;Клеїльник гумових, полімерних деталей та виробів ;
8284 ;12799 ;33 ;;Клеїльник ебонітових виробів ;
8232 ;12788 ;;45 ;Клеїльник міканітів ;
8290 ;12784 ;;17 ;Клеїльник паперу, картону й виробів з них ;
8232 ;12792 ;;45 ;Клеїльник плівкоелектрокартону ;
7232 ;12796 ;;55 ;Клеїльник силової арматури та м'яких баків ;
9321 ;12790 ;20 ;;Клеїльник-обпресувальник ;
8122 ;12780 ;;40 ;Клеймувальник гарячого металу (вторинна переплавка чорних металів) ;
8124 ;12780 ;;40 ;Клеймувальник гарячого металу (трубне виробництво) ;
7214 ;12801 ;;42 ;Клепальник ;
8276 ;12803 ;;11 ;Клерувальник цукру ;
2112.2 ;;;;Кліматолог ;
2445.2;;;;Клінічний психолог;
7331 ;12805 ;27 ;;Клішист ;
8163 ;12809 ;;87 ;Коагулянник ;
8274 ;12807 ;55 ;;Коагуляторник пектину ;
2453.2 ;- ;;84 ;Кобзар ;
7313 ;13223 ;;41 ;Коваль дорогоцінних металів ;
7221 ;13225 ;;42 ;Коваль на молотах і пресах ;
7221 ;13227 ;;42 ;Коваль ручного кування ;
7229 ;;;;Коваль у виробництві готових металевих виробів ;
7221 ;13221 ;;5 ;Коваль-бурозаправник ;
7221 ;13231 ;;42 ;Коваль-штампувальник на ротаційних машинах ;
7221 ;13229 ;;42 ;Коваль-штампувальник ;
8121 ;12815 ;;40 ;Ковшовий ;
4143 ;22961 ;;1 ;Кодифікатор ;
4143 ;22959 ;- ;;Кодувальник ;
7211 ;12817 ;;42 ;Кокільник-складальник ;
8261 ;12821 ;47 ;;Коконозмішувач ;
8261 ;12819 ;47 ;;Кокономотальник ;
8159 ;12823 ;;21 ;Коксоочисник ;
8159 ;12825 ;;21 ;Коксорозвантажувач ;
9322 ;12827 ;47 ;;Колекціонер зразків тканин ;
7111 ;12831 ;;5 ;Колій плит та блоків ;
9311 ;12833 ;43 ;;Колій слюди ;
7129 ;17517 ;55 ;;Колійний робітник на озері ;
8143 ;12829 ;;17 ;Колорист (виробництво паперу) ;
8151 ;12829 ;26 ;;Колорист (лакофарбове виробництво) ;
7341 ;12829 ;59 ;;Колорист (поліграфічне виробництво) ;
3471 ;22967 ;- ;;Колорист (художник) ;
7441 ;12829 ;48 ;;Колорист (шкіряне виробництво) ;
1226.2 ;23018 ;- ;;Командир (начальник) експлуатаційного об'єднання цивільної авіації ;
1239 ;;;;Командир (начальник) підрозділу (сфера цивільного захисту) ;
1239 ;;;;Командир (начальник) частини (сфера цивільного захисту) ;
1226.2 ;22973 ;;68 ;Командир авіаційного загону ;
1226.2 ;22982 ;;68 ;Командир авіаційної ескадрильї ;
1226.2 ;22983 ;- ;;Командир авіаційної ескадрильї, об'єднаної з аеропортом ;
3143 ;22970 ;;3, 68 ;Командир авіаційної ланки ;
1229.7 ;22985 ;- ;;Командир артилерійської ланки ;
1229.7 ;;;;Командир батальйону (поліція);
1229.7 ;;;;Командир взводу (поліція);
1239 ;;;;Командир взводу (сфера цивільного захисту) ;
1222.2 ;22988 ;- ;;Командир взводу ;
5162;;;;Командир відділення (поліція);
5169 ;;;;Командир відділення (сфера цивільного захисту) ;
5169 ;;;;Командир відділення оперативно-рятувальної служби цивільного захисту ;
1222.2 ;23003 ;-;;Командир відділення ;
1229.7 ;23001 ;- ;;Командир вогневої точки ;
1222.2 ;22994 ;- ;;Командир допоміжної гірничорятувальної команди ;
1239 ;;;;Командир загону (сфера цивільного захисту) ;
1222.2 ;23006 ;- ;;Командир загону ;
1223.2 ;22997 ;;64 ;Командир землесоса, земснаряда, дноочищувального снаряда ;
1223.2 ;;;;Командир земснаряда (землесоса) - помічник механіка (суднового) ;
5162;;;;Командир катера (поліція);
1226.2 ;23000 ;- ;;Командир об'єднаного авіаційного загону ;
3143 ;12835 ;;68 ;Командир повітряного судна (літака, вертольота) ;
3143 ;22991 ;;68 ;Командир повітряного судна (пілот, льотчик)-інструктор ;
1229.7 ;;;;Командир полку (поліція);
5169 ;;;;Командир пункту (газорятувального, гірничорятувального, підземного, аварійно-рятувального, пожежно-рятувального) ;
1229.7 ;;;;Командир роти (поліція);
1222.2 ;23015 ;- ;;Командир частини ;
1229.7 ;22999 ;- ;;Командир-наставник ;
1226.2 ;23024 ;- ;;Комендант аеродрому ;
1226.2 ;23027 ;;68 ;Комендант аеропорту ;
5121 ;23030 ;- ;;Комендант будинку ;
1226.2 ;23028 ;- ;;Комендант дельтадрому ;
5121 ;23033 ;- ;;Комендант об'єкта ;
5121 ;23021 ;;1 ;Комендант ;
2451.2 ;23045 ;;83 ;Коментатор ;
1314 ;- ;- ;;Комерсант ;
3415 ;- ;;1 ;Комівояжер ;
8229;;;;Комірник спеціальних виробів (спеціальні хімічні виробництва);
1229.7 ;23039 ;- ;;Комісар аварійний ;
7232 ;12839 ;;55 ;Комплектувальник авіаційної техніки ;
9133 ;12841 ;66 ;;Комплектувальник білизни ;
7233 ;12853 ;;42 ;Комплектувальник виробів та інструменту ;
8264 ;12851 ;66 ;;Комплектувальник виробів ;
9322 ;12855 ;48 ;;Комплектувальник виробів, напівфабрикатів та матеріалів ;
7321 ;12843 ;45 ;;Комплектувальник гіпсових форм ;
9322 ;12845 ;;60 ;Комплектувальник деталей іграшок ;
7312 ;12849 ;;59 ;Комплектувальник деталей музичних інструментів ;
8143 ;12847 ;;17 ;Комплектувальник деталей та виробів з паперу ;
7332 ;12859 ;60 ;;Комплектувальник кісток ;
7436 ;12861 ;;13 ;Комплектувальник матеріалів, крою та виробів ;
7422 ;12863 ;;57 ;Комплектувальник меблів ;
7242 ;12865 ;20 ;;Комплектувальник мікромодулів ;
7211 ;12867 ;;42 ;Комплектувальник моделей ;
8221 ;12871 ;;25 ;Комплектувальник напівфабрикатів медичних виробів ;
8229 ;12857 ;;61 ;Комплектувальник олівців та стрижнів ;
7124 ;12869 ;;35 ;Комплектувальник панелей ;
9322 ;12876 ;20 ;;Комплектувальник п'єзотехнічних виробів ;
9321 ;12873 ;;45 ;Комплектувальник проводів ;
7432 ;12875 ;47 ;;Комплектувальник пряжі, тканини й виробів ;
9322 ;12878 ;44 ;;Комплектувальник скла та скловиробів ;
8229;;;;Комплектувальник спеціальних виробів (спеціальні хімічні виробництва);
7332 ;12880 ;60 ;;Комплектувальник сухих зоопрепаратів ;
5220 ;12882 ;;65 ;Комплектувальник товарів ;
9321 ;12884 ;;53 ;Комплектувальник туб ;
7324 ;12886 ;45 ;;Комплектувальник фарфорових та фаянсових виробів ;
8224 ;12887 ;34 ;;Комплектувальник фільмокопій ;
8122 ;12891 ;;41 ;Комплектувальник форм сухозлітних металів ;
9322 ;12889 ;59 ;;Комплектувальник форм ;
9322 ;12893 ;59 ;;Комплектувальник шрифтової продукції ;
8232 ;12837  ;24 ;;Комплектувальник ;
2453.2 ;;;;Композитор ;
8121 ;12895 ;;41 ;Конвертерник ;
8121 ;12899 ;;41 ;Конденсаторник ;
7412 ;;;67 ;Кондитер судновий ;
7412 ;12901 ;;65, 11 ;Кондитер ;
8273 ;12903 ;;7 ;Кондиційник зерна та насіння ;
5112 ;;;;Кондуктор громадського транспорту ;
9321 ;12911 ;;45 ;Конопатник електрощіткового виробництва ;
9322 ;12916 ;;1 ;Консервувальник устаткування та металовиробів ;
7434 ;12913 ;;2 ;Консервувальник шкіряної та хутряної сировини ;
7434 ;12914 ;48 ;;Консервувальник шкіряно-хутряної сировини ;
2149.2 ;23048 ;- ;;Конструктор (інші галузі інженерної справи) ;
2149.2 ;23051 ;;;Конструктор взуття ;
2149.2 ;23054 ;- ;;Конструктор одягу ;
2132.2;;;;Конструктор систем кібербезпеки;
3439 ;23057 ;- ;;Консул ;
3439 ;;;;Консульський агент;
2419.3 ;;;;Консультант (в апараті органів державної влади, місцевого самоврядування);
2149.2 ;- ;- ;;Консультант (у певній галузі інженерної справи) ;
3432;;;;Консультант державного нотаріального архіву;
3432;;;;Консультант державної нотаріальної контори;
2441.2 ;23068 ;- ;;Консультант з економічних питань ;
2419.2 ;- ;- ;;Консультант з ефективності підприємництва ;
2419.2 ;- ;- ;;Консультант з маркетингу ;
2351.2 ;;;;Консультант з питань здорового способу життя ;
2443.2 ;- ;- ;;Консультант з питань історії ;
2411.2 ;;;5* ;Консультант з податків і зборів ;
2419.2 ;- ;- ;;Консультант з раціоналізації виробництва ;
2149.2 ;;;;Консультант із енергозбереження в будівлях ;
2149.2 ;;;;Консультант із енергозбереження та енергоефективності ;
2419.2 ;;;;Консультант із зовнішньоекономічних питань ;
2443.2 ;- ;- ;;Консультант із суспільно-політичних питань (в партіях та інших громадських організаціях) ;
2111.2 ;23064 ;- ;;Консультант науковий (у планетаріях) ;
2429;;;;Консультант науковий (правознавство);
1229.1 ;;;;Консультант Президента України ;
2429;;;;Консультант суду;
2351.2;;;;Консультант центру професійного розвитку;
2419.2 ;;;;Консультант ;
5121 ;;;;Консьєрж готельного комплексу ;
9141 ;- ;;5* ;Консьєрж ;
8229 ;12920 ;24 ;;Контролер (хімічне виробництво) ;
8139 ;12922 ;;37 ;Контролер абразивних матеріалів та виробів ;
9152 ;12924 ;;66 ;Контролер автоматичних пропускних пунктів метрополітену ;
8212 ;;;35 ;Контролер волокнистоцементних виробів;
8212 ;12928 ;;35 ;Контролер бетонних та залізобетонних виробів і конструкцій ;
7214 ;12983 ;;40 ;Контролер брухту та відходів металу ;
7241 ;12930 ;;45 ;Контролер в акумуляторному й елементному виробництві ;
7223 ;13063 ;;42 ;Контролер верстатних і слюсарних робіт (слюсарні роботи) ;
8211 ;13063 ;;42 ;Контролер верстатних та слюсарних робіт (верстатні роботи) ;
7311 ;12959 ;;42 ;Контролер вимірювальних приладів та спеціального інструменту ;
7432 ;12957 ;47 ;;Контролер вимірювань продукції ;
8212 ;12953 ;;35 ;Контролер виробів з каменю ;
7113 ;12955 ;43 ;;Контролер виробів із слюди ;
8229;;;;Контролер виробів капсульного виробництва (спеціальні хімічні виробництва);
7442 ;12958 ;48 ;;Контролер виробів, напівфабрикатів та матеріалів ;
8229;;;;Контролер виробництва пороху та вибухових речовин (спеціальні хімічні виробництва);
8232 ;13043 ;29 ;;Контролер виробництва скловолокна та склопластиків ;
7136 ;12938 ;;87 ;Контролер водопровідного господарства ;
9311 ;13081 ;;5 ;Контролер вуглеприймання ;
7136 ;12946 ;;63 ;Контролер газового господарства ;
7311 ;13089 ;;50 ;Контролер годинникового та каменевого виробництва ;
7311 ;12951 ;;51 ;Контролер голково-платинних виробів ;
7422 ;12948 ;;16 ;Контролер деревообробного виробництва ;
7311 ;12950 ;20 ;;Контролер деталей та приладів ;
8151 ;13093 ;;43 ;Контролер електродного виробництва ;
7241 ;13095 ;;42 ;Контролер електромонтажних робіт ;
8223 ;13097 ;;42 ;Контролер емалевого покриття ;
9153 ;13098 ;;62 ;Контролер енергонагляду ;
8112 ;13015 ;;5 ;Контролер з дорогоцінної продукції ;
7243 ;- ;;1 ;Контролер з неруйнівного контролю ;
8123 ;13026 ;;42 ;Контролер з термооброблення ;
8155 ;13018 ;;21 ;Контролер з якості нафти й нафтопродуктів ;
7212 ;13057 ;;42 ;Контролер зварювальних робіт ;
8232 ;13016 ;27 ;;Контролер із звучання ;
7241 ;12961 ;;45 ;Контролер кабельних виробів ;
4211 ;23073 ;;84, 67 ;Контролер квитків ;
7221 ;12981 ;;42 ;Контролер ковальсько-пресових робіт ;
7214 ;12978 ;;42 ;Контролер котельних, холодноштампувальних і давильних робіт (котельні роботи) ;
7221 ;12978 ;2 ;;Контролер котельних, холодноштампувальних і давильних робіт (холодноштампувальні та давильні роботи) ;
6141 ;- ;;3 ;Контролер лісозаготівельного виробництва ;
4211 ;23076 ;- ;;Контролер ломбарду ;
7141 ;12985 ;;42 ;Контролер малярних робіт ;
7432 ;12989 ;;14 ;Контролер матеріалів та виробів ;
7435 ;12987 ;;13 ;Контролер матеріалів, виробів та лекал ;
7233 ;12991 ;;42 ;Контролер матеріалів, металів, напівфабрикатів та виробів  ;
7311 ;12993 ;;48 ;Контролер медичного устаткування та виробів ;
7324 ;12999 ;65 ;;Контролер монетно-орденського виробництва ;
7312 ;13001 ;;59 ;Контролер музичних інструментів ;
5169 ;13005 ;75 ;;Контролер на контрольно-пропускному пункті ;
7332 ;13003 ;60 ;;Контролер наочного приладдя ;
7311 ;13007 ;;49 ;Контролер оптичних деталей та приладів ;
4211 ;23079 ;;67 ;Контролер пасажирського транспорту ;
4211 ;23083 ;- ;;Контролер перонний (квитковий) ;
8155 ;13009 ;;63 ;Контролер пічного господарства ;
8224 ;13013 ;34 ;;Контролер плівки, розчинів і фільмових матеріалів ;
8229 ;12980 ;43 ;;Контролер покрівельних та гідроізоляційних матеріалів ;
8232 ;13022 ;27 ;;Контролер полімерних будівельних матеріалів ;
9311 ;13040 ;;5 ;Контролер продукції збагачення ;
8121 ;13041 ;;41 ;Контролер продукції кольорової металургії (плавка руд кольорових металів) ;
8123 ;13041 ;;41 ;Контролер продукції кольорової металургії (термічне оброблення) ;
8124 ;13041 ;;41 ;Контролер продукції кольорової металургії (трубне виробництво) ;
8221 ;13038 ;;25 ;Контролер продукції медичного призначення ;
7242 ;13047 ;;47 ;Контролер радіоелектронної апаратури та приладів ;
4190 ;23091 ;- ;;Контролер регламентного бюро ;
7311 ;13049 ;20 ;;Контролер режимів роботи технологічного устаткування ;
7432 ;13051 ;;52 ;Контролер ремізо-бердного виробництва ;
4215 ;23094 ;;65  ;Контролер ринку ;
8223 ;13045 ;;42 ;Контролер робіт на металопокриттях ;
8224 ;13059 ;34 ;;Контролер світлочутливих виробів ;
7441 ;13074 ;48 ;;Контролер сировини та напівфабрикатів ;
7432 ;13061 ;47 ;;Контролер сітковиробів ;
7232 ;13055 ;;55 ;Контролер складально-монтажних та ремонтних робіт ;
7241 ;13053 ;;45 ;Контролер складання електричних машин, апаратів та приладів ;
7322 ;13065 ;44 ;;Контролер скляного виробництва ;
8211;;;;Контролер спеціальних виробів;
8223;;;;Контролер спеціальних теплозахисних покриттів;
9322 ;13066 ;;35 ;Контролер стінових та в'яжучих матеріалів ;
8261 ;12976 ;;12 ;Контролер стосів ;
7411 ;13068 ;;8 ;Контролер струн та зшивок ;
7214 ;13070 ;;56 ;Контролер суднокорпусних, судномонтажних і трубопровідних робіт ;
9311 ;13072 ;;5 ;Контролер суспензії ;
7136 ;;;;Контролер теплового господарства ;
8212 ;13076 ;;36 ;Контролер теплоізоляційних виробів ;
4142 ;23097 ;;70 ;Контролер технічний поштових вагонів ;
8331 ;13078 ;;2 ;Контролер технічного стану автомототранспортних засобів (сільсько- та лісогосподарські установки) ;
8332 ;13078 ;- ;;Контролер технічного стану автомототранспортних засобів (установки для виконання земляних та подібних робіт) ;
8321;;;;Контролер технічного стану колісних транспортних засобів;
8261 ;13080 ;47 ;;Контролер технологічного процесу (виробництво пряжі) ;
8262 ;13080 ;47 ;;Контролер технологічного процесу (виробництво тканин) ;
8154 ;13080 ;48 ;;Контролер технологічного процесу (дубильно-екстрактне виробництво) ;
4212;;;;Контролер у банку;
7313 ;12940 ;;38 ;Контролер у виробництві алмазів, надтвердих матеріалів та виробів з них ;
8232 ;12944 ;;45 ;Контролер у виробництві електроізоляційних матеріалів ;
8121 ;12942 ;;40 ;Контролер у виробництві чорних металів ;
8122 ;12936 ;;42 ;Контролер у ливарному виробництві ;
7341 ;;;;Контролер у поліграфічному виробництві ;
4131 ;23103 ;;82 ;Контролер фільмів кінопрокату ;
8272 ;13011 ;;7 ;Контролер харчової продукції (виробництво молочних продуктів) ;
8271 ;13011 ;;7 ;Контролер харчової продукції (виробництво м'ясних та рибних продуктів) ;
8275 ;13011 ;;7 ;Контролер харчової продукції (виробництво фруктових та овочевих консервів) ;
8274 ;13011 ;;7 ;Контролер харчової продукції (хлібопекарне та кондитерське виробництва) ;
8270 ;;;;Контролер харчової продукції ;
7324 ;13083 ;65 ;;Контролер художніх виробів ;
7434 ;12995 ;48 ;;Контролер хутряної сировини та напівфабрикатів у кушнірському виробництві ;
7434 ;12997 ;48 ;;Контролер хутряної сировини та напівфабрикатів у сирицефарбувальному виробництві ;
8142 ;13085 ;;17 ;Контролер целюлозно-паперового виробництва ;
8139 ;13087 ;;37 ;Контролер цехів плавлення, дроблення, регенерації та розсівання ;
8231 ;13091 ;33 ;;Контролер шинного виробництва ;
8264 ;12970 ;66 ;;Контролер якості оброблення виробів ;
8264 ;12972 ;66 ;;Контролер якості оброблення одягу та білизни ;
8159 ;12974 ;24 ;;Контролер якості продукції та технологічного процесу (хімічне виробництво) ;
7432 ;12968 ;47 ;;Контролер якості ;
8275 ;12932 ;;9 ;Контролер-вагар ;
8224 ;12934 ;34 ;;Контролер-візитажник ;
4211 ;12965 ;;65 ;Контролер-касир ;
7311;;;;Контролер-приймальник боєприпасів-зарядів;
7311;;;;Контролер-приймальник боєприпасів-порохів;
7311 ;13034 ;20 ;;Контролер-приймальник мікроелементів ;
7321 ;13036 ;45 ;;Контролер-приймальник фарфорових, фаянсових та керамічних виробів ;
8152 ;13028 ;26 ;;Контролер-приймальник ;
4211 ;23085 ;- ;;Контролер-ревізор ;
8232 ;13102 ;29 ;;Контурувальник склопластикових виробів ;
7324 ;13100 ;;82 ;Контурувальник ;
3119 ;23106 ;- ;;Конфекціонер ;
8112 ;13106 ;;5 ;Концентраторник ;
2453.2;;;;Концертмейстер (вокалу, хору, оркестру, оркестрової групи, ансамблю, балету, хореографічного колективу);
3473 ;;;;Концертмейстер (з дипломом фахового молодшого бакалавра) ;
2320;;;;Концертмейстер мистецького ліцею (мистецької школи);
9332 ;13108 ;;2 ;Конюх ;
6121 ;12909 ;;2 ;Коняр ;
7344 ;13110 ;20 ;;Координатографіст прецизійної фотолітографії ;
1229.1;;;;Координатор упровадження реформ;
3479;;;;Координатор знімального процесу;
7343 ;;;;Копіювальник друкарських форм ;
7346 ;13117 ;47 ;;Копіювальник малюнків та карт ;
3118 ;23118 ;;1 ;Копіювальник технічної документації ;
8224 ;13119 ;34 ;;Копіювальник фільмових матеріалів ;
9322 ;13113 ;;13 ;Копіювальник ;
7221 ;13123 ;;40 ;Копрівник з оброблення брухту та відходів металу ;
8332 ;13121 ;;64 ;Копрівник ;
8272 ;13125 ;;8 ;Коптильник ковбасного сиру ;
3152 ;;;;Корабельний інженер порту ;
4143 ;;;;Коректор (коригування морських карт і посібників для плавання) ;
4143 ;23121 ;;1, 18 ;Коректор (коригування текстів) ;
7341 ;13134 ;59 ;;Коректор (переддрукарські процеси поліграфічного виробництва) ;
3118 ;;;;Коректор морських карт і посібників для плавання ;
8223 ;13131 ;;42 ;Коректувальник ванн ;
8139 ;13132 ;;40 ;Коректувальник шламу ;
2451.2 ;23124 ;;18, 83 ;Кореспондент ;
9311 ;13136 ;;5 ;Корчувальник ;
5141 ;13138 ;- ;;Косметик ;
2149.1 ;- ;- ;;Космонавт-дослідник ;
7435 ;13140 ;;84 ;Костюмер ;
7214 ;13146 ;;56 ;Котельник судновий ;
7214 ;13144 ;;42 ;Котельник ;
8162 ;13148 ;;1 ;Котлочистильник ;
8340 ;13156 ;73 ;;Кочегар судна ;
8212 ;13158 ;;35 ;Кочегар сушильних барабанів ;
8163 ;13160 ;44 ;;Кочегар сушильних печей та барабанів ;
8162 ;13162 ;;1 ;Кочегар технологічних печей ;
8139 ;13150 ;;37 ;Кочегар-випалювач ;
3112 ;;;;Кошторисник ;
7433 ;16909 ;;13 ;Кравець ;
3141 ;23133 ;;67 ;Кранмейстер ;
8340 ;13168 ;73 ;;Крановий електрик ;
4214 ;;;;Кредитор ;
3118 ;25284 ;;1 ;Кресляр ;
3118 ;25287 ;- ;;Кресляр-конструктор ;
2442.2 ;- ;- ;;Кримінолог ;
2113.2 ;;;;Кристалограф ;
7442 ;13195 ;48 ;;Кріпильник деталей ;
8221 ;13197 ;31 ;;Кріпильник мандрен ;
7111 ;13193 ;;64, 5 ;Кріпильник ;
6121 ;13205 ;;2 ;Кролівник ;
4213 ;- ;;5* ;Круп'є ;
3119 ;23139 ;;11 ;Круп'яр ;
8269 ;13213 ;;45 ;Крутильник джгутів ;
8261 ;13215 ;47 ;;Крутильник сіткаря ;
8269 ;13217 ;47 ;;Крутильник шнурів ;
9322 ;13211 ;47 ;;Крутильник ;
9132 ;13219 ;;1 ;Кубівник ;
7412 ;13235 ;;7 ;Кулінар борошняних виробів ;
7411 ;13233 ;;10 ;Кулінар виробів з риби та морепродуктів ;
3310 ;;;;Культорганізатор закладу позашкільної освіти;
7413 ;13237 ;70 ;;Кумисороб ;
8274 ;13241 ;55 ;;Купажник пектинового екстракту ;
7416 ;13243 ;;11 ;Купажник тютюнів ;
7415 ;13245 ;;11 ;Купажник чаю ;
7415 ;13239 ;;11 ;Купажник ;
1210.1;;;;Куратор банку;
9151 ;13247 ;;1 ;Кур'єр ;
5122 ;16677 ;;65 ;Кухар дитячого харчування ;
5122 ;;;67 ;Кухар судновий ;
5122 ;16675 ;;65 ;Кухар ;
5122 ;;;;Кухар-матрос ;
5122 ;;;;Кухар-стюард ;
9132 ;13249 ;;65 ;Кухонний робітник ;
7439 ;;;;Кушнір ;
7434 ;18435 ;48 ;;Кушнір-обробник ;
7434 ;18437 ;48 ;;Кушнір-розкрійник ;
7434 ;18433 ;48 ;;Кушнір-складальник ;
3211 ;23157 ;- ;;Лаборант (біологічні дослідження) ;
3212 ;;;;Лаборант (ветеринарна медицина) ;
3119 ;23157 ;- ;;Лаборант (галузі техніки) ;
3221 ;23157 ;;78 ;Лаборант (медицина) ;
8220 ;;;;Лаборант (оптичні методи) ;
3340 ;;;;Лаборант (освіта) ;
3228 ;23157 ;;78 ;Лаборант (фармація) ;
3111 ;23157 ;- ;;Лаборант (хімічні та фізичні дослідження) ;
8112 ;13255 ;;5 ;Лаборант азбестозбагачувального виробництва ;
8112 ;;;35 ;Лаборант волокнистоцементного виробництва;
8221 ;13308 ;;25 ;Лаборант виробництва бактерійних препаратів ;
7241 ;13324 ;;1 ;Лаборант електромеханічних випробувань та вимірювань ;
8229 ;13271 ;;1 ;Лаборант з аналізу газів та пилу ;
8121 ;13269 ;;1 ;Лаборант з аналізу газів у металах ;
7431 ;13273 ;47 ;;Лаборант з аналізу коконів ;
8229 ;13275 ;;1 ;Лаборант з аналізу люмінофорів ;
8121 ;13276 ;;1 ;Лаборант з аналізу формувальних та шихтових сумішей ;
3111;;;;Лаборант з безпеки та якості будівельної продукції;
7311;;;;Лаборант з випробування зброї ракетної;
8221 ;13278 ;31 ;;Лаборант з вирощування медичних п'явок ;
6123 ;13280 ;;2 ;Лаборант з гренажу ;
7241 ;13304 ;;1 ;Лаборант з електроізоляційних матеріалів ;
8284 ;13293 ;;49 ;Лаборант з оброблення аерофотоплівок ;
7242 ;13301 ;;1 ;Лаборант з ультразвукової техніки ;
7241 ;13302 ;;1 ;Лаборант з фізико-механічних випробувань ;
8159;;;;Лаборант із спеціального палива;
8131 ;13261 ;;1 ;Лаборант лабораторії штучного старіння скловиробів ;
8229 ;13267 ;;1 ;Лаборант мінералогічного аналізу ;
3491 ;;;;Лаборант наукового підрозділу (інші сфери (галузі) наукових досліджень) ;
8121 ;13306 ;;1 ;Лаборант пробірного аналізу ;
7243 ;13312 ;;1 ;Лаборант рентгеноспектрального аналізу ;
8121 ;13317 ;;1 ;Лаборант спектрального аналізу ;
8159;;;;Лаборант спеціальних хімічних покриттів;
8159;;;;Лаборант фізико-хімічного аналізу вибухонебезпечної сировини, напівфабрикатів та продукції (спеціальні хімічні виробництва);
8229 ;13319 ;;1 ;Лаборант хіміко-бактеріологічного аналізу ;
8159 ;13321 ;;1 ;Лаборант хімічного аналізу ;
7243 ;13322 ;;1 ;Лаборант-електроакустик ;
9311 ;13257 ;;6 ;Лаборант-колектор ;
8229 ;13259 ;;1 ;Лаборант-кристалооптик ;
8121 ;13263 ;;1 ;Лаборант-металограф ;
8229 ;13265 ;;1, 25 ;Лаборант-мікробіолог ;
8229 ;13289 ;;1 ;Лаборант-полярографіст ;
7241 ;13310 ;;1 ;Лаборант-радіометрист ;
8159;;;;Лаборант-рахівник на спеціальних пневматичних гідростендах;
8283 ;13313 ;;1 ;Лаборант-рентгеноструктурник ;
7344 ;13315 ;;1 ;Лаборант-сенситометрист ;
9322 ;13326 ;;47 ;Лаглінник ;
8141 ;16923 ;;16 ;Лагодильник шпону й фанери ;
8212 ;13353 ;43 ;;Лаковар ;
9322 ;13330 ;60 ;;Лакувальник глобусів ;
7311 ;13332 ;;50 ;Лакувальник деталей годинників ;
8152 ;13351 ;;45 ;Лакувальник електроізоляційних виробів та матеріалів ;
8223 ;13334 ;;42 ;Лакувальник жерсті й труб ;
7322 ;13338 ;;49 ;Лакувальник оптичних деталей ;
7142 ;13341 ;65 ;;Лакувальник підносів ;
8152 ;13343 ;;45 ;Лакувальник проводів та кабелів ;
8223 ;13345 ;;53 ;Лакувальник туб ;
9322 ;13348 ;44 ;;Лакувальник форм ;
7141 ;13350 ;65 ;;Лакувальник художніх виробів ;
7441 ;13336 ;48 ;;Лакувальник шкір ;
8229 ;13328 ;24 ;;Лакувальник ;
8229;;;;Лакувальник-фарбувальник (спеціальні хімічні виробництва);
8139 ;13415 ;;37 ;Ламач поду ;
9322 ;13357 ;;5 ;Лампівник ;
8221 ;13359 ;55 ;;Ланолінник ;
9322 ;19537 ;;44 ;Ланцюговиробник ;
7215 ;19536 ;;44 ;Ланцюгов'язальник ;
8331 ;- ;;3 ;Лебідник на лісозаготівлях ;
8333 ;13361 ;;1 ;Лебідник ;
2359.2 ;23160 ;;81, 84 ;Лектор ;
8122 ;13384 ;;42 ;Ливарник вакуумного, відцентрово-вакуумного й відцентрового лиття ;
8122 ;13388 ;;45 ;Ливарник виробів із свинцевих сплавів ;
8131 ;13386 ;45 ;;Ливарник гіпсових форм ;
8131 ;13411 ;45 ;;Ливарник електрокерамічних виробів ;
8152 ;13390 ;30 ;;Ливарник каталізатора ;
8122 ;13410 ;;41 ;Ливарник кольорових металів ;
8122 ;13392 ;;42 ;Ливарник металів та сплавів ;
8122 ;13394 ;;42 ;Ливарник методом спрямованої кристалізації ;
8122 ;13395 ;;42 ;Ливарник на машинах для лиття під тиском ;
8131 ;13397 ;;34 ;Ливарник облицювальних плиток ;
8232 ;13399 ;27 ;;Ливарник пластмас ;
7311 ;13401 ;20 ;;Ливарник радіокераміки та феритів ;
8131 ;13403 ;;34 ;Ливарник санітарно-будівельних виробів на конвеєрі ;
8131 ;13404 ;;34 ;Ливарник санітарно-будівельних виробів на стенді ;
8131 ;13406 ;44 ;;Ливарник скла ;
8130 ;;;;Ливарник у виробництві неметалевих виробів ;
8122 ;13408 ;65 ;;Ливарник художніх виробів ;
8122 ;13382 ;7 ;;Листобійник ;
4142 ;16925 ;;70 ;Листоноша (поштар) ;
4214 ;- ;- ;;Лихвар ;
7139;;;;Лицювальник (будівельний);
7312 ;15218 ;;59 ;Лицювальник музичних інструментів ;
7132 ;15224 ;;64 ;Лицювальник синтетичними матеріалами ;
7132 ;15216 ;;64 ;Лицювальник-мармурник ;
7132 ;15214 ;;64 ;Лицювальник-мозаїст ;
7132 ;;;64 ;Лицювальник-плиточник ;
7132 ;15222 ;;64 ;Лицювальник-полірувальник ;
7422 ;15212 ;;57 ;Личкувальник деталей меблів ;
2223.2;;;;Лікар ветеринарної медицини з безпеки та якості сільськогосподарських і харчових продуктів;
2223.2;;;;Лікар ветеринарної медицини з біотехнології;
2223.2;;;;Лікар ветеринарної медицини з гігієни та санітарії;
2223.2;;;;Лікар ветеринарної медицини з лабораторної діагностики;
2223.2;;;;Лікар ветеринарної медицини з фармації;
2223.2;;;;Лікар ветеринарної медицини із громадського здоров’я;
2223.2 ;;;;Лікар ветеринарної медицини м'ясопереробних підприємств ;
2223.2 ;20323 ;- ;;Лікар ветеринарної медицини ;
2221.2;;;78;Лікар внутрішньої медицини;
2221.2 ;20333 ;- ;;Лікар гірничорятувальної частини ;
2221.2 ;- ;;78 ;Лікар з авіаційної медицини ;
2225.2 ;- ;;78 ;Лікар з гігієни дітей та підлітків ;
2225.2 ;- ;;78 ;Лікар з гігієни праці ;
2225.2 ;- ;;78 ;Лікар з гігієни харчування ;
2225.2 ;- ;;78 ;Лікар з комунальної гігієни ;
2229.2 ;- ;;78 ;Лікар з лікувальної фізкультури та спортивної медицини ;
2229.2 ;;;78 ;Лікар з лікувальної фізкультури ;
2221.2;;;78;Лікар з медицини невідкладних станів;
2221.2 ;- ;;78 ;Лікар з народної та нетрадиційної медицини ;
2221.2 ;;;78 ;Лікар з радіаційної онкології ;
2225.2 ;- ;;78 ;Лікар з радіаційної гігієни ;
2221.2 ;;;78 ;Лікар з ядерної медицини ;
2221.2 ;- ;;78 ;Лікар з ультразвукової діагностики ;
2229.2 ;20514 ;;78 ;Лікар з функціональної діагностики ;
2221.2 ;- ;;78 ;Лікар загальної практики - сімейний лікар ;
2229.2 ;;;78 ;Лікар зі спортивної медицини ;
3225 ;20347 ;;78 ;Лікар зубний ;
2225.2 ;- ;;78 ;Лікар із загальної гігієни ;
2221.2 ;20397 ;- ;;Лікар підводного апарата ;
2221.2 ;20408 ;;78 ;Лікар приймальної палати (відділення) ;
2221.2 ;20344 ;;78 ;Лікар пункту охорони здоров'я ;
2221.2 ;20424 ;- ;;Лікар роз'їзний (лінійний) на залізничному транспорті ;
2229.2 ;- ;- ;;Лікар спортивний (збірної чи клубної команди) ;
2221.2 ;- ;;78 ;Лікар судновий ;
2229.2;;;78;Лікар судово-медичний експерт;
2229.2;;;78;Лікар судово-медичний експерт-гістолог;
2229.2;;;78;Лікар судово-медичний експерт-імунолог;
2229.2;;;78;Лікар судово-медичний експерт-криміналіст;
2229.2;;;78;Лікар судово-медичний експерт-токсиколог;
2229.2;;;78;Лікар судово-медичний експерт-цитолог;
2221.2;;;;Лікар фізичної та реабілітаційної медицини;
2221.2 ;20311 ;;78 ;Лікар ;
2221.2 ;20314 ;;78 ;Лікар-акушер-гінеколог ;
2221.2 ;20315 ;;78 ;Лікар-алерголог ;
2221.2 ;- ;;78 ;Лікар-анестезіолог ;
2225.2 ;20320 ;;78 ;Лікар-бактеріолог ;
2225.2 ;20326 ;;78 ;Лікар-вірусолог ;
2221.2 ;20329 ;;78 ;Лікар-гастроентеролог ;
2221.2 ;20332 ;;78 ;Лікар-гематолог ;
2221.2;;;;Лікар-гематолог-онколог дитячий;
2221.2 ;- ;;78 ;Лікар-генетик ;
2221.2 ;- ;;78 ;Лікар-геріатр ;
2221.2 ;;;78 ;Лікар-гінеколог дитячого та підліткового віку ;
2221.2 ;;;78 ;Лікар-гінеколог-онколог ;
2225.2 ;20335 ;;78 ;Лікар-дезінфекціоніст ;
2221.2 ;20338 ;;78 ;Лікар-дерматовенеролог ;
2229.2 ;20341 ;;78 ;Лікар-дієтолог ;
2221.2 ;20520 ;;78 ;Лікар-ендокринолог ;
2229.2 ;20521 ;;78 ;Лікар-ендоскопіст ;
2225.2 ;20523 ;;78 ;Лікар-епідеміолог ;
2221.2 ;- ;;78 ;Лікар-імунолог ;
3229 ;20353 ;;78 ;Лікар-інтерн ;
2221.2 ;20356 ;;78 ;Лікар-інфекціоніст ;
2221.2 ;;;;Лікар-кардіолог дитячий;
2221.2 ;;;;Лікар-кардіолог електрофізіолог;
2221.2 ;;;;Лікар-кардіолог інтервенційний;
2221.2 ;- ;;78 ;Лікар-кардіолог ;
2221.2 ;- ;;78 ;Лікар-кардіоревматолог дитячий ;
2221.2 ;- ;;78 ;Лікар-комбустіолог ;
2229.2 ;;;78 ;Лікар-лаборант з клінічної біохімії ;
2229.2 ;20362 ;;78 ;Лікар-лаборант ;
2229.2 ;;;78 ;Лікар-лаборант-генетик ;
2229.2 ;;;78 ;Лікар-лаборант-гігієніст з дослідження фізичних факторів навколишнього середовища ;
2229.2 ;;;78 ;Лікар-лаборант-гігієніст з дослідження хімічних факторів навколишнього середовища ;
2229.2 ;;;78 ;Лікар-лаборант-гігієніст ;
2229.2 ;;;78 ;Лікар-лаборант-імунолог ;
2221.2 ;20365 ;;78 ;Лікар-методист ;
2225.2 ;;;78 ;Лікар-мікробіолог-вірусолог ;
2221.2 ;20366 ;;78 ;Лікар-нарколог ;
2221.2 ;- ;;78 ;Лікар-невролог дитячий ;
2221.2 ;;;78 ;Лікар-невролог ;
2221.2 ;;;;Лікар-нейрофізіолог ;
2221.2 ;20374 ;;78 ;Лікар-нейрохірург ;
2221.2 ;- ;;78 ;Лікар-нефролог ;
2221.2 ;20377 ;;78 ;Лікар-онколог ;
2221.2 ;- ;;78 ;Лікар-ортопед-травматолог ;
2221.2 ;20380 ;;78 ;Лікар-отоларинголог ;
2221.2;;;;Лікар-отоларинголог-онколог;
2221.2 ;20383 ;;78 ;Лікар-офтальмолог ;
2225.2 ;20386 ;;78 ;Лікар-паразитолог ;
2212.2 ;20389 ;;78 ;Лікар-патологоанатом ;
2221.2 ;20392 ;;78 ;Лікар-педіатр ;
2221.2 ;- ;;78 ;Лікар-педіатр-неонатолог ;
2225.2 ;- ;;78 ;Лікар-профпатолог ;
2221.2 ;20417 ;;78 ;Лікар-психіатр ;
2221.2 ;- ;;78 ;Лікар-психолог ;
2221.2 ;- ;;78 ;Лікар-психотерапевт ;
2221.2 ;- ;;78 ;Лікар-психофізіолог ;
2221.2 ;- ;;78 ;Лікар-пульмонолог ;
2221.2 ;20423 ;;78 ;Лікар-радіолог ;
2221.2 ;;;;Лікар-ревматолог дитячий;
2221.2 ;- ;;78 ;Лікар-ревматолог ;
3221;;;;Лікар-резидент;
2229.2 ;20426 ;;78 ;Лікар-рентгенолог ;
2221.2 ;- ;;78 ;Лікар-рефлексотерапевт ;
2225.2 ;;;78 ;Лікар превентивної медицини ;
2221.2 ;- ;;78 ;Лікар-сексопатолог ;
3221 ;20449 ;;78 ;Лікар-стажист ;
2229.2 ;20456 ;;78 ;Лікар-статистик ;
2222.2 ;20459 ;;78 ;Лікар-стоматолог ;
2222.2 ;20462 ;;78 ;Лікар-стоматолог-ортодонт ;
2222.2 ;- ;;78 ;Лікар-стоматолог-ортопед ;
2222.2;;;;Лікар-стоматолог-пародонтолог;
2222.2 ;- ;;78 ;Лікар-стоматолог-терапевт ;
2222.2 ;20468 ;;78 ;Лікар-стоматолог-хірург ;
2229.2 ;;;78 ;Лікар-психіатр судовий ;
2221.2 ;- ;;78 ;Лікар-сурдолог ;
2221.2;20481;;78;Лікар-терапевт;
2221.2;20490;;78;Лікар-терапевт цехової лікарської дільниці;
2221.2 ;20493 ;;78 ;Лікар-токсиколог ;
2221.2 ;- ;;78 ;Лікар-трансплантолог ;
2221.2 ;- ;;78 ;Лікар-трансфузіолог ;
2221.2 ;20502 ;;78 ;Лікар-уролог ;
2229.2 ;20505 ;;78 ;Лікар-фізіотерапевт ;
2221.2 ;20508 ;;78 ;Лікар-фтизіатр ;
2221.2 ;;;;Лікар-хірург пластичний;
2221.2 ;- ;;78 ;Лікар-хірург серцево-судинний ;
2221.2 ;- ;;78 ;Лікар-хірург судинний ;
2221.2 ;- ;;78 ;Лікар-хірург торакальний ;
2222.2;;;;Лікар-хірург щелепно-лицевий;
2221.2 ;20517 ;;78 ;Лікар-хірург ;
2221.2;;;;Лікар-хірург-дерматолог;
2221.2 ;- ;;78 ;Лікар-хірург-онколог ;
2221.2 ;- ;;78 ;Лікар-хірург-проктолог ;
8340 ;;;67 ;Ліквідатор розливів нафти та нафтопродуктів у морі ;
2444.2 ;;;;Лінгвіст ;
7133 ;13370 ;;64 ;Ліпник архітектурних деталей ;
9322 ;13374 ;45 ;;Ліпник електрокерамічних виробів ;
7321 ;13372 ;65 ;;Ліпник скульптурного виробництва ;
6141 ;13376 ;;3 ;Лісник ;
1221.2 ;23163 ;;3 ;Лісничий ;
6141 ;13378 ;;3 ;Лісоруб ;
2451.2 ;23166 ;- ;;Літературний співробітник ;
2451.1 ;- ;- ;;Літературознавець ;
8333 ;13413 ;;87 ;Ліфтер ;
9213 ;13414 ;;87 ;Ловець бездоглядних тварин ;
2419.2 ;;;;Логіст ;
3229 ;23169 ;- ;;Логопед ;
3142 ;23172 ;;67 ;Лоцман ;
3142 ;;;67 ;Лоцман-оператор ;
8223 ;13422 ;;42 ;Лудильник (оцинковувач) електролітичним методом ;
8223 ;13417 ;;42 ;Лудильник гарячим способом ;
9322 ;13419 ;20 ;;Лудильник деталей приладів гарячим способом ;
8223 ;13424 ;;42 ;Лудильник дроту ;
8232 ;13428 ;27 ;;Лущильник плівки ;
3143 ;23164 ;- ;;Льотчик-випробувач ;
2149.2 ;;;;Льотчик-космонавт ;
3143 ;13380 ;;3, 68 ;Льотчик-спостерігач ;
7111 ;13432 ;;5 ;Люковий (гірничі роботи) ;
8159 ;13432 ;;19 ;Люковий (коксохімічне виробництво) ;
8159 ;13434 ;20 ;;Люмінофорник-екранувальник ;
3474 ;- ;- ;;Лялькар ;
8159 ;13440 ;20 ;;Магнезувальник-вакуумник ;
1239 ;;;;Майстер (сфера цивільного захисту) ;
1226.2 ;23190 ;;67 ;Майстер аварійно-рятувальних, суднопідіймальних, підводно-технічних та інших спеціальних робіт ;
1222.2 ;;;21 ;Майстер автомобільної газонаповнювальної станції ;
1226.2 ;23193 ;- ;;Майстер бази технічного обслуговування флоту ;
5141;;;;Майстер банно(лазне)-оздоровчих послуг;
1222.2 ;- ;- ;;Майстер біолокацій ;
1223.2 ;23419 ;;64 ;Майстер будівельних та монтажних робіт ;
1222.2 ;23199 ;- ;;Майстер буровий глибокого (структурно-розвідувального) буріння ;
1222.2 ;23205 ;- ;;Майстер буровий дільниці (служби, цеху) ;
1222.2 ;23200 ;- ;;Майстер буровий на підземних роботах ;
1222.2 ;23202 ;- ;;Майстер буровий свердловин ;
1222.2 ;23196 ;;74 ;Майстер буровий ;
1226.2 ;23206 ;- ;;Майстер вагонного депо ;
1226.2 ;23251 ;- ;;Майстер вантажного району ;
1226.2 ;23224 ;- ;;Майстер виправних та колійних робіт ;
1222.2 ;23394 ;- ;;Майстер виробництва ;
3340 ;;;;Майстер виробничого навчання водінню ;
3340 ;23395 ;;80 ;Майстер виробничого навчання ;
1222.2 ;23398 ;;1 ;Майстер виробничої дільниці ;
1222.2 ;23401 ;- ;;Майстер виробничої лабораторії ;
1222.2 ;23404 ;- ;;Майстер виробничої служби ;
1226.2 ;23208 ;;67 ;Майстер водолазних робіт ;
1222.2 ;;;21 ;Майстер газонаповнювальної станції ;
1222.2 ;23242 ;;5 ;Майстер гірничий дільниці ;
1222.2 ;23230 ;- ;;Майстер гірничий дренажної шахти ;
1222.2 ;23233 ;;5 ;Майстер гірничий на поверхні ;
1222.2 ;23236 ;;5 ;Майстер гірничий підземної дільниці ;
1223.2 ;23239 ;- ;;Майстер гірничий проходки шахти ;
1222.2 ;23227 ;;74, 5 ;Майстер гірничий ;
5129;;;;Майстер готельного обслуговування;
1226.2 ;23260 ;- ;;Майстер дистанції (цивільних споруд, електропостачання та ін.) ;
1222.2 ;;;62 ;Майстер дільниці з дефектоскопії ;
1222.2 ;;;62 ;Майстер дільниці поводження з радіоактивними відходами ;
1222.2 ;;;21 ;Майстер дільниці приймально-здавальної ;
1222.2 ;23428 ;;66** ;Майстер дільниці ;
1222.2 ;23217 ;- ;;Майстер допоміжної дільниці ;
1222.2 ;23297 ;- ;;Майстер дослідної установки ;
1226.2 ;23443 ;- ;;Майстер електродепо ;
1226.2 ;23446 ;;67 ;Майстер електрорадіонавігаційної камери ;
5141;;;;Майстер епіляції;
1222.2 ;23335 ;;6 ;Майстер з випробування свердловин ;
7413 ;13475 ;;8 ;Майстер з виробництва молочного цукру ;
7413 ;13478 ;;8 ;Майстер з виробництва незбираномолочної та кисломолочної продукції ;
7413 ;13477 ;;8 ;Майстер з виробництва сухого знежиреного молока й замінника незбираного молока ;
7241 ;;;;Майстер з діагностики та налагодження електронного устаткування автомобільних засобів ;
1222.2 ;23317 ;;6 ;Майстер з добування нафти, газу та конденсату ;
1221.2 ;23320 ;;4 ;Майстер з добування риби ;
1222.2 ;23326 ;;6 ;Майстер з дослідження свердловин ;
1222.2 ;;;21 ;Майстер з експлуатації лінійної частини трубопроводів ;
1222.2 ;23389 ;- ;;Майстер з експлуатації та ремонту машин і механізмів ;
8990;;;;Майстер з експлуатації та ремонту роботизованих та мехатронних систем;
1222.2 ;23390 ;;6 ;Майстер з експлуатації устаткування газових об'єктів ;
8339;;;;Майстер з експлуатації, ремонту та обслуговування сільськогосподарської техніки;
1222.2 ;;;21 ;Майстер з електрохімічного захисту ;
6123;;;;Майстер з комплексного обслуговування об’єктів бджільництва;
1222.2 ;23329 ;- ;;Майстер з комплексної автоматизації та телемеханіки ;
7139;;;;Майстер з монтажу навісних вентильованих фасадів та світлопрозорих конструкцій;
7239;;;;Майстер з монтажу, обслуговування, ремонту та налагодження теплових насосів;
8169 ;;;;Майстер з монтажу та обслуговування систем відновлювальної енергетики;
1221.2 ;23332 ;;10 ;Майстер з оброблення риби ;
5169;;;;Майстер з обслуговування засобів індивідуального захисту органів дихання та компресорного обладнання;
1222.2 ;23338 ;- ;;Майстер з освоєння та ремонту нагнітальних свердловин ;
1221.2 ;;;;Майстер з охорони природи ;
1222.2 ;23341 ;;6 ;Майстер з підготовки газу ;
1222.2 ;23344 ;- ;;Майстер з підготовки та стабілізації нафти ;
7439;;;;Майстер з пошиття одягу;
7222 ;;;;Майстер з продажу, налагодження та експлуатації систем замикання і контролю доступу (локсмайстер) ;
1222.2 ;23347 ;;74 ;Майстер з промислової геофізики ;
1222.2 ;;;63 ;Майстер з ремонту балонів газонаповнювальної станції ;
1222.2 ;23353 ;- ;;Майстер з ремонту гідроспоруд ;
1222.2 ;23380 ;- ;;Майстер з ремонту експедиційного устаткування та спорядження ;
1222.2 ;23356 ;;40 ;Майстер з ремонту металургійних печей ;
1229.6 ;;;82 ;Майстер з ремонту приладів та апаратури (виробництво аудіовізуальних творів);
1222.2 ;23365 ;- ;;Майстер з ремонту приладів та апаратури ;
1222.2 ;23368 ;;6 ;Майстер з ремонту свердловин (капітального, підземного) ;
1222.2 ;23371 ;- ;;Майстер з ремонту технологічного устаткування ;
1222.2 ;23377 ;- ;;Майстер з ремонту транспорту ;
1222.2 ;23362 ;- ;;Майстер з ремонту устаткування (промисловість) ;
1226.2 ;23362 ;;;Майстер з ремонту устаткування (транспорт, складське господарство, зв'язок) ;
1222.2 ;23350 ;- ;;Майстер з ремонту ;
1222.2 ;23359 ;;62 ;Майстер з ремонту, налагодження, перевірки та пуску устаткування атомних станцій ;
1221.2 ;23266 ;;87 ;Майстер зеленого господарства ;
1222.2 ;23416 ;- ;;Майстер зміни ;
1222.2 ;23386 ;;6 ;Майстер із складних робіт у бурінні (капітальному ремонті) свердловин ;
1222.2;;;;Майстер конверторного виробництва;
1222.2 ;23269 ;;5, 1 ;Майстер контрольний (дільниці, цеху) ;
3213;;;3;Майстер лісу;
1226.2 ;23273 ;- ;;Майстер локомотивного депо ;
1222.2 ;;;;Майстер майданчика наливних естакад ;
1222.2 ;23275 ; - ;;Майстер майстерні спеціальної техніки та устаткування (промисловість) ;
1226.2 ;23275 ;- ;;Майстер майстерні спеціальної техніки та устаткування (транспорт, зв'язок) ;
1226.2 ;23278 ;;66 ;Майстер мостовий ;
3213;;;3;Майстер на лісозаготівельних роботах;
1222.2 ;23293 ;- ;;Майстер на підземних роботах з проходки гірничих виробок ;
1226.2 ;23308 ;- ;;Майстер навантажувально-розвантажувальних робіт ;
3340 ;23429 ;- ;;Майстер навчального полігону ;
3340 ;23430 ;- ;;Майстер навчального центру ;
1226.2 ;23281 ;- ;;Майстер надувних рятувальних засобів ;
1226.2 ;23296 ;- ;;Майстер об'єднаних майстерень метрополітену ;
1222.2 ;;;21 ;Майстер опорного аварійно-відновного пункту ;
1222.2 ;23299 ;;5 ;Майстер основної виробничої дільниці ;
1226.2 ;23302 ;- ;;Майстер парку (понтонного, такелажного) ;
1222.2 ;23392 ;- ;;Майстер перетворювального комплексу ;
1222.2 ;23314 ;- ;;Майстер підземної дільниці (на підземних роботах) ;
1226.2 ;23323 ;- ;;Майстер поїзда (відновного, рейкозварювального) ;
1226.2 ;23383 ;;67 ;Майстер портових майстерень ;
1226.2 ;23407 ;- ;;Майстер промивально-пропарювальної станції (поїзда, пункту) ;
1222.2 ;;;21 ;Майстер резервуарного парку ;
1226.2 ;23410 ;- ;;Майстер ремонтно-відстійного пункту ;
5129 ;;;;Майстер ресторанного обслуговування (водний транспорт) ;
5129 ;;;;Майстер ресторанного обслуговування ;
7233;;;;Майстер систем кондиціонування повітря;
1222.2 ;23413 ;;63 ;Майстер служби (промисловість) ;
1226.2 ;23413 ;;87 ;Майстер служби (транспорт, зв'язок) ;
5169;;;;Майстер службової кінології;
1226.2 ;;;67 ;Майстер станції з огляду надувних рятувальних засобів та контрольно-вимірювальних приладів ;
1221.2 ;;;3 ;Майстер станції пожежної (природоохоронної, лісової) ;
5141;;;;Майстер татуювання (перманентного макіяжу);
1226.2 ;23422 ;;66 ;Майстер тунельний ;
1222.2 ;;;63 ;Майстер цеху газонаповнювальної станції ;
1222.2 ;23434 ;;87 ;Майстер цеху ;
1226.2 ;23263 ;;5, 66 ;Майстер шляховий ;
1222.2 ;23187 ; - ;;Майстер ;
8331 ;13471 ;;2 ;Майстер-налагоджувальник з технічного обслуговування машинно-тракторного парку ;
7112 ;13469 ;;5 ;Майстер-підривник ;
4190 ;13444 ;61 ;;Макетник макетно-модельного проектування ;
4190 ;13446 ;;84 ;Макетник театрально-постановочних макетів ;
4190 ;13448 ;61 ;;Макетник художніх макетів ;
3411 ;- ;- ;;Маклер біржовий ;
7142 ;18079 ;;42 ;Малювальник емалями ;
7324 ;18077 ;;50 ;Малювальник світними фарбами ;
7141 ;13452 ;;84 ;Маляр з оброблення декорацій ;
7141 ;;;1** ;Маляр ;
2211.2 ;;;;Маммолог ;
5210 ;- ;- ;;Манекенник ;
5141 ;;;5* ;Манікюрник ;
7411 ;13458 ;;4 ;Марироб ;
8290;;;;Маркувальник (спеціальні хімічні виробництва);
8290 ;13462 ;20 ;;Маркувальник деталей та приладів ;
8290 ;13460 ;;1 ;Маркувальник ;
2147.2 ;23181 ;;5 ;Маркшейдер кар'єру, рудника, шахти ;
2147.2 ;23182 ;- ;;Маркшейдер на підземних роботах ;
2147.2 ;23178 ;;74, 5 ;Маркшейдер ;
7412 ;13464 ;;11 ;Мармеладник-пастильник ;
3226 ;- ;;85 ;Масажист спортивний ;
3226 ;23184 ;- ;;Масажист ;
8272 ;13466 ;;8 ;Маслороб ;
7413 ;13467 ;;8 ;Маслороб-майстер ;
9322 ;18602 ;;1 ;Мастильник ;
2121.2 ;;;;Математик (прикладна математика) ;
2121.2 ;23452 ;;1 ;Математик ;
2121.2 ;- ;- ;;Математик-аналітик з дослідження операцій ;
9311 ;13486 ;;5 ;Матрос драги ;
8340 ;13493 ;;67 ;Матрос пожежний ;
8340 ;;;;Матрос тралової команди ;
8340 ;;;;Матрос трюмний ;
8340 ;13482 ;;67 ;Матрос ;
7216 ;13484 ;73 ;;Матрос-водолаз ;
8340 ;;;;Матрос-рятувальник ;
8159 ;13480 ;20 ;;Матувальник-вакуумник ;
7332 ;13497 ;60 ;;Мацератор ;
8212 ;13914 ;;35 ;Машиніст (випалювач) обертових печей ;
8212 ;13915 ;42 ;;Машиніст (випалювач) шахтових печей ;
8162 ;13786 ;;1 ;Машиніст (кочегар) котельні ;
8252 ;13552 ;59 ;;Машиніст абеткової машини ;
8332 ;13503 ;;64 ;Машиніст автобетонолома ;
8332 ;13505 ;;64 ;Машиніст автобетононасоса ;
8333 ;13507 ;;64 ;Машиніст автовишки та автогідропідіймача ;
8332 ;13509 ;;64 ;Машиніст автогрейдера ;
8332 ;13511 ;;64 ;Машиніст автогудронатора ;
8231 ;13513 ;33 ;;Машиніст автокамерного агрегата ;
8333 ;13515 ;;64 ;Машиніст автокомпресора ;
8252 ;13519 ;59 ;;Машиніст автомата для виготовлення обрізних обкладинок ;
8252 ;13517 ;59 ;;Машиніст автомата для загортання книг у суперобкладинку ;
8143 ;- ;;17 ;Машиніст автоматизованої лінії для виготовлення гофроящиків ;
8259 ;;;;Машиніст автоматичних ліній у поліграфічному виробництві ;
8232 ;13523 ;27 ;;Машиніст автоматичної лінії виготовлення контейнерів з полімерів ;
8252 ;13525 ;59 ;;Машиніст автоматичної лінії для виготовлення зошитів для нот та альбомів для малювання ;
8252 ;13521 ;59 ;;Машиніст автоматичної лінії для виготовлення книг ;
8253 ;;;;Машиніст автоматичної лінії обробки акцизних марок ;
8253 ;;;;Машиніст автоматичної лінії обробки банкнот ;
8253 ;;;;Машиніст автоматичної машини обробки акцизних марок ;
8333 ;13527 ;;1 ;Машиніст автомобілерозвантажувача ;
8311 ;13529 ;;66 ;Машиніст автомотриси ;
8333 ;;;;Машиніст автопідіймача (автодрабини) пожежного пересувного ;
8332 ;13532 ;;64 ;Машиніст автоямобура ;
8332 ;13534 ;;64 ;Машиніст агрегата безповітряного розпилення високого тиску ;
8231 ;13544 ;33 ;;Машиніст агрегата виготовлення навивальних рукавів ;
8231 ;13540 ;33 ;;Машиніст агрегата виготовлення стиральної гумки ;
8229 ;13538 ;35 ;;Машиніст агрегата вироблення штучної шкіри ;
8252 ;13536 ;59 ;;Машиніст агрегата для незшивного клейового скріплювання ;
8252 ;14255 ;59 ;;Машиніст агрегатів для виготовлення зошитів ;
8111 ;13546 ;55 ;;Машиніст агрегатів для добування солі в озері ;
8113 ;13548 ;;6 ;Машиніст агрегатів для обслуговування нафтогазопромислового устаткування ;
8251 ;13550 ;59 ;;Машиніст адресувальної машини ;
8159 ;13556 ;;19 ;Машиніст барабанного охолоджувача ;
8332 ;13558 ;3 ;;Машиніст барової установки ;
8163 ;13560 ;;62 ;Машиніст берегових насосних станцій ;
8332 ;13564 ;;64 ;Машиніст бетонозмішувача пересувного ;
8332 ;13562 ;;64 ;Машиніст бетононасосної установки ;
8332 ;13565 ;;64 ;Машиніст бетоноукладача ;
8332 ;13569 ;;64 ;Машиніст бітумоплавильної пересувної установки ;
8143 ;13567 ;;17 ;Машиніст бітумувальної машини ;
8252 ;13763 ;59 ;;Машиніст блоковставлювальної машини ;
8252 ;13571 ;59 ;;Машиніст блокообробного агрегата ;
8161 ;13575 ;;62 ;Машиніст блочного щита керування агрегатами (парогенератор-турбіна) ;
8161 ;13577 ;;62 ;Машиніст блочної системи керування агрегатами (котел-турбіна) ;
8112 ;13579 ;;5 ;Машиніст брикетного преса ;
8332 ;13583 ;;64 ;Машиніст бульдозера (будівельні роботи) ;
8111 ;13583 ;;5 ;Машиніст бульдозера (гірничі роботи) ;
8332 ;13589 ;;64 ;Машиніст бурильно-кранової самохідної машини ;
8113 ;13592 ;;6 ;Машиніст бурових установок на нафту й газ ;
8332 ;;;64 ;Машиніст бурової установки (будівельні роботи) ;
8113 ;13590 ;;5 ;Машиніст бурової установки ;
8276 ;13594 ;;7 ;Машиніст буртоукладальної машини ;
7233 ;13596 ;;40 ;Машиніст вагон-вагів ;
8333 ;13598 ;;1 ;Машиніст вагоноперекидача ;
8311;;;;Машиніст вагоповірочного вагона;
8163 ;13600 ;;64 ;Машиніст вакуумної установки ;
8272 ;13602 ;;8 ;Машиніст вакуум-пакувальної машини ;
8143 ;13606 ;;17 ;Машиніст вакуум-формувальної машини (вироби з картону) ;
8232 ;13604 ;27 ;;Машиніст вакуум-формувальної машини (пластичні маси) ;
8229 ;13608 ;35 ;;Машиніст валькознімальної машини ;
8151 ;13610 ;;11 ;Машиніст вальцьових верстатів ;
8124 ;13723 ;7 ;;Машиніст вантажних механізмів ;
8333 ;13686 ;;68 ;Машиніст вантажного причалу ;
8122 ;13612 ;;40 ;Машиніст ведучого мотора прокатного стана ;
8163 ;13616 ;;1 ;Машиніст вентиляційної та аспіраційної установок ;
8251 ;13635 ;59 ;;Машиніст вибіркової машини ;
8232 ;13637 ;27 ;;Машиніст видувних машин ;
8252 ;13642 ;59 ;;Машиніст висікально-пакувального агрегата ;
8143 ;13644 ;;17 ;Машиніст висікально-штампувальної машини ;
8163 ;13646 ;;55 ;Машиніст висотно-компресорної установки ;
8262 ;13648 ;47 ;;"Машиніст вишивальної машини ""пантограф"" ";
8332 ;13620 ;;64 ;Машиніст вібровдавлювального занурювача паль самохідного ;
8332 ;13622 ;;64, 5 ;Машиніст віброзанурювача безкопрового ;
8111 ;13623 ;;5 ;Машиніст вібронавантажувальної установки ;
8279 ;13625 ;55 ;;Машиніст вібросит різальних машин ;
8111 ;13941 ;;5 ;Машиніст відвалоутворювача ;
8111 ;13943 ;;5 ;Машиніст відвального моста ;
8159 ;13946 ;48 ;;Машиніст віджимального устаткування (дубильно-екстрактове виробництво) ;
8265 ;13948 ;48 ;;Машиніст віджимального устаткування (шкіряне й шкіросировинне виробництво) ;
8261 ;13952 ;;12 ;Машиніст віджимально-промивного устаткування ;
8141 ;13954 ;;16 ;Машиніст відливної машини ;
8252 ;13629 ;59 ;;Машиніст вкладально-швацько-різального агрегата ;
8151 ;14286 ;;35 ;Машиніст вугільних млинів ;
8159 ;13650 ;;1 ;Машиніст газогенераторної станції ;
8163 ;13652 ;;1 ;Машиніст газодувних машин ;
8155 ;13656 ;;63 ;Машиніст газороздавальної станції ;
8161 ;13658 ;;62 ;Машиніст газотурбінних установок ;
8212 ;13627 ;;35 ;Машиніст гвинтових насосів (фулерувальник) ;
8161 ;13660 ;;62 ;Машиніст гідроагрегатів ;
8332 ;13662 ;;64 ;Машиніст гідромоніторно-ежекторного плавучого несамохідного снаряда ;
8121 ;13664 ;;40 ;Машиніст гідроочищення та змазування виливниць ;
8124 ;13666 ;;40 ;Машиніст гідропневматичної установки ;
8332 ;13668 ;;64 ;Машиніст гідросівалки самохідної ;
8224 ;13669 ;34 ;;Машиніст гідротипного виробництва ;
8111 ;13673 ;;5 ;Машиніст гірничих виїмкових машин ;
8111 ;13671 ;;5 ;Машиніст глинорізальної машини ;
8143 ;13675 ;;17 ;Машиніст гофрувального агрегата ;
8232 ;13677 ;27 ;;Машиніст гранулювання пластичних мас ;
8212 ;13679 ;;35 ;Машиніст гранулятора ;
8332 ;13681 ;;64 ;Машиніст грейдера причіпного ;
8332 ;13683 ;;64 ;Машиніст грейдер-елеватора ;
8231 ;14135 ;33 ;;Машиніст гумозмішувача ;
8161 ;13689 ;;1 ;Машиніст двигунів внутрішнього згоряння ;
8229 ;13691 ;35 ;;Машиніст двоїльної машини (виробництво штучної шкіри) ;
8265 ;13691 ;48 ;;Машиніст двоїльної машини (шкіросировинне виробництво) ;
8332 ;13694 ;;64 ;Машиніст дизель-молота безкопрового ;
8311 ;13696 ;73 ;;Машиніст дизель-поїзда ;
8121 ;13698 ;;40 ;Машиніст дистрибутора ;
8339 ;;64 ;;Машиніст дорожньо-будівельних машин ;
8332 ;13702 ;;64, 5 ;Машиніст дорожньо-транспортних машин ;
8111 ;13704 ;;5 ;Машиніст драги ;
8331 ;13705 ;;2 ;Машиніст дражувальних машин ;
8332 ;13706 ;;64 ;Машиніст дренажної машини ;
8279 ;13713 ;55 ;;Машиніст дробильних машин ;
8273 ;13715 ;;7 ;Машиніст дробильних установок (помел зернових та прянощів) ;
8275 ;13715 ;;7 ;Машиніст дробильних установок (харчова промисловість) ;
8112 ;13710 ;;5 ;Машиніст дробильно-навантажувального агрегата ;
8121 ;13711 ;;41 ;Машиніст дробильно-помельно-сортувальних механізмів ;
8251 ;13986 ;;17 ;Машиніст друкарсько-висікального агрегата ;
8251 ;13988 ;;61 ;Машиніст друкарської машини (виробництво олівців) ;
8232 ;13717 ;27 ;;Машиніст дублювального агрегата ;
8163 ;14386 ;;1 ;Машиніст ексгаустера ;
8332 ;14390 ;;64 ;Машиніст екскаватора одноковшового ;
8332 ;14392 ;;64 ;Машиніст екскаватора роторного ;
8111 ;14388 ;;5 ;Машиніст екскаватора ;
8232 ;14393 ;27 ;;Машиніст екструдера ;
8332 ;14397 ;;64 ;Машиніст електричного устаткування землесосних плавучих несамохідних снарядів та ґрунтонасосних установок ;
8159 ;14403 ;;19 ;Машиніст електровоза гасильного вагона ;
8311 ;14401 ;;40 ;Машиніст електровоза металургійного цеху ;
8311 ;;;64, 5 ;Машиніст електровоза ;
8161 ;14411 ;;64 ;Машиніст електрозварювального пересувного агрегата з двигуном внутрішнього згоряння ;
8139 ;14405 ;;40 ;Машиніст електролафета ;
8333 ;14407 ;;64 ;Машиніст електролебідки ;
8311 ;;;;Машиніст електропоїзда ;
8161 ;14413 ;;64 ;Машиніст електростанції пересувної ;
8161 ;14415 ;;62 ;Машиніст енергоблока ;
8290 ;14418 ;;66 ;Машиніст ескалатора ;
9311 ;13990 ;;5 ;Машиніст живильника ;
8155 ;14031 ;;21 ;Машиніст з моторних випробувань палива ;
8290 ;14035 ;;44 ;Машиніст з навивання канатів ;
9311 ;14037 ;;5 ;Машиніст з обслуговування силосів та вугільної башти ;
7233 ;;;;Машиніст з обслуговування та монтажу технічного устаткування (судновий) ;
8275 ;14039 ;;9 ;Машиніст з очищення кукурудзяних качанів ;
8265 ;14040 ;48 ;;Машиніст з розмотування щетинних стрічок ;
8113 ;14050 ;;6 ;Машиніст з цементування свердловин ;
8121 ;13721 ;;40 ;Машиніст завалювальної машини ;
8122 ;13723 ;;40 ;Машиніст завантажувальних механізмів ;
8271 ;13725 ;;9 ;Машиніст закупорювальних машин (виробництво м'ясних та рибних консервів) ;
8275 ;13725 ;;9 ;Машиніст закупорювальних машин (виробництво фруктових та овочевих консервів) ;
8272 ;13725 ;;9 ;Машиніст закупорювальних машин (молочне виробництво) ;
8270 ;;;;Машиніст закупорювальних машин у виробництві консервів ;
8332 ;13720 ;;64 ;Машиніст залізнично-будівельних машин ;
8163 ;13719 ;;66 ;Машиніст залізничного водопостачання ;
8121 ;13729 ;;40 ;Машиніст заправної машини ;
8274 ;14173 ;;11 ;Машиніст збивальних машин ;
8339 ;;;;Машиніст землерийно-будівельних машин ;
8332 ;13734 ;;64 ;Машиніст землерийно-фрезерної самохідної машини ;
8332 ;13736 ;;64 ;Машиніст землесосного плавучого несамохідного снаряда ;
8111 ;13737 ;;5 ;Машиніст землесосної установки ;
8273 ;13739 ;;11 ;Машиніст зернових навантажувально-розвантажувальних машин ;
8122 ;14189 ;;40 ;Машиніст зливколамача ;
8112 ;14198 ;;5 ;Машиніст змішувальних барабанів ;
8141 ;14194 ;;16 ;Машиніст змішувального агрегата ;
9311 ;14196 ;;5 ;Машиніст змішувальної установки гідрозакладки ;
8151 ;14199 ;;64 ;Машиніст змішувача асфальтобетону пересувного ;
8151 ;;;;Машиніст змішувача асфальтобетону стаціонарного ;
8290 ;13741 ;;66 ;Машиніст зумпфового агрегата ;
8139 ;14229 ;;17 ;Машиніст зшивальної машини ;
8264 ;14042 ;;1 ;Машиніст із прання та ремонту спецодягу ;
8232 ;13743 ;27 ;;Машиніст іонізаційної машини ;
8231 ;13745 ;33 ;;Машиніст каландра (виробництво продукції з гуми) ;
8252 ;13745 ;59 ;;Машиніст каландра (поліграфічне виробництво) ;
8331 ;13746 ;74 ;;Машиніст калібрувальних машин ;
8212 ;13747 ;;35 ;Машиніст кальцинаторів ;
8111 ;13749 ;;5 ;Машиніст каменерізної машини ;
8252 ;13933 ;59 ;;Машиніст капталоприклеювальної машини ;
8113 ;- ;;74 ;Машиніст каротажної станції ;
8143 ;13751 ;;17 ;Машиніст катальної машини ;
8143 ;13761 ;;17 ;Машиніст клеїльно-сушильної машини (клеїльник) ;
8231 ;13757 ;33 ;;Машиніст клейового агрегата ;
8159 ;13765 ;;19 ;Машиніст коксових машин ;
8159 ;13767 ;;19 ;Машиніст коксонавантажувальної машини ;
8332;14089;;5;Машиніст колієпересувача;
8333 ;14093 ;56 ;;Машиніст колієремонтної летючки ;
8311 ;- ;;66 ;Машиніст колійних машин ;
8252 ;14006 ;59 ;;Машиніст комплектувально-швацької машини ;
8163 ;13769 ;;64 ;Машиніст компресора для подавання повітря водолазам ;
8163 ;13771 ;;64 ;Машиніст компресора пересувного з двигуном внутрішнього згоряння ;
8163 ;13773 ;3 ;;Машиніст компресора пересувного з електродвигуном ;
8169 ;;;;Машиніст компресорних та холодильних систем ;
8163 ;13775 ;;1 ;Машиніст компресорних установок ;
8111 ;13777 ;;5 ;Машиніст конвеєра ;
8161 ;13781 ;;64 ;Машиніст контактно-зварювальної установки пересувної для зварювання магістральних газонафтопродуктопроводів ;
8332 ;13783 ;;64 ;Машиніст копра ;
8340 ;13784 ;;67 ;Машиніст котельної установки ;
8332 ;13755 ;;64 ;Машиніст котка самохідного з рівними вальцями ;
8332 ;13753 ;;64 ;Машиніст котка самохідного та напівпричіпного на пневматичних шинах ;
8162 ;13785 ;;62 ;Машиніст котлів ;
8333 ;13790 ;;1 ;Машиніст крана (кранівник) ;
8332 ;13788 ;;64 ;Машиніст крана автомобільного ;
8333 ;13792 ;;40 ;Машиніст крана металургійного виробництва ;
8159 ;13794 ;;19 ;Машиніст крана складу сульфату ;
8112 ;13800 ;;5 ;Машиніст кратцера ;
8143 ;- ;;17 ;Машиніст крейдувальної машини ;
8143 ;13804 ;;17 ;Машиніст крепової машини ;
8212 ;13815 ;;35 ;Машиніст лаконаносної машини ;
8223 ;13813 ;;53 ;Машиніст лакувальних машин (бляшано-банкове та тубне виробництва) ;
8152 ;13811 ;26 ;;Машиніст лакувальних машин (виробництво поліграфічних фарб) ;
8252 ;13809 ;59 ;;Машиніст лакувально-гумувальної машини ;
8252 ;13903 ;59 ;;Машиніст ламінувальної машини ;
8212 ;13826 ;;35 ;Машиніст листоформувальної машини ;
8279 ;13821 ;55 ;;Машиніст лінії безперервної ферментації тютюну ;
8143 ;- ;;17 ;Машиніст лінії виготовлення втулок паперових ;
8252 ;;;;Машиніст лінії виготовлення паспортів ;
8253 ;- ;- ;;Машиніст лінії знешкоджування відходів цінних паперів ;
8229 ;13819 ;35 ;;Машиніст лінії нанесення точкового полімерного покриття ;
8279 ;13823 ;;11 ;Машиніст лінії підготовки тютюну до ферментації ;
8252 ;13825 ;59 ;;Машиніст лініювальної машини ;
8331 ;- ;;3 ;Машиніст лісозаготівельної машини ;
8311 ;13827 ;73 ;;Машиніст локомотива на поромах ;
8332 ;13817 ;;64 ;Машиніст льодорізної машини ;
8163 ;13830 ;;64 ;Машиніст малярної станції пересувної ;
8332 ;13832 ;;64 ;Машиніст маркірувальної машини для розмічання автомобільних доріг ;
8279 ;13834 ;55 ;;Машиніст махорково-набивних машин ;
8131 ;13836 ;44 ;;Машиніст машин витягування скла ;
8111 ;13840 ;;5 ;Машиніст машин для видобування й перероблення кускового торфу ;
8111 ;13842 ;;5 ;Машиніст машин для видобування й перероблення фрезерного торфу ;
8119 ;;;;Машиніст машин для видобування та перероблення торфу ;
8331 ;13844 ;;3 ;Машиніст машин для заготівлі очерету ;
8111 ;13846 ;;5 ;Машиніст машин для підготовки торфових родовищ до експлуатації ;
8143 ;- ;;17 ;Машиніст машин для склеювання паперових виробів ;
8274 ;13847 ;;11 ;Машиніст машин для чищення та змазування листів ;
8270 ;;;;Машиніст машин і установок у харчовій промисловості ;
8259 ;;;;Машиніст машин та автоматів у поліграфічному виробництві ;
6151 ;13838 ;;4 ;Машиніст машин та механізмів внутрішніх водоймищ ;
8122 ;13864 ;;40 ;Машиніст машини вогневого зачищення ;
8252 ;13779 ;59 ;;Машиніст машини для виготовлення конвертів ;
8253 ;- ;- ;;Машиніст машини для виготовлення обандеролюючих стрічок ;
8143 ;13866 ;;17 ;Машиніст машини для виготовлення паперу до тютюнових фільтрів ;
8143 ;13870 ;;17 ;Машиніст машини для виробництва виробів з паперу ;
8252 ;13851 ;59 ;;Машиніст машини для вкладання книг у футляри ;
8332 ;13860 ;;64 ;Машиніст машини для влаштування укріплювальних смуг ;
8332 ;13862 ;;64 ;Машиніст машини для влаштування швів під час виконання дорожніх робіт ;
8290 ;13853 ;;64 ;Машиніст машини для ізоляції газонафтопродуктопроводів ;
8121 ;13854 ;;40 ;Машиніст машини для ламання футерування конверторів та ковшів ;
8290 ;13856 ;;64 ;Машиніст машини для нанесення плівкоутворювальної рідини ;
8143 ;- ;;17 ;Машиніст машини для покриття паперу плівкою та розчином ;
8143 ;13849 ;;17 ;Машиніст машини довговолокнистих паперів ;
8333 ;13876 ;;64 ;Машиніст механізованого натяжного пристрою для виготовлення напружно-армованих конструкцій ;
8333 ;13878 ;;64 ;Машиніст механізованого устаткування для підіймання рухомої (ковзної) опалубки ;
8111 ;13882 ;;11 ;Машиніст механічного котка ;
8332 ;13884 ;;64 ;Машиніст механічного устаткування землесосних плавучих несамохідних снарядів та ґрунтонасосних установок ;
8112 ;13880 ;;45 ;Машиніст механічного чи флотаційного збагачення руди ;
8152 ;13891 ;;1 ;Машиніст мийних машин ;
8290 ;13890 ;;66 ;Машиніст мийної установки ;
8232 ;13888 ;27 ;;Машиніст мікструдера ;
9311 ;13886 ;;5 ;Машиніст мішалок ;
8151 ;13874 ;;45 ;Машиніст млина ;
8112 ;13872 ;;5 ;Машиніст млинів (збагачення та брикетування вугілля) ;
8151 ;13872 ;24 ;;Машиніст млинів (хімічне виробництво) ;
8159 ;13893 ;;19 ;Машиніст мостового перевантажувача ;
8311 ;13895 ;;66 ;Машиніст мотовоза ;
8229 ;13897 ;35 ;;Машиніст м'якшильної машини ;
7221 ;13901 ;;42 ;Машиніст на молотах, пресах та маніпуляторах ;
8111 ;14000 ;;5 ;Машиніст навантажувально-доставочної машини ;
8111 ;14002 ;;64, 5 ;Машиніст навантажувальної машини ;
8211 ;13899 ;;35 ;Машиніст навивальних і намотувальних машин ;
8274 ;13912 ;;11 ;Машиніст нанизувальних машин ;
8232 ;14027 ;27 ;;Машиніст напівавтоматичного формувального агрегата ;
8265 ;14029 ;48 ;;Машиніст напівавтоматичної лінії двоїння овчини ;
8332 ;13904 ;;64 ;Машиніст нарізувача швів самохідного ;
8339 ;;;;Машиніст насіннєобробних машин ;
8331 ;14174 ;;2 ;Машиніст насіннєочисних машин ;
8331 ;14175 ;;2 ;Машиніст насіннєшліфувальних машин ;
8333 ;;;;Машиніст насосних установок пожежно-рятувального транспортного засобу ;
8163 ;13910 ;;1 ;Машиніст насосних установок ;
8113 ;13908 ;;6 ;Машиніст насосної станції з накачування робочого агента в пласт ;
8163 ;;;;Машиніст насосної станції пожежної пересувної ;
8143 ;13906 ;;17 ;Машиніст нашарувальної машини ;
8311 ;;;;Машиніст незнімної дрезини ;
8253 ;- ;- ;;Машиніст обандеролюючої машини ;
8269 ;13917 ;47 ;;Машиніст обкатної машини ;
8231 ;13937 ;33 ;;Машиніст обплітальної машини ;
8269 ;13925 ;47 ;;Машиніст обсадної машини ;
8274 ;13961 ;;11 ;Машиніст обшпарювального агрегата ;
8112 ;13935 ;;5 ;Машиніст огрудковувача ;
9311 ;13939 ;;5 ;Машиніст опудрювуча обкотишів ;
8112 ;13956 ;;5 ;Машиніст охолоджувачів ;
8273 ;13959 ;;7 ;Машиніст очищувальних машин ;
8264 ;13958 ;;12 ;Машиніст очищувального устаткування ;
8290 ;14290 ;59 ;;Машиніст пакувальної машини ;
8252 ;13807 ;59 ;;Машиніст палітуркоробної машини ;
8143 ;13585 ;;17 ;Машиніст папероробної (картоноробної) машини (сіткар) ;
8143 ;13587 ;;17 ;Машиніст паперофарбувальної машини (фарбувальник) ;
8143 ;13963 ;;17 ;Машиніст папкової машини ;
8162 ;13971 ;;62 ;Машиніст парових турбін ;
8311 ;;;;Машиніст паровоза ;
8162 ;13967 ;;1 ;Машиніст парової машини та локомобіля ;
8113 ;13969 ;;6 ;Машиніст парової пересувної депарафінізаційної установки ;
8113 ;13973 ;;6 ;Машиніст парогенераторної установки з накачування пари в нафтові пласти ;
8333 ;13977 ;;1 ;Машиніст перевантажувачів ;
8231 ;14052 ;33 ;;Машиніст передформувальника ;
9311 ;13981 ;;5 ;Машиніст перекидного жолоба ;
8113 ;13979 ;;6 ;Машиніст пересувного компресора ;
8271 ;13982 ;;8 ;Машиніст перо-пухообробних машин ;
8162 ;14098 ;9 ;;Машиніст пилових насосів ;
8111 ;14008 ;;5 ;Машиніст підземних самохідних машин ;
8333 ;14010 ;;5 ;Машиніст підземних установок ;
8333 ;14021 ;;5, 1 ;Машиніст підіймальної машини ;
8333 ;14023 ;;64 ;Машиніст підіймально-пересувних риштувань ;
8339 ;;;;Машиніст підіймально-транспортних машин ;
8339 ;;;;Машиніст підіймача будівельний ;
8333 ;14014 ;;64 ;Машиніст підіймача вантажно-пасажирського будівельного ;
8113 ;14019 ;;6 ;Машиніст підіймача для випробування свердловин ;
8333 ;14017 ;;64 ;Машиніст підіймача щоглового, стоякового й шахтового ;
8333 ;14012 ;;6 ;Машиніст підіймача ;
8290 ;13984 ;;66 ;Машиніст піскоподавальної установки ;
8269 ;13992 ;47 ;;Машиніст плунжерної машини ;
8212 ;13993 ;;35 ;Машиніст пневматичних насосів ;
8279 ;13994 ;;11 ;Машиніст пневматичної установки ;
8139 ;13996 ;;40 ;Машиніст пневмотранспорту ;
8163 ;13631 ;;1 ;Машиніст повітророзділювальних установок ;
8333 ;13633 ;4 ;;Машиніст повітряно-канатної дороги ;
8290 ;13998 ;;66 ;Машиніст поворотної й підіймальної машин моста ;
8162 ;14261 ;;62 ;Машиніст подавання палива ;
8151 ;13708 ;;8 ;Машиніст подрібнювального агрегата ;
8252 ;13806 ;59 ;;Машиніст покривальної машини ;
8111 ;13944 ;4 ;;Машиніст поличкового плуга ;
8340 ;14033 ;;67 ;Машиніст помповий (донкерман) ;
8279 ;14044 ;;11 ;Машиніст потоково-автоматизованих ліній перероблення тютюну ;
8279 ;14048 ;;11 ;Машиніст потоково-механізованих цигарково-сигаретних ліній та машин ;
8274 ;14046 ;;11 ;Машиніст поточної лінії формування хлібних виробів ;
8122 ;14053 ;;40 ;Машиніст преса ;
8159 ;14054 ;;11 ;Машиніст прес-гранулятора ;
8142 ;;;17 ;Машиніст преспата (сіткар) ;
9161 ;14284 ;;66 ;Машиніст прибиральних машин ;
8252 ;14059 ;59 ;;Машиніст приклеювальної машини ;
8131 ;14063 ;44 ;;Машиніст прокатної машини термостійкого скла та склопрофіліту ;
8131 ;14061 ;44 ;;Машиніст прокатної машини ;
8112 ;14072 ;;5 ;Машиніст промивальних машин ;
8113 ;14065 ;;6 ;Машиніст промивального агрегата ;
8265 ;14067 ;48 ;;Машиніст промивальної машини ;
8264 ;14070 ;47 ;;Машиніст промивально-сушильно-ширильно-стабілізаційної лінії ;
8121 ;14076 ;;41 ;Машиніст просіювальних установок ;
8231 ;14074 ;33 ;;Машиніст просочувального агрегата ;
8231 ;14078 ;33 ;;Машиніст протекторного агрегата ;
8275 ;14080 ;;7 ;Машиніст протиральних машин ;
8332 ;14082 ;;64 ;Машиніст профілювальника ;
8111 ;14084 ;;64, 5 ;Машиніст прохідницького комплексу ;
8264 ;14123 ;47 ;;Машиніст ратинувальної машини ;
8112 ;14125 ;;5 ;Машиніст реактивної установки ;
8122 ;14127 ;7 ;;Машиніст реверсивної парової машини прокатного стана ;
8155 ;14129 ;;42 ;Машиніст регенераційної установки ;
8340 ;14160 ;;10 ;Машиніст рибоборошняної установки ;
8163;14162;;62;Машиніст рибопідіймача;
6153 ;14164 ;;4 ;Машиніст рибопромислових машин та механізмів (відкрите море) ;
6152 ;14164 ;;4 ;Машиніст рибопромислових машин та механізмів (внутрішні та прибережні води) ;
8143 ;14139 ;;17 ;Машиніст рилювальної машини ;
5143 ;14144 ;;87 ;Машиніст ритуального устаткування ;
8266 ;14146 ;48 ;;Машиніст рифлювальної машини ;
8252 ;14133 ;59 ;;Машиніст різальних машин ;
8265 ;14100 ;48 ;;Машиніст розвідної машини ;
8151 ;14102 ;52 ;8 ;Машиніст розволокнювальної машини ;
8112 ;14104 ;4 ;;Машиніст розливальної машини (перероблення озокеритових руд) ;
8275 ;14106 ;53 ;9 ;Машиніст розливально-наповнювальних автоматів ;
8121 ;14104 ;;40 ;Машиніст розливної машини (чорна металургія) ;
8273 ;14108 ;;7 ;Машиніст розмельного устаткування ;
9311 ;14110 ;;5 ;Машиніст розморожувальної установки ;
8231 ;14112 ;33 ;;Машиніст розплітальної машини ;
8151 ;14114 ;;64 ;Машиніст розподільника цементу аераційного самохідного ;
8151 ;14115 ;;64 ;Машиніст розподільника цементу гравітаційного причіпного ;
8151 ;14165 ;28 ;;Машиніст розпушувальних машин ;
8290 ;14121 ;;1 ;Машиніст розфасувально-пакувальних машин ;
8151 ;14119 ;;64 ;Машиніст розчинозмішувача пересувного ;
8151 ;14117 ;;64 ;Машиніст розчинонасоса ;
8142 ;14155 ;;17 ;Машиніст рубальної машини (виробництво целюлози та паперу) ;
8151 ;14153 ;48 ;;Машиніст рубальної машини (дубильно-екстрактове виробництво) ;
8112 ;14157 ;;5 ;Машиніст рудоусереднювальної машини ;
8319 ;;;;Машиніст рухомого складу на електротязі ;
8111 ;14169 ;;5 ;Машиніст самохідного кабелепересувача ;
8212 ;14171 ;;35 ;Машиніст самохідної газорозчиномішалки ;
8143 ;14177 ;;17 ;Машиніст силіконової машини ;
8151 ;14232 ;;35 ;Машиніст сировинних млинів ;
8231 ;14179 ;33 ;;Машиніст сквиджового верстата ;
8139 ;14181 ;;40 ;Машиніст скіпового підіймача ;
8332 ;14183 ;;64 ;Машиніст скрепера (будівельні, монтажні та ремонтно-будівельні роботи) ;
8111 ;14183 ;;5 ;Машиніст скрепера (гірничі та гірничо-капітальні роботи) ;
8332 ;14185 ;;1 ;Машиніст скрепера (скреперист) ;
8333 ;14187 ;;5 ;Машиніст скреперної лебідки ;
8111 ;14191 ;;5 ;Машиніст слюдовибиральної установки ;
8212 ;14192 ;43 ;;Машиніст слюдопласторобної машини ;
8112 ;14205 ;55 ;;Машиніст солезбагачувальної установки ;
8111 ;14206 ;;11 ;Машиніст солезбирального комбайна ;
8111 ;14203 ;55 ;;Машиніст солекомбайна ;
9311 ;14208 ;;5 ;Машиніст сортувалки ;
8251 ;14210 ;59 ;;Машиніст сортувального автомата ;
8122 ;14216 ;;40 ;Машиніст сталеструминної машини (прокатне виробництво) ;
8124 ;14216 ;;40 ;Машиніст сталеструминної машини (трубне виробництво) ;
8231 ;14218 ;33 ;;Машиніст стрейнера ;
8221 ;14220 ;;25 ;Машиніст сублімаційних установок ;
7233 ;14222 ;;56 ;Машиніст сухих докових установок ;
8212 ;14225 ;43 ;;Машиніст сушильних агрегатів ;
8112 ;14224 ;;5 ;Машиніст сушильної установки ;
8290 ;14227 ;;84 ;Машиніст сцени ;
8334 ;14238 ;;68 ;Машиніст телескопічних трапів ;
8139 ;14239 ;;40 ;Машиніст тельфера ;
8311 ;;;;Машиніст тепловоза ;
8332 ;- ;- ;;Машиніст термічної установки для розігріву асфальтобетонного покриття ;
8142 ;14243 ;;17 ;Машиніст термодисперсійної установки ;
8229 ;14245 ;35 ;;Машиніст термостабілізаційної машини ;
8152 ;;;;Машиніст термоустановки ;
8275 ;14249 ;;11 ;Машиніст терткових машин ;
8163 ;14257 ;;21 ;Машиніст технологічних компресорів ;
8155 ;14259 ;;21 ;Машиніст технологічних насосів ;
8119;;;;Машиніст технологічного обладнання збагачувальної фабрики;
8274 ;14251 ;;7 ;Машиніст тістомісильних машин ;
8274 ;14253 ;;11 ;Машиніст тістообробних машин ;
8111 ;14263 ;;5 ;Машиніст торфовидобувного екскаватора ;
8221 ;14265 ;55 ;;Машиніст трамбовки ;
8143 ;14279 ;;17 ;Машиніст трубкової машини (трубковик) ;
8211 ;14273 ;;64 ;Машиніст трубовигинальної установки пересувної ;
8332 ;14275 ;;64 ;Машиніст трубоочисної машини ;
8332 ;14277 ;;64 ;Машиніст трубоукладача ;
8279 ;14234 ;;11 ;Машиніст тютюнорізальних машин ;
8311 ;14282 ;73 ;;Машиніст тягового агрегата ;
8149 ;;;;Машиніст у виробництві паперу, картону та виробів з них ;
8332 ;14288 ;;64 ;Машиніст укладача асфальтобетону ;
8113 ;14295 ;;5 ;Машиніст установки для буріння стовбурів шахт повним перерізом ;
8212 ;14297 ;;35 ;Машиніст установки для випробування залізобетонних виробів і конструкцій ;
8151 ;14301 ;43 ;;Машиніст установки для приготування пульпи ;
8332 ;14303 ;;64 ;Машиніст установки для продавлювання та горизонтального буріння ґрунту ;
8151 ;14307 ;43 ;;Машиніст установки для розщеплення слюди ;
8111 ;14305 ;;5 ;Машиніст установки для руйнування негабаритів гірничої маси ;
9311 ;14299 ;;5 ;Машиніст установки з оброблення транспортних засобів ;
8113 ;- ;;74 ;Машиніст установки збудження сейсмічних сигналів ;
8151 ;14293 ;;64 ;Машиніст установки пересувної автоматизованої безперервної дії для приготування бетонних сумішей ;
8232 ;14311 ;27 ;;Машиніст установки самоклейних плівок ;
8163 ;;;;Машиніст установки сміттєспалювальної пересувної ;
8159 ;14313 ;;19 ;Машиніст установки сухого гасіння коксу ;
8290 ;- ;;66 ;Машиніст установок з обслуговування рухомого складу ;
8112 ;14315 ;;5 ;Машиніст установок збагачення та брикетування ;
8212 ;13921 ;;35 ;Машиніст устаткування конвеєрних та потокових ліній ;
8159 ;13923 ;;21 ;Машиніст устаткування розподільних нафтобаз ;
8332 ;14291 ;;64 ;Машиніст ущільнювальної та планувально-ущільнювальної машини ;
8252 ;14317 ;59 ;;Машиніст фальцювальних машин ;
8229 ;13798 ;35 ;;Машиніст фарбувального та вулканізаційного устаткування ;
8277 ;14319 ;55 ;;Машиніст фіксаційних машин ;
8279 ;14321 ;;11 ;Машиніст фільтроробних машин ;
8153 ;14322 ;;8 ;Машиніст фільтр-преса ;
8332 ;14324 ;;64 ;Машиніст фінішера ;
8224 ;14331 ;34 ;;Машиніст формувальних машин ;
8212 ;14326 ;;35 ;Машиніст формувального агрегата ;
8274 ;14330 ;;11 ;Машиніст формувально-закручувального напівавтомата ;
8124 ;14328 ;;40 ;Машиніст формувальної машини ;
8111 ;14333 ;;5 ;Машиніст фрезагрегата ;
8122 ;14335 ;;40 ;Машиніст фрезерно-зачисної машини ;
8139 ;14337 ;;40 ;Машиніст холодильника ;
8163 ;14341 ;;1 ;Машиніст холодильних установок ;
8163 ;14339 ;;64 ;Машиніст холодильної установки для заморожування ґрунтів ;
8151 ;14345 ;;35 ;Машиніст цементних млинів ;
8162 ;14347 ;;62 ;Машиніст центрального теплового щита керування котлами ;
8162 ;14349 ;;62 ;Машиніст центрального теплового щита керування паровими турбінами ;
8277 ;14352 ;55 ;;Машиніст чаєзав'ялювальних машин ;
8277 ;14351 ;55 ;;Машиніст чаєзав'ялювально-фіксаційних машин ;
8277 ;14354 ;55 ;;Машиніст чаєскручувальних машин ;
8277 ;14356 ;55 ;;Машиніст чаєсушильних машин ;
8265 ;14358 ;48 ;;Машиніст чесальних та мішальних машин ;
8163 ;14360 ;;5 ;Машиніст шахтових холодильних установок ;
8252 ;14362 ;59 ;;Машиніст швацьких машин та автоматів ;
8273 ;14158 ;;7 ;Машиніст шеретувальних установок (оброблення зернових) ;
8275 ;14158 ;;7 ;Машиніст шеретувальних установок (оброблення олієнасіння) ;
8121 ;14364 ;;40 ;Машиніст шихтоподачі ;
8212 ;14366 ;;35 ;Машиніст шламових насосів ;
8274 ;14368 ;;11 ;Машиніст шоколадообробних машин ;
8251 ;13919 ;;17 ;Машиніст шпалерно-друкарської машини ;
8229 ;14371 ;24 ;;Машиніст шпрединг-машини ;
8229 ;14373 ;24 ;;Машиніст шприц-машини ;
8333 ;14377 ;;1 ;Машиніст штабелеформувальної машини ;
8333 ;14381 ;;41 ;Машиніст штирьового крана ;
8151 ;14379 ;;64 ;Машиніст штукатурної станції пересувної ;
8113 ;- ;;74 ;Машиніст шурфопрохідницької установки ;
8152 ;13581 ;26 ;;Машиніст-бронзувальник ;
8311 ;;;;Машиніст-інструктор бригад спеціального самохідного рухомого складу ;
8311 ;;;;Машиніст-інструктор локомотивних бригад ;
8331 ;13796 ;;3 ;Машиніст-кранівник ;
8162 ;13929 ;;62 ;Машиніст-обхідник з котельного устаткування ;
8162 ;13931 ;;62 ;Машиніст-обхідник з турбінного устаткування ;
8331 ;- ;- ;;Машиніст-оператор дощувальних машин та агрегатів ;
8332 ;;;;Машиніст-оператор навантажувальної машини (будівельні роботи) ;
8279 ;14131 ;;11 ;Машиніст-регулювальник ;
8221 ;14236 ;;25 ;Машиніст-таблетувальник ;
8121 ;14267 ;;40 ;Машиніст-транспортувальник гарячого металу (рудо- та металоплавильні печі) ;
8122 ;14267 ;;40 ;Машиніст-транспортувальник гарячого металу (сталеплавильне та прокатне виробництва) ;
8124 ;14267 ;;40 ;Машиніст-транспортувальник гарячого металу (трубне виробництво) ;
1210.1;;;78**;Медичний директор;
7441 ;14429 ;;8 ;Меланжист ;
8151 ;14435 ;;35 ;Мельник вапна ;
8151 ;14433 ;;16 ;Мельник деревообробного виробництва ;
8151 ;14438 ;;42 ;Мельник емалевих матеріалів ;
8112 ;14437 ;;35 ;Мельник мінеральної сировини ;
8273 ;14431 ;;11 ;Мельник ;
1231;;;;Менеджер (управитель);
1499;;;;Менеджер (управитель);
1492;;;;Менеджер (управитель) банно(лазне)-оздоровчого комплексу;
1452 ;;;;Менеджер (управитель) в оптовій торгівлі ;
1453.2 ;;;;Менеджер (управитель) в роздрібній торгівлі непродовольчими товарами ;
1453 ;;;;Менеджер (управитель) в роздрібній торгівлі побутовими та непродовольчими товарами ;
1453.1 ;;;;Менеджер (управитель) в роздрібній торгівлі побутовими товарами та їх ремонті ;
1454 ;;;;Менеджер (управитель) в роздрібній торгівлі продовольчими товарами ;
1451 ;;;;Менеджер (управитель) в торгівлі транспортними засобами ;
1494 ;;;;Менеджер (управитель) екологічних систем ;
1491;;;87;Менеджер (управитель) житлового будинку (групи будинків);
1475.4 ;;;5* ;Менеджер (управитель) з адміністративної діяльності ;
1411 ;;;;Менеджер (управитель) з використання водних ресурсів ;
1439.8 ;;;;Менеджер (управитель) з виробництва та розподілення електроенергії ;
1482 ;;;;Менеджер (управитель) з громадської охорони здоров'я ;
1475.4 ;;;1 ;Менеджер (управитель) з логістики ;
1475.4;;;;Менеджер (управитель) з маркетингу;
1439.8 ;;;;Менеджер (управитель) з організації ефективного використання енергії (енергоменеджер) ;
1479 ;;;;Менеджер (управитель) з організації консультативних послуг ;
1492;;;;Менеджер (управитель) з організації подій (івентів);
1477.1 ;;;1 ;Менеджер (управитель) з персоналу ;
1474 ;;;;Менеджер (управитель) з питань регіонального розвитку ;
1475.4 ;;;;Менеджер (управитель) з постачання ;
1412 ;;;;Менеджер (управитель) з природокористування ;
1477.1;;;;Менеджер (управитель) з психосоціальної підтримки персоналу, безпеки та гігієни праці;
1476.1 ;;;1 ;Менеджер (управитель) з реклами ;
1443 ;;;;Менеджер (управитель) з транспортно-експедиторської діяльності ;
1448.1 ;;;;Менеджер (управитель) з туризму ;
1461 ;;;;Менеджер (управитель) із грошового посередництва ;
1468 ;;;;Менеджер (управитель) із допоміжної діяльності у сфері страхування ;
1467 ;;;;Менеджер (управитель) із допоміжної діяльності у сфері фінансів ;
1475.4 ;;;1 ;Менеджер (управитель) із збуту ;
1475.4 ;;;1 ;Менеджер (управитель) із зв'язків з громадськістю ;
1475.4 ;;;1 ;Менеджер (управитель) із зовнішньоекономічної діяльності ;
1474 ;;;;Менеджер (управитель) із комунікаційних технологій ;
1463 ;;;;Менеджер (управитель) із надання кредитів ;
1466 ;;;;Менеджер (управитель) із пенсійного недержавного страхування ;
1496 ;;;;Менеджер (управитель) із соціальної та корпоративної відповідальності ;
1465 ;;;;Менеджер (управитель) із страхування ;
1462 ;;;;Менеджер (управитель) із фінансового лізингу ;
1469 ;;;;Менеджер (управитель) із фінансового посередництва ;
1497;;;;Менеджер (управитель) інформаційних технологій;
1456;;;;Менеджер (управитель) кафе (бару, їдальні);
1443 ;;;;Менеджер (управитель) на автомобільному транспорті ;
1443 ;;;;Менеджер (управитель) на водному транспорті ;
1491 ;;;;Менеджер (управитель) підприємства житлово-комунального господарства ;
1456;;;;Менеджер (управитель) підприємства з приготування та постачання готових страв;
1456;;;;Менеджер (управитель) ресторану;
1495 ;;;;Менеджер (управитель) систем з інформаційної безпеки ;
1456 ;;;;Менеджер (управитель) систем харчової безпеки ;
1493 ;;;;Менеджер (управитель) систем якості в державному управлінні ;
1493 ;;;;Менеджер (управитель) систем якості ;
1492;;;;Менеджер (управитель) спортивної діяльності;
1492 ;;;18 ;Менеджер (управитель) у видавничій діяльності ;
1455.1 ;;;87 ;Менеджер (управитель) у готельному господарстві ;
1478 ;;;;Менеджер (управитель) у слідчій діяльності ;
1483 ;;;;Менеджер (управитель) у соціальній сфері ;
1472 ;;;;Менеджер (управитель) у сфері аренди машин та устаткування ;
1473 ;;;;Менеджер (управитель) у сфері надання інформації ;
1471 ;;;;Менеджер (управитель) у сфері операцій з нерухомістю для третіх осіб ;
7432 ;13209 ;47 ;;Мереживниця ;
3415 ;;;;Мерчендайзер ;
8131 ;14442 ;45 ;;Металізатор електрокерамічних виробів ;
8223 ;14440 ;;42 ;Металізатор ;
2112.2 ;- ;;75 ;Метеоролог ;
2332 ;;;;Методист дошкільної освіти;
2351.2 ;23480 ;;1 ;Методист з економічної освіти ;
3340 ;;;80 ;Методист з професійної реабілітації ;
2351.2 ;23478 ;;85 ;Методист з фізичної культури ;
2359.2 ;;;;Методист закладу позашкільної освіти;
2320 ;23473 ;- ;;Методист заочних шкіл і відділень ;
2432.2 ;23479 ;;82 ;Методист із складання кінопрограм ;
2455.2 ;23474 ;;81 ;Методист культурно-освітнього закладу ;
2351.2 ;;;;Методист ;
2359.2 ;;;5* ;Методист-валеолог ;
5123 ;23482 ;;65 ;Метрдотель ;
8333 ;14444 ;;67 ;Механізатор (докер-механізатор) комплексної бригади на навантажувально-розвантажувальних роботах ;
3141 ;;;;Механік (електромеханік) (судновий) - шкіпер ;
3141 ;;;;Механік (судновий) - помічник капітана ;
3141 ;;;;Механік (судновий) - помічник командира ;
3141 ;;;67 ;Механік (судновий) ;
3115 ;23488 ;- ;;Механік автомобільної колони (гаража) ;
3115 ;23498 ;- ;;Механік бурильно-гідрографічної машини ;
3115 ;23495 ;;6 ;Механік бурильної установки ;
3115 ;23499 ;- ;;Механік вагона-транспортера ;
3115 ;23513 ;;67 ;Механік вантажного району (дільниці) ;
3115 ;23592 ;- ;;Механік виробництва ;
3115 ;23501 ;- ;;Механік всюдихода ;
3115 ;23510 ;- ;;Механік гідровузла (шлюзу) ;
3115 ;23523 ;- ;;Механік групи загону ;
3115 ;23519 ;;67 ;Механік груповий перевантажувальних машин (навантажувально-розвантажувальних механізмів) ;
3141 ;23522 ;;67 ;Механік груповий флоту (з флоту) ;
3115 ;23516 ;- ;;Механік груповий ;
3115 ;23525 ;- ;;Механік дизельної та холодильної установок ;
3115 ;23607 ;;64, 5 ;Механік дільниці ;
3115 ;23528 ;- ;;Механік дренажної шахти (дільниці) ;
3141 ;;;;Механік з автоматики ;
3115 ;23570 ;;74 ;Механік з бурових, гірничих робіт ;
3115 ;23573 ;- ;;Механік з кранового господарства ;
7241 ;;;;Механік з обслуговування виробничого устаткування ресторану (кафе, їдальні і т. ін.) ;
7233 ;14448 ;;82 ;Механік з обслуговування вітроустановок ;
7243 ;14450 ;;82 ;Механік з обслуговування звукової техніки ;
7243 ;14454 ;;82 ;Механік з обслуговування знімальної апаратури ;
7243 ;14452 ;62 ;;Механік з обслуговування кінотелевізійного устаткування ;
7241 ;;;;Механік з обслуговування та монтажу електроустаткування (судновий) ;
7243 ;14456 ;62 ;;Механік з обслуговування телевізійного устаткування ;
3115 ;23577 ;;5 ;Механік з підіймальних установок ;
3115 ;23583 ;- ;;Механік з ремонту транспорту ;
3115 ;23580 ;;6 ;Механік з ремонту устаткування ;
3115 ;14455 ;;85 ;Механік з технічних видів спорту ;
3141 ;23589 ;;67 ;Механік із суднових систем ;
3115 ;23534 ;- ;;Механік ізотермічних вагонів для перевезення живої риби ;
3141 ;;;;Механік крана плавучого ;
2145.2 ;23540 ;- ;;Механік лінійний флоту (з флоту) ;
3115 ;23546 ;- ;;Механік льодозаводу ;
8340 ;;;;Механік малотоннажного судна ;
3115 ;23613 ;- ;;Механік навчального полігону ;
3115 ;23567 ;- ;;Механік перевантажувальних машин ;
3115 ;23571 ;- ;;Механік підземної дільниці ;
3141 ;23586 ;;67 ;Механік портового флоту ;
7311 ;14457 ;;48 ;Механік протезно-ортопедичних виробів ;
3115 ;23595 ;- ;;Механік радіонавігаційної системи ;
3141 ;;;67 ;Механік рефрижераторних установок (судновий) ;
3115 ;23601 ;- ;;Механік рефрижераторних установок ;
3115 ;23598 ;- ;;Механік рефрижераторного поїзда (секції) ;
7139 ;;;;Механік технічних систем будівель ;
3115 ;23616 ;;1 ;Механік цеху ;
3115 ;23485 ;- ;;Механік ;
3340 ;23537 ;- ;;Механік-інструктор бортовий ;
3115 ;23552 ;- ;;Механік-налагоджувальник ;
2359.2 ;23564 ;;67 ;Механік-наставник ;
2149.2;;;;Мехатронік;
8264 ;14534 ;47 ;;Мийник вовни (валяльно-повстяне виробництво) ;
8264 ;14536 ;47 ;;Мийник вовни (виробництво вовни) ;
7432 ;14510 ;47 ;;Мийник килимів ;
8159 ;14512 ;20 ;;Мийник колб із застосуванням кислотних розчинів ;
9142 ;14514 ;;68 ;Мийник літальних апаратів ;
8265 ;14516 ;48 ;;Мийник міздрі та волосу ;
8264 ;14518 ;47 ;;Мийник мокрих відходів ;
8231 ;14520 ;33 ;;Мийник покришок ;
8264 ;14532 ;47 ;;Мийник полотна ;
8221 ;14523 ;;25 ;Мийник посуду й ампул ;
9132 ;14522 ;;65 ;Мийник посуду ;
8272 ;14527 ;;8 ;Мийник сиру ;
8265 ;14537 ;48 ;;Мийник щетини та волосу ;
9142 ;14528 ;;66 ;Мийник-прибиральник рухомого складу ;
8223 ;14525 ;;42 ;Мийник-сушильник металу ;
2213.2 ;24293 ;;2, 3 ;Мисливствознавець ;
2455.1 ;22862 ;- ;;Мистецтвознавець (кіномистецтво) ;
2452.1 ;22862 ;- ;;Мистецтвознавець (образотворче, декоративно-прикладне мистецтво) ;
2454.1 ;22862 ;- ;;Мистецтвознавець (хореографія) ;
7213 ;14422 ;;56 ;Мідник з виготовлення суднових виробів ;
7213 ;14420 ;;42 ;Мідник ;
7441 ;14426 ;;8 ;Міздрильник шкур ;
7441 ;14427 ;;8 ;Міздрильник шкурок кролів ;
7441 ;14424 ;48 ;;Міздрильник ;
2211.2 ;23618 ;- ;;Міколог ;
2211.2 ;23619 ;- ;4, 25 ;Мікробіолог ;
2114.2 ;;;;Мікропалеонтолог ;
8121 ;14463 ;;40 ;Міксеровий ;
8142 ;14465 ;;17 ;Міксівник ;
2114.2 ;23620 ;- ;;Мінералог ;
1120.1 ;- ;- ;;Міністр Автономної Республіки Крим ;
1120.1 ;- ;- ;;Міністр Кабінету Міністрів України ;
1120.1 ;- ;- ;;Міністр України ;
2460 ;;;;Місіонер ;
8151 ;14461 ;;45 ;Мішальник вугільних мас ;
8139 ;14458 ;45 ;;Мішальник керамічного шлікеру ;
8151 ;14460 ;;45 ;Мішальник сухої маси (для свинцевих акумуляторів) ;
5210 ;- ;- ;;Модель ;
7442 ;14474 ;48 ;;Модельєр колодок ;
7331 ;14476 ;;17 ;Модельєр коробок ;
7442 ;14478 ;48 ;;Модельєр ортопедичного взуття ;
2452.2 ;23631 ;- ;;Модельєр ;
2452.2 ;23634 ;- ;;Модельєр-конструктор ;
7222 ;14482 ;;55 ;Модельник аерогідродинамічних моделей з металу ;
7331 ;14483 ;;55 ;Модельник аерогідродинамічних моделей з неметалу ;
7133 ;14480 ;;64 ;Модельник архітектурних деталей ;
7321 ;14485 ;;42 ;Модельник виплавних моделей ;
7321 ;14487 ;;42 ;Модельник гіпсових моделей ;
8231 ;14499 ;33 ;;Модельник гумового взуття ;
7422 ;14493 ;;42 ;Модельник дерев'яних моделей ;
7222 ;14495 ;;42 ;Модельник з металевих моделей ;
7321 ;14489 ;45 ;;Модельник керамічного виробництва ;
7321 ;14497 ;;42 ;Модельник моделей з епоксидних смол ;
7331 ;14491 ;60 ;;Модельник наочного приладдя ;
7324 ;14502 ;29 ;;Модельник склопластиків ;
7321 ;14501 ;65 ;;Модельник скульптурного виробництва ;
7329 ;;;;Модельник у виробництві неметалевої продукції ;
7311 ;14472 ;31 ;;Моделювальник штучних зубів ;
7435 ;14504 ;;13 ;Модистка головних уборів ;
3471 ;14508 ;61 ;;Мозаїст монументально-декоративного живопису ;
8212 ;14506 ;;35 ;Мозаїст ;
7322 ;14539 ;44 ;;Молірувальник скла ;
5132 ;;;78 ;Молодша медична сестра (молодший медичний брат) (санітарка, санітарка-прибиральниця, санітарка-буфетниця, санітар, санітар-прибиральник, санітар- буфетник та ін.);
5132 ;14467 ;;78 ;Молодша медична сестра (молодший медичний брат) з догляду за хворими;
5163 ;;;;Молодший інспектор (пенітенціарна система) ;
5162;;;;Молодший інспектор (поліція);
5169 ;;;;Молодший інспектор прикордонної служби ;
5163 ;;;;Молодший інспектор-черговий (пенітенціарна система) ;
3227 ;;;;Молодший лікар ветеринарної медицини ;
2213.1 ;;;;Молодший науковий співробітник (агрономія, зоотехнія, лісівництво, природно-заповідна справа) ;
2442.1 ;;;;Молодший науковий співробітник (археографія, археологія, географія, кримінологія, палеографія, соціологія) ;
2431.1 ;;;;Молодший науковий співробітник (архівна справа, музеєзнавство) ;
2141.1 ;;;;Молодший науковий співробітник (архітектура, планування міст) ;
2411.1 ;;;;Молодший науковий співробітник (аудит, бухгалтерський облік) ;
2432.1 ;;;;Молодший науковий співробітник (бібліотечна справа, науково-технічна інформація) ;
2211.1 ;;;;Молодший науковий співробітник (біологія) ;
2413.1 ;;;;Молодший науковий співробітник (біржові операції) ;
2142.1;;;;Молодший науковий співробітник (будівництво);
2359.1 ;;;;Молодший науковий співробітник (в інших галузях навчання) ;
2359.1 ;;;;Молодший науковий співробітник (валеологія) ;
2223.1 ;;;;Молодший науковий співробітник (ветеринарна медицина) ;
2149.1 ;;;;Молодший науковий співробітник (галузь інженерної справи) ;
2221.1 ;;;;Молодший науковий співробітник (галузь лікувальної справи, крім стоматології) ;
2229.1 ;;;;Молодший науковий співробітник (галузь медицини, крім сестринської справи та акушерства) ;
2139.1 ;;;;Молодший науковий співробітник (галузь обчислень) ;
2114.1;;;;Молодший науковий співробітник (геологія, геофізика, гідрологія, геоінформатика);
2147.1 ;;;;Молодший науковий співробітник (гірництво, металургія) ;
2441.1 ;;;;Молодший науковий співробітник (економіка) ;
2144.1 ;;;;Молодший науковий співробітник (електроніка, електронні комунікації);
2143.1 ;;;;Молодший науковий співробітник (електротехніка) ;
2145.1 ;;;;Молодший науковий співробітник (інженерна механіка) ;
2419.1 ;;;;Молодший науковий співробітник (інтелектуальна власність) ;
2433.1 ;;;;Молодший науковий співробітник (інформаційна аналітика) ;
2148.1 ;;;;Молодший науковий співробітник (картографія, топографія) ;
2419.1 ;;;;Молодший науковий співробітник (маркетинг, ефективність господарської діяльності, раціоналізація виробництва) ;
2121.1 ;;;;Молодший науковий співробітник (математика) ;
2111.1 ;;;;Молодший науковий співробітник (медична фізика) ;
2112.1 ;;;;Молодший науковий співробітник (метеорологія) ;
2351.1 ;;;;Молодший науковий співробітник (методи навчання) ;
2131.1 ;;;;Молодший науковий співробітник (обчислювальні системи) ;
2212.1 ;;;;Молодший науковий співробітник (патологія, токсикологія, фармакологія, фізіологія, епідеміологія) ;
2421.1 ;;;;Молодший науковий співробітник (правознавство) ;
2412.1 ;;;;Молодший науковий співробітник (праця та зайнятість) ;
2132.1 ;;;;Молодший науковий співробітник (програмування) ;
2447.1 ;;;;Молодший науковий співробітник (проекти та програми у сфері матеріального та нематеріального виробництва) ;
2445.1 ;;;;Молодший науковий співробітник (психологія) ;
2483.1 ;;;;Молодший науковий співробітник (рекреалогія) ;
2230.1 ;;;;Молодший науковий співробітник (сестринська справа, акушерство) ;
2446.1 ;;;;Молодший науковий співробітник (соціальний захист населення) ;
2122.1 ;;;;Молодший науковий співробітник (статистика) ;
2222.1 ;;;;Молодший науковий співробітник (стоматологія) ;
2149.1 ;;;;Молодший науковий співробітник (транспорт) ;
2481.1 ;;;;Молодший науковий співробітник (туризмологія, екскурсознавство) ;
2224.1 ;;;;Молодший науковий співробітник (фармація) ;
2111.1 ;;;;Молодший науковий співробітник (фізика, астрономія) ;
2444.1 ;;;;Молодший науковий співробітник (філологія, лінгвістика та переклади) ;
2443.1 ;;;;Молодший науковий співробітник (філософія, історія, політологія) ;
2414.1 ;;;;Молодший науковий співробітник (фінансово-економічна безпека підприємств, установ та організацій) ;
2146.1 ;;;;Молодший науковий співробітник (хімічні технології) ;
2113.1 ;;;;Молодший науковий співробітник (хімія) ;
3131 ;23637 ;;82 ;Монтажер ;
7341 ;14541 ;59 ;;Монтажист ;
8286 ;14546 ;;13 ;Монтажник апаратури спеціальних головних уборів ;
7120 ;;;;Монтажник будівельний ;
7233 ;14637 ;;64 ;Монтажник будівельних машин та механізмів ;
7129;;;;Монтажник віконно-дверних конструкцій;
7111 ;14552 ;;74 ;Монтажник геодезичних знаків ;
7233 ;14554 ;;64 ;Монтажник гідроагрегатів ;
7129 ;;;;Монтажник гіпсокартонних конструкцій ;
7233 ;14556 ;;64 ;Монтажник гірничого устаткування ;
7233 ;14558 ;;64 ;Монтажник дробильно-розмельного устаткування та устаткування для сортування й збагачення ;
4190 ;14654 ;61 ;;Монтажник експозиції та художньо-оформлювальних робіт ;
7241 ;14656 ;;64 ;Монтажник електричних підйомників (ліфтів) ;
7241;;;;Монтажник електронно-вимірювальної та спеціальної апаратури;
7241 ;14658 ;;55 ;Монтажник електроустаткування літальних апаратів ;
7242 ;14660 ;20 ;;Монтажник елементів пам'яті на феритах ;
7214 ;14612 ;;64 ;Монтажник з монтажу сталевих та залізобетонних конструкцій ;
7233 ;14568 ;;41 ;Монтажник з ремонту ванн ;
7233 ;14569 ;;41 ;Монтажник з ремонту печей ;
7243 ;14624 ;;64 ;Монтажник зв'язку - антенник ;
7245 ;14626 ;;64 ;Монтажник зв'язку - кабельник ;
7244 ;14627 ;;64 ;Монтажник зв'язку - лінійник ;
7245 ;14629 ;;64 ;Монтажник зв'язку - спаювальник ;
7136 ;14571 ;;64 ;Монтажник зовнішніх трубопроводів ;
7139;;;;Монтажник інженерних систем будівель ;
7242 ;;;;Монтажник інформаційно-комунікаційних мереж ;
7242 ;;;;Монтажник інформаційно-комунікаційного устаткування ;
7233 ;14560 ;;64 ;Монтажник компресорів, насосів та вентиляторів ;
7233 ;- ;;3 ;Монтажник лісозаготівельного устаткування ;
7139 ;;;;Монтажник мереж зв'язку (будівельні роботи) ;
7233 ;14562 ;;64 ;Монтажник металорізального та ковальсько-пресового устаткування ;
7233 ;14564 ;;64 ;Монтажник механічного устаткування гідротехнічних споруд ;
7242 ;14566 ;20 ;;Монтажник мікромодулів ;
4190 ;14573 ;;82 ;Монтажник негатива ;
7233 ;14607 ;;64 ;Монтажник підіймально-транспортного устаткування безперервної дії ;
7233 ;14608 ;;64 ;Монтажник підіймально-транспортного устаткування переривчастої дії ;
4190 ;14610 ;;82 ;Монтажник позитива ;
7241 ;14614 ;3 ;;Монтажник приладів та апаратури автоматичного контролю, регулювання та керування ;
7242 ;14616 ;;55 ;Монтажник радіо- та спеціального устаткування літальних апаратів ;
7242 ;14618 ;;47 ;Монтажник радіоелектронної апаратури та приладів ;
7233 ;14620 ;;41 ;Монтажник реакційних апаратів ;
7136 ;14621 ;;64 ;Монтажник санітарно-технічних систем і устаткування ;
7136 ;14622 ;;35 ;Монтажник санітарно-технічного устаткування ;
7139;;;;Монтажник свїтлопрозорих та вентильованих фасадів;
9322 ;14631 ;20 ;;Монтажник селенових випрямлячів ;
7233 ;14635 ;;64 ;Монтажник систем вентиляції, кондиціювання повітря, пневмотранспорту й аспірації ;
7129 ;;;;Монтажник систем утеплення будівель ;
7233 ;14633 ;;64 ;Монтажник сільськогосподарського устаткування ;
7137;;;;Монтажник сонячних (фотоелектричних) станцій;
7139;;;;Монтажник стельових конструкцій;
7242 ;14639 ;;55 ;Монтажник тензорезисторів ;
7136 ;14641 ;;64 ;Монтажник технологічних трубопроводів ;
7233 ;14642 ;;64 ;Монтажник технологічного устаткування та пов'язаних з ним конструкцій ;
7241 ;14645 ;;64 ;Монтажник турбоагрегатів та синхронних компенсаторів ;
7233 ;14575 ;;64 ;Монтажник устаткування атомних електричних станцій ;
7241 ;14577 ;;64 ;Монтажник устаткування блокування та централізації на залізничному транспорті ;
7423 ;14579 ;;64 ;Монтажник устаткування деревообробних підприємств ;
7244 ;14601 ;;64 ;Монтажник устаткування зв'язку ;
7233 ;14581 ;;64 ;Монтажник устаткування зерносховищ та підприємств з промислового перероблення зерна ;
7233 ;14582 ;;64 ;Монтажник устаткування коксохімічних виробництв ;
7233 ;14585 ;;64 ;Монтажник устаткування котельних установок ;
7233 ;14587 ;;64 ;Монтажник устаткування металургійних заводів ;
7233 ;14593 ;;64 ;Монтажник устаткування підприємств будівельних матеріалів ;
7233 ;14591 ;;64 ;Монтажник устаткування підприємств поліграфічної промисловості ;
7233 ;14595 ;;64 ;Монтажник устаткування підприємств текстильної промисловості ;
7233 ;14589 ;;64 ;Монтажник устаткування підприємств харчової промисловості ;
7233 ;14597 ;;64 ;Монтажник устаткування підприємств хімічної та нафтової промисловості ;
7233 ;14599 ;;64 ;Монтажник устаткування підприємств целюлозно-паперової промисловості ;
7233 ;14603 ;;64 ;Монтажник устаткування сортувальних гірок ;
7233 ;14605 ;;64 ;Монтажник устаткування холодильних установок ;
8224;14650;34;;"Монтажник фотокомплекту ""Момент""";
7233 ;14652 ;;64 ;Монтажник шахтного устаткування на поверхні ;
9321 ;14544 ;;25 ;Монтажник ;
7242 ;14548 ;20 ;;Монтажник-вакуумник ;
7129 ;;;;Монтажник-складальник алюмінієвих конструкцій ;
7129 ;;;;Монтажник-складальник металопластикових конструкцій ;
7242 ;14646 ;20 ;;Монтажник-установник зовнішньої арматури ;
7241 ;14666 ;;21 ;Монтер із захисту підземних трубопроводів від корозії ;
7245 ;14662 ;;45 ;Монтер кабельного виробництва ;
7129 ;14668 ;3 ;;Монтер колії ;
7233 ;14670 ;;56 ;Монтер суднових засобів безпеки ;
7241 ;14671 ;- ;;Монтер судноплавної обстановки ;
9321 ;14673 ;33 ;;Монтувальник вентилів ;
7313 ;14677 ;;41 ;Монтувальник виробів з дорогоцінних металів ;
9322 ;14679 ;65 ;;Монтувальник виробів з каменю ;
7332 ;14675 ;60 ;;Монтувальник вологих препаратів ;
7332 ;14683 ;60 ;;Монтувальник кісткових препаратів ;
7332 ;14685 ;60 ;;Монтувальник мікрозрізів ;
9322 ;14686 ;60 ;;Монтувальник муляжів та моделей ;
7332 ;14688 ;60 ;;Монтувальник остеологічних колекцій ;
7332 ;14690 ;60 ;;Монтувальник скелетів дрібних тварин ;
9321 ;14692 ;29 ;;Монтувальник склометалізованої нитки ;
9322 ;14694 ;60 ;;Монтувальник сухих біологічних об'єктів ;
9132 ;14696 ;;84 ;Монтувальник сцени ;
9322 ;14698 ;60 ;;Монтувальник технологічних колекцій ;
8284 ;14700 ;33 ;;Монтувальник шин ;
9321 ;14701 ;33 ;;Монтувальник шиннопневматичних муфт ;
9321 ;14681 ;31 ;;Монтувальник штучних зубів ;
6151 ;;;;Моревод ;
9322 ;14704 ;47 ;;Мотальник ;
8163 ;14719 ;;67 ;Моторист (машиніст) рефрижераторних установок ;
8340 ;14718 ;;67 ;Моторист (машиніст) ;
8162 ;14708 ;;62 ;Моторист автоматизованого подавання палива ;
8119 ;;;;Моторист агрегатів для цементування свердловин ;
8162 ;14710 ;;62 ;Моторист багерної (шламової) насосної ;
8212 ;14712 ;;35 ;Моторист бетонозмішувальних установок ;
8113 ;14713 ;;6 ;Моторист бурової установки ;
8163 ;14715 ;;5 ;Моторист вентиляційної установки ;
8163 ;14717 ;;62 ;Моторист водоскиду ;
8163 ;14757 ;;1 ;Моторист електродвигунів ;
8161 ;14759 ;;74 ;Моторист електророзвідувальної станції ;
8161 ;14728 ;;62 ;Моторист з прибирання устаткування електростанцій ;
8340 ;;;;Моторист з ремонту та обслуговування суднових технічних засобів та електроустаткування (моторист-електрик) ;
8212 ;14741 ;;35 ;Моторист змішувача та мішалки ;
8333 ;14720 ;;1 ;Моторист механічної лопати ;
8131 ;14721 ;44 ;;Моторист на подаванні крокусної суспензії ;
8212 ;14723 ;;36 ;Моторист передавального візка ;
8333 ;14725 ;;66 ;Моторист поворотного круга ;
8112 ;14730 ;;5 ;Моторист промивального приладу для вилучення металу ;
8111 ;14732 ;;11 ;Моторист ропокачки ;
8340 ;14736 ;73 ;;Моторист самостійного керування судновим двигуном ;
8333 ;14745 ;;35 ;Моторист транспортувальних механізмів ;
9322 ;14747 ;;35 ;Моторист трієра ;
8340 ;14748 ;73 ;;Моторист трюмовий ;
8212 ;14750 ;43 ;;Моторист установки для перекачування бітуму ;
8212 ;14752 ;;35 ;Моторист холодильного барабана ;
8113 ;14755 ;;6 ;Моторист цементо-піскозмішувального агрегата ;
8113 ;14754 ;;6 ;Моторист цементувального агрегата ;
9322 ;14739 ;;35 ;Моторист-мастильник ;
8340 ;;;;Моторист-матрос ;
8340 ;;;;Моторист-оператор (судновий) ;
8340 ;;;;Моторист-стерновий (керманич) ;
9152 ;23640 ;;81 ;Музейний доглядач ;
2453.1 ;- ;- ;;Музикознавець ;
2455.2;;;;Музичний керівник;
2453.2 ;23643 ;;82 ;Музичний оформлювач ;
7331 ;14761 ;60 ;;Муляжист ;
8131 ;12682 ;44 ;;Муляр (пічник) черговий біля печей ;
7122 ;12680 ;;64 ;Муляр ;
8264 ;14762 ;47 ;;М'якшильник ;
8121 ;14773 ;;40 ;Набивальник блоків ;
9322 ;14767 ;56 ;;Набивальник валків та фільтрів ;
8285 ;14775 ;48 ;;Набивальник виробів ;
9322 ;14777 ;47 ;;Набивальник відходів ;
7346 ;14783 ;47 ;;Набивальник малюнків манерами ;
7346 ;14781 ;47 ;;Набивальник малюнків ;
8269 ;14769 ;47 ;;Набивальник наконечників на шнур ;
8290 ;14771 ;;45 ;Набивальник трубчастих електронагрівачів ;
8151;;;;Набирач запалювальної суміші (спеціальні хімічні виробництва);
7321 ;14801 ;44 ;;Набирач килимків з мозаїчної плитки ;
7422 ;14809 ;;57 ;Набирач личкувальних матеріалів для меблів;
8124 ;14810 ;;40 ;Набирач пакетів листів та труб ;
8124 ;18218 ;;41 ;Набирач пакетів ;
8143 ;14788 ;;17 ;Набирач паперових валів ;
7111 ;14811 ;;5 ;Набирач проб у шахті ;
8121 ;14822 ;;40 ;Набирач стопорів ;
8232 ;14824 ;27 ;;Набирач текстолітових ободів ;
8151 ;14837 ;38 ;;Наважувач-готувач азбестових сумішей ;
9311 ;14829 ;;5 ;Наваловідбійник ;
8111 ;14833 ;;11 ;Навальник солі в басейнах ;
6141 ;- ;;3 ;Навальник-штабелювальник деревини ;
7332 ;14843 ;65 ;;Навивальник картону ;
8283 ;14845 ;20 ;;Навивальник магнітопроводів ;
8231 ;14847 ;33 ;;Навивальник металокордного полотна ;
9322 ;14841 ;47 ;;Навивальник основ ;
9322 ;14849 ;;50 ;Навивальник пружин ;
8290 ;14850 ;;44 ;Навійник основи з дроту ;
9322 ;14835 ;33 ;;Навішувач заготовок ;
9322 ;14839 ;44 ;;Навішувач скла ;
2446.2 ;- ;- ;;Наглядач в громадському центрі ;
8163 ;14858 ;- ;;Наглядач гідротехнічних споруд ;
2446.2 ;- ;- ;;Наглядач за умовно засудженими ;
7221 ;14854 ;;42 ;Нагрівальник (зварник) металу ;
8124 ;14856 ;;41 ;Нагрівальник кольорових металів ;
8122 ;14852 ;;40 ;Нагрівальник металу (прокатне виробництво) ;
8124 ;14852 ;;40 ;Нагрівальник металу (трубне виробництво) ;
8211 ;14862 ;;42 ;Наждачник ;
6129 ;14860 ;;2 ;Наїзник ;
8269 ;14870 ;47 ;;Накатник виробів ;
8143 ;14872 ;;17 ;Накатник клеїльно-сушильної машини ;
7346 ;14885 ;47 ;;Накатник малюнків ;
8143 ;- ;;17 ;Накатник машини для покриття паперу плівкою та розчином ;
8143 ;14868 ;;17 ;Накатник папероробної (картоноробної) машини ;
9322 ;14879 ;;42 ;Накатник полірувальних кругів ;
8143 ;;;17 ;Накатник преспата ;
8211 ;14883 ;20 ;;Накатник різьби цоколів ;
8264 ;14887 ;47 ;;Накатник тканини, полотна ;
8231 ;14866 ;33 ;;Накатник ;
8232 ;14875 ;;45 ;Накатник-обкатник ;
8251 ;14889 ;59 ;;Накладальник на друкарських машинах ;
9322 ;14891 ;65 ;;Наклеювач вставок для ювелірних та художніх виробів ;
8283 ;14893 ;20 ;;Наклеювач заготовок ;
9322 ;14895 ;;16 ;Наклеювач орнаменту на багет ;
8261 ;14864 ;47 ;;Наколювальник рослинної повсті ;
8232 ;17302 ;29 ;;Накочувальник напилених виробів ;
7233 ;14897 ;;40 ;Налагоджувальник автоматизованих вагон-вагів ;
7223 ;14899 ;;42 ;Налагоджувальник автоматичних ліній і агрегатних верстатів ;
7223 ;14905 ;;45 ;Налагоджувальник автоматів елементного виробництва ;
7223 ;14903 ;20 ;;Налагоджувальник автоматів зварювання виводів ;
7223 ;14901 ;;42 ;Налагоджувальник автоматів і напівавтоматів ;
7223 ;;;35 ;Налагоджувальник волокнистоцементного устаткування;
7233 ;14993 ;;64 ;Налагоджувальник будівельних машин ;
7223 ;14989 ;;42 ;Налагоджувальник верстатів і маніпуляторів з програмним керуванням ;
7311 ;14910 ;;74 ;Налагоджувальник геофізичної апаратури ;
7223 ;14972 ;;5 ;Налагоджувальник грудкувальних машин ;
7423 ;14912 ;;16 ;Налагоджувальник деревообробного устаткування ;
7223 ;14985 ;;42 ;Налагоджувальник зварювального й газоплазморізального устаткування ;
7223 ;14914 ;;42 ;Налагоджувальник зуборізних і різьбофрезерних верстатів ;
7223 ;14915 ;;50 ;Налагоджувальник зубофрезерних автоматів та напівавтоматів ;
7223 ;14921 ;;42 ;Налагоджувальник ковальсько-пресового устаткування ;
7223 ;14979 ;;66 ;Налагоджувальник колійних машин та механізмів ;
7223 ;14917 ;;66 ;Налагоджувальник контрольно-вимірювальних вагонів ;
7242 ;14919 ;;42 ;Налагоджувальник контрольно-вимірювальних приладів та автоматики ;
7223 ;14923 ;;42 ;Налагоджувальник ливарних машин ;
8232 ;14925 ;27 ;;Налагоджувальник машин і автоматичних ліній для виробництва виробів із пластмас ;
7223 ;14926 ;;50 ;Налагоджувальник мийних машин ;
7223 ;14975 ;;45 ;Налагоджувальник напівавтоматичних установок акумуляторного виробництва ;
7223 ;14932 ;;50 ;Налагоджувальник настільних верстатів та пресів ;
7223 ;14974 ;59 ;;Налагоджувальник поліграфічного устаткування ;
7241 ;14977 ;;64 ;Налагоджувальник приладів, апаратури та систем автоматичного контролю, регулювання та керування (налагоджувальник КВП та автоматики) ;
7242 ;14997 ;;45 ;Налагоджувальник прискорювачів заряджених частинок ;
7223 ;14981 ;;52 ;Налагоджувальник ремізо-бердного устаткування ;
7231 ;14986 ;;42 ;Налагоджувальник сільськогосподарських машин та тракторів ;
7223 ;14983 ;;50 ;Налагоджувальник складальних автоматів, напівавтоматів та автоматичних ліній ;
7223 ;14991 ;44 ;;Налагоджувальник склоробних автоматів і напівавтоматів ;
7223 ;14987 ;;42 ;Налагоджувальник сортувальних автоматів ;
7241;;;;Налагоджувальник спеціального електроустаткування (спеціальні хімічні виробництва);
7239;;;;Налагоджувальник спеціального устаткування (спеціальні хімічні виробництва);
7223 ;14995 ;;12 ;Налагоджувальник технологічного устаткування (оброблення бавовни й луб'яних культур) ;
8152 ;14999 ;;38 ;Налагоджувальник установок для синтезу алмазів та надтвердих матеріалів ;
7223 ;14954 ;;53 ;Налагоджувальник устаткування бляшано-банкового виробництва ;
7223 ;14934 ;;17 ;Налагоджувальник устаткування в паперовому виробництві ;
7223 ;14958 ;;51 ;Налагоджувальник устаткування голкового виробництва ;
8231 ;14970 ;33 ;;Налагоджувальник устаткування для виробництва гумових виробів та взуття ;
7223 ;14968 ;;35 ;Налагоджувальник устаткування для оброблення каменю ;
7223 ;14952 ;;35 ;Налагоджувальник устаткування залізобетонного виробництва ;
7223 ;14956 ;;42 ;Налагоджувальник устаткування й агрегатів у термообробленні ;
7223 ;14960 ;45 ;;Налагоджувальник устаткування керамічного виробництва ;
8154 ;14962 ;26 ;;Налагоджувальник устаткування лакофарбових покриттів ;
7223 ;14964 ;;42 ;Налагоджувальник устаткування металевого покриття та фарбування ;
7223 ;14966 ;;49 ;Налагоджувальник устаткування оптичного виробництва ;
7223 ;14938 ;24 ;;Налагоджувальник устаткування у виробництві аерозольних пакувань ;
7223 ;14936 ;38 ;;Налагоджувальник устаткування у виробництві азбестових технічних виробів ;
7313 ;14940 ;;41 ;Налагоджувальник устаткування у виробництві дорогоцінних металів ;
7223 ;14942 ;;44 ;Налагоджувальник устаткування у виробництві металевих канатів, сіток, пружин, щіток та ланцюгів ;
8232 ;14946 ;29 ;;Налагоджувальник устаткування у виробництві скловолокна та склопластиків ;
7223 ;14948 ;;35 ;Налагоджувальник устаткування у виробництві стінових та в'яжучих матеріалів ;
7223 ;14950 ;;36 ;Налагоджувальник устаткування у виробництві теплоізоляційних матеріалів ;
7223 ;14944 ;;7 ;Налагоджувальник устаткування у виробництві харчової продукції ;
7223 ;15000 ;;42 ;Налагоджувальник формувальних і стрижньових машин ;
7223 ;15002 ;;42 ;Налагоджувальник холодноштампувального устаткування ;
7223 ;15004 ;;42 ;Налагоджувальник шліфувальних верстатів ;
7223 ;14928 ;20 ;;Налагоджувальник-монтажник випробувального устаткування ;
7242 ;;20 ;;Налагоджувальник технологічного устаткування (електронна техніка) ;
8152 ;15006 ;;45 ;Намазувальник акумуляторних пластин ;
8231 ;15008 ;33 ;;Намазувальник деталей ;
8152 ;15015 ;;45 ;Намазувальник електропровідного шару ;
8152 ;15010 ;;45 ;Намазувальник пасти ;
9322 ;15013 ;44 ;;Намазувальник целулоїду ;
7215 ;15034 ;;44 ;Намотувальник дроту та тросів ;
8282 ;15058 ;;45 ;Намотувальник електроізоляційних виробів ;
9321 ;15060 ;;45 ;Намотувальник електромагнітних осердь ;
9322 ;15019 ;47 ;;Намотувальник іглиць ;
8253 ;15021 ;45 ;;Намотувальник ізоляційних остовів уводів ;
8282 ;15025 ;;45 ;Намотувальник котушок для електроприладів та апаратів ;
8282 ;15027 ;;45 ;Намотувальник котушок та секцій електромашин ;
8282 ;15029 ;;45 ;Намотувальник котушок трансформаторів ;
7242 ;15023 ;;47 ;Намотувальник котушок ;
8159 ;15031 ;24 ;;Намотувальник матеріалів і напівфабрикатів ;
8261 ;15036 ;47 ;;Намотувальник пряжі ;
9321 ;15038 ;20 ;;Намотувальник резисторів ;
8229 ;15043 ;43 ;;Намотувальник рулонів ;
9321 ;15045 ;20 ;;Намотувальник секцій конденсаторів ;
8282 ;15047 ;;45 ;Намотувальник секцій силових конденсаторів ;
8131 ;15051 ;44 ;;Намотувальник сіток ;
8283 ;15053 ;20 ;;Намотувальник спіралей та сіток ;
9322 ;15055 ;47 ;;Намотувальник утоку ;
7431 ;15056 ;47 ;;Намотувальник фільтрів ;
8123 ;15062 ;;42 ;Напаювальник ;
8223 ;15064 ;;42 ;Наплавник пластмаси ;
8221 ;15066 ;;25 ;Наповнювач ампул ;
8163 ;15068 ;;1 ;Наповнювач балонів ;
8152 ;15070 ;;38 ;Наповнювач контейнерів ;
7311 ;15072 ;44 ;;Наповнювач приладів газами ;
7311 ;15073 ;44 ;;Наповнювач приладів рідинами ;
9322 ;15075 ;65 ;;Нарізувач виробів із кістки та рогу ;
1110 ;- ;- ;;Народний депутат Автономної Республіки Крим ;
1110 ;- ;- ;;Народний депутат України ;
4133 ;23658 ;- ;;Нарядник багажного відділення ;
4133 ;23661 ;;66 ;Нарядник локомотивних (поїзних) бригад ;
4121 ;23654 ;;1 ;Нарядник ;
8261 ;15077 ;47 ;;Насаджувач бобін ;
8261 ;15079 ;47 ;;Насаджувач валів ;
8269 ;15084 ;47 ;;Насаджувач взуття ;
7233 ;15080 ;;17 ;Насаджувач дефібрерних каменів ;
8139 ;15082 ;;40 ;Насаджувач манжет ;
8212 ;15113 ;;35 ;Насипальник цементу ;
8229;;;;Насипальник-вагар (спеціальні хімічні виробництва);
8253 ;15086 ;47 ;;Насікальник карт ;
7233 ;15088 ;;7 ;Насікальник мелючих каменів ;
8211 ;15090 ;;42 ;Насікальник терпугів, рашпілів та пилок ;
3143 ;23664 ;- ;;Наставник-пілот авіаційного (льотного) загону ;
8261 ;15092 ;47 ;;Настелювач (виробництво текстилю) ;
8261 ;15092 ;;13 ;Настелювач (швацьке виробництво) ;
9322 ;15094 ;48 ;;Настелювач матеріалів ;
8131 ;15096 ;44 ;;Настелювач скла ;
8159 ;15097 ;28 ;;Настелювач фільтр-полотен ;
7312 ;15101 ;;60 ;Настроювач музичних іграшок ;
7312;;;;Настроювач (настроювач-регулювальник) музичних інструментів (піаніно, роялів, духових, смичкових, щипкових, язичкових та ін.);
7311 ;15105 ;20 ;;Настроювач напівпровідникових приладів ;
7311 ;15106 ;20 ;;Настроювач п'єзорезонаторів ;
9131 ;16831 ;;1 ;Натирач підлоги ;
5210 ;;;;Натурник ;
3241 ;- ;- ;;Натуропат ;
8139 ;15115 ;;37 ;Натягач сіток ;
1229.1 ;;;;Науковий консультант Президента України ;
2213.1 ;- ;- ;;Науковий співробітник (агрономія, зоотехнія, лісівництво, природно-заповідна справа) ;
2442.1 ;23667 ;- ;;Науковий співробітник (археографія, археологія, географія, кримінологія, палеографія, соціологія) ;
2431.1 ;23667 ;;81 ;Науковий співробітник (архівна справа, музеєзнавство) ;
2141.1 ;23667 ;- ;;Науковий співробітник (архітектура, планування міст) ;
2411.1 ;23667 ;- ;;Науковий співробітник (аудит, бухгалтерський облік) ;
2432.1 ;23667 ;- ;;Науковий співробітник (бібліотечна справа, науково-технічна інформація) ;
2211.1 ;23667 ;- ;;Науковий співробітник (біологія) ;
2413.1 ;;;;Науковий співробітник (біржові операції) ;
2142.1;;;;Науковий співробітник (будівництво);
2359.1 ;23667 ;- ;;Науковий співробітник (в інших галузях навчання) ;
2359.1 ;- ;;5* ;Науковий співробітник (валеологія) ;
2223.1 ;23667 ;- ;;Науковий співробітник (ветеринарна медицина) ;
2149.1 ;23667 ;- ;;Науковий співробітник (галузь інженерної справи) ;
2221.1 ;23667 ;- ;;Науковий співробітник (галузь лікувальної справи, крім стоматології) ;
2229.1 ;23667 ;- ;;Науковий співробітник (галузь медицини, крім сестринської справи та акушерства) ;
2139.1 ;23667 ;- ;;Науковий співробітник (галузь обчислень) ;
2114.1;23667;;;Науковий співробітник (геологія, геофізика, гідрологія, геоінформатика);
2147.1 ;23667 ;- ;;Науковий співробітник (гірництво, металургія) ;
2441.1 ;23667 ;- ;;Науковий співробітник (економіка) ;
2144.1 ;;;;Науковий співробітник (електроніка, електронні комунікації);
2143.1 ;23667 ;- ;;Науковий співробітник (електротехніка) ;
2145.1 ;23667 ;- ;;Науковий співробітник (інженерна механіка) ;
2419.1 ;;;;Науковий співробітник (інтелектуальна власність) ;
2433.1 ;;;;Науковий співробітник (інформаційна аналітика) ;
2148.1 ;23667 ;- ;;Науковий співробітник (картографія, топографія) ;
2419.1 ;23667 ;;;Науковий співробітник (маркетинг, ефективність господарської діяльності, раціоналізація виробництва) ;
2121.1 ;23667 ;- ;;Науковий співробітник (математика) ;
2111.1 ;;;;Науковий співробітник (медична фізика) ;
2112.1 ;23667 ;- ;;Науковий співробітник (метеорологія) ;
2351.1 ;23667 ;- ;;Науковий співробітник (методи навчання) ;
2131.1 ;23667 ;- ;;Науковий співробітник (обчислювальні системи) ;
2212.1 ;23667 ;;;Науковий співробітник (патологія, токсикологія, фармакологія, фізіологія, епідеміологія) ;
2421.1 ;23667 ;- ;;Науковий співробітник (правознавство) ;
2412.1 ;23667 ;- ;;Науковий співробітник (праця та зайнятість) ;
2132.1 ;23667 ;- ;;Науковий співробітник (програмування) ;
2447.1 ;;;5* ;Науковий співробітник (проекти та програми у сфері матеріального та нематеріального виробництва) ;
2445.1 ;23667 ;- ;;Науковий співробітник (психологія) ;
2483.1 ;;;;Науковий співробітник (рекреалогія) ;
2230.1 ;23667 ;- ;;Науковий співробітник (сестринська справа, акушерство) ;
2446.1 ;23667 ;- ;;Науковий співробітник (соціальний захист населення) ;
2122.1 ;23667 ;- ;;Науковий співробітник (статистика) ;
2222.1 ;23667 ;- ;;Науковий співробітник (стоматологія) ;
2149.1 ;;;;Науковий співробітник (транспорт) ;
2481.1 ;;;;Науковий співробітник (туризмологія, екскурсознавство) ;
2224.1 ;23667 ;- ;;Науковий співробітник (фармація) ;
2111.1 ;23667 ;- ;;Науковий співробітник (фізика, астрономія) ;
2444.1 ;23667 ;- ;;Науковий співробітник (філологія, лінгвістика та переклади) ;
2443.1 ;23667 ;- ;;Науковий співробітник (філософія, історія, політологія) ;
2414.1 ;;;;Науковий співробітник (фінансово-економічна безпека підприємств, установ та організацій) ;
2146.1 ;23667 ;- ;;Науковий співробітник (хімічні технології) ;
2113.1 ;23667 ;- ;;Науковий співробітник (хімія) ;
2213.1 ;;;;Науковий співробітник-консультант (агрономія, зоотехнія, лісівництво, природно-заповідна справа) ;
2442.1 ;;;;Науковий співробітник-консультант (археографія, археологія, географія, кримінологія, палеографія, соціологія) ;
2431.1 ;;;;Науковий співробітник-консультант (архівна справа, музеєзнавство) ;
2141.1 ;;;;Науковий співробітник-консультант (архітектура, планування міст) ;
2411.1 ;;;;Науковий співробітник-консультант (аудит, бухгалтерський облік) ;
2432.1 ;;;;Науковий співробітник-консультант (бібліотечна справа, науково-технічна інформація) ;
2211.1 ;;;;Науковий співробітник-консультант (біологія) ;
2413.1 ;;;;Науковий співробітник-консультант (біржові операції) ;
2142.1;;;;Науковий співробітник-консультант (будівництво);
2359.1 ;;;;Науковий співробітник-консультант (в інших галузях навчання) ;
2359.1 ;;;;Науковий співробітник-консультант (валеологія) ;
2223.1 ;;;;Науковий співробітник-консультант (ветеринарна медицина) ;
2149.1 ;;;;Науковий співробітник-консультант (галузь інженерної справи) ;
2221.1 ;;;;Науковий співробітник-консультант (галузь лікувальної справи, крім стоматології) ;
2229.1 ;;;;Науковий співробітник-консультант (галузь медицини, крім сестринської справи та акушерства) ;
2139.1 ;;;;Науковий співробітник-консультант (галузь обчислень) ;
2114.1;;;;Науковий співробітник-консультант (геологія, геофізика, гідрологія, геоінформатика);
2147.1 ;;;;Науковий співробітник-консультант (гірництво, металургія) ;
2441.1 ;;;;Науковий співробітник-консультант (економіка) ;
2144.1 ;;;;Науковий співробітникконсультант (електроніка, електронні комунікації);
2143.1 ;;;;Науковий співробітник-консультант (електротехніка) ;
2145.1 ;;;;Науковий співробітник-консультант (інженерна механіка) ;
2419.1 ;;;;Науковий співробітник-консультант (інтелектуальна власність) ;
2433.1 ;;;;Науковий співробітник-консультант (інформаційна аналітика) ;
2148.1 ;;;;Науковий співробітник-консультант (картографія, топографія) ;
2419.1 ;;;;Науковий співробітник-консультант (маркетинг, ефективність господарської діяльності, раціоналізація виробництва) ;
2121.1 ;;;;Науковий співробітник-консультант (математика) ;
2111.1 ;;;;Науковий співробітник-консультант (медична фізика) ;
2112.1 ;;;;Науковий співробітник-консультант (метеорологія) ;
2351.1 ;;;;Науковий співробітник-консультант (методи навчання) ;
2131.1 ;;;;Науковий співробітник-консультант (обчислювальні системи) ;
2212.1 ;;;;Науковий співробітник-консультант (патологія, токсикологія, фармакологія, фізіологія, епідеміологія) ;
2421.1 ;;;;Науковий співробітник-консультант (правознавство) ;
2412.1 ;;;;Науковий співробітник-консультант (праця та зайнятість) ;
2132.1 ;;;;Науковий співробітник-консультант (програмування) ;
2447.1 ;;;;Науковий співробітник-консультант (проекти та програми у сфері матеріального та нематеріального виробництва) ;
2445.1 ;;;;Науковий співробітник-консультант (психологія) ;
2483.1 ;;;;Науковий співробітник-консультант (рекреалогія) ;
2230.1 ;;;;Науковий співробітник-консультант (сестринська справа, акушерство) ;
2446.1 ;;;;Науковий співробітник-консультант (соціальний захист населення) ;
2122.1 ;;;;Науковий співробітник-консультант (статистика) ;
2222.1 ;;;;Науковий співробітник-консультант (стоматологія) ;
2149.1 ;;;;Науковий співробітник-консультант (транспорт) ;
2481.1 ;;;;Науковий співробітник-консультант (туризмологія, екскурсознавство) ;
2224.1 ;;;;Науковий співробітник-консультант (фармація) ;
2111.1 ;;;;Науковий співробітник-консультант (фізика, астрономія) ;
2444.1 ;;;;Науковий співробітник-консультант (філологія, лінгвістика та переклади) ;
2443.1 ;;;;Науковий співробітник-консультант (філософія, історія, політологія) ;
2414.1 ;;;;Науковий співробітник-консультант (фінансово-економічна безпека підприємств, установ та організацій) ;
2146.1 ;;;;Науковий співробітник-консультант (хімічні технології) ;
2113.1 ;;;;Науковий співробітник-консультант (хімія) ;
1221.2 ;;;;Начальник (директор, завідувач та ін.) лікарні (клініки) ветеринарної медицини ;
1222.2 ;23973 ;- ;;Начальник (завідувач) виробничої лабораторії ;
1229.7 ;;;;Начальник (завідувач) кабінету (лінгафонного, проектного та ін.);
1221.2 ;;;;Начальник (завідувач) лабораторії моніторингу вод та ґрунтів (водне господарство) ;
1210.1 ;- ;;78 ;Начальник (завідувач) лікувально-профілактичного закладу ;
1226.2 ;24099 ;- ;;Начальник (завідувач) навчального полігону ;
1229.1 ;23932 ;;80 ;Начальник (завідувач) підрозділу ;
1237.2 ;24030 ;- ;;Начальник (завідувач) сектору (науково-дослідного, конструкторського та ін.) ;
1229.6 ;- ;;85 ;Начальник (завідувач) тренажерного комплексу (залу) ;
1222.2 ;24114 ;;87 ;Начальник (завідувач) хімічної лабораторії ;
1229.5 ;;;78 ;Начальник (завідувач, керівник) структурного підрозділу закладу охорони здоров’я;
1229.7;;;;Начальник (інший керівник), відділу (сектору, управління) з питань із захисту об’єктів критичної інфраструктури;
1229.7 ;;;;Начальник (інший керівник) служби;
1225 ;;;;Начальник (керуючий) їдальні ;
1222.2 ;;;63 ;Начальник аварійно-диспетчерської служби ;
1222.2 ;;;21 ;Начальник автомобільної газонаповнювальної станції ;
1210.1 ;23673 ;;67, 68 ;Начальник агентства (повітряних сполучень, морського, рекламно-інформаційного, транспортно-експедиційного та ін.) ;
1226.2 ;- ;- ;;Начальник аеропорту (на правах підрозділу) ;
1226.2 ;23689 ;;6** ;Начальник бази (виробничого обслуговування, резерву, здавальної та ін.) ;
1229.6 ;23689 ;- ;;Начальник бази туристської ;
1222.2 ;23695 ;;16 ;Начальник біржі (лісової, пиломатеріалів) ;
1222.2 ;23697 ;- ;;Начальник бригади ;
1222.2 ;;;5 ;Начальник бюро (промисловість) ;
1231 ;;;;Начальник бюро (функціональний підрозділ) ;
1232 ;23702 ;;1 ;Начальник бюро організації праці та заробітної плати цеху ;
1237.2 ;23701 ;- ;;Начальник бюро ;
1226.2 ;23704 ;;66, 70 ;Начальник вагона (динамометричного, поштового, колієобстежувального та ін.) ;
1239 ;;;;Начальник варти (пенітенціарна система) ;
1239 ;23816 ;;68 ;Начальник варти воєнізованої охорони ;
1239 ;23816 ;- ;;Начальник варти окремого пожежного поста ;
1226.2 ;23707 ;- ;;Начальник вахти лоцманської ;
1226.2 ;23710 ;- ;;Начальник вахти шлюзу ;
1221.2 ;23794 ;;2 ;Начальник випробувальної станції ;
1222.2 ;;;;Начальник випробувальної станції ;
1225 ;23967 ;;65 ;Начальник виробництва (на підприємстві харчування) ;
1222.2 ;23970 ;;62 ;Начальник виробництва ремонтних та налагоджувальних робіт на атомних станціях ;
1222.2 ;23967 ;- ;;Начальник виробництва ;
1222.2 ;23969 ;;1** ;Начальник виробничого відділу ;
1222.2 ;23971 ;;1 ;Начальник виробничо-диспетчерського бюро цеху ;
1229.7 ;;;;Начальник відділення (пенітенціарна система) ;
1226.2 ;;;;Начальник відділення (сфера захисту інформації) ;
1222.2 ;23901 ;;62 ;Начальник відділення енергонагляду ;
1226.2 ;23901 ;;70 ;Начальник відділення зв'язку ;
1221.2 ;;;;Начальник відділення каналу (водне господарство) ;
1226.2 ;23901 ;- ;;Начальник відділення каналу ;
1222.2 ;23901 ;- ;;Начальник відділення льотних випробувань ;
1229.7 ;;;;Начальник відділення поліції;
1221.2 ;;;;Начальник відділення ;
1222.2 ;23901 ;;87 ;Начальник відділення ;
1239;;;;Начальник відділення Оперативно-рятувальної служби цивільного захисту;
1226.2 ;;;68 ;Начальник відділу (авіаційний транспорт) ;
1226.2 ;;;;Начальник відділу (гідрографічні та навігаційні роботи) ;
1234 ;23898 ;;82 ;Начальник відділу (з реклами, зв'язків з громадськістю) ;
1229.3 ;;;;Начальник відділу (місцеві органи державної влади, місцевого самоврядування);
1226.2 ;;;;Начальник відділу (на транспорті) ;
1229.7 ;;;;Начальник відділу (пенітенціарна система) ;
1229.2 ;23898 ;- ;;Начальник відділу (прокуратури) ;
1229.1 ;23898 ;;76 ;Начальник відділу (самостійного) ;
1229.1 ;23898 ;;76 ;Начальник відділу (у складі управління) ;
1229.7;;;;Начальник відділу (управління) Оперативно-рятувальної служби цивільного захисту;
1229.1 ;23898 ;;80, 76 ;Начальник відділу (центральні органи державної влади) ;
1236 ;23671 ;;1 ;Начальник відділу автоматизованої системи керування виробництвом (АСКВ) ;
1226.2 ;- ;;70 ;Начальник відділу електрозв'язку ;
1226.2 ;;;67 ;Начальник відділу з ліквідації розливів нафти та нафтопродуктів у морі ;
1233 ;24028 ;;1 ;Начальник відділу збуту (маркетингу) ;
1235 ;23712 ;;1** ;Начальник відділу зовнішньої кооперації ;
1232 ;23805 ;;67, 1 ;Начальник відділу кадрів ;
1231 ;23814 ;;64 ;Начальник відділу капітального будівництва (технічного переозброєння) ;
1235 ;23897 ;;1 ;Начальник відділу комплектації устаткування ;
1235 ;23875 ;;1 ;Начальник відділу матеріально-технічного постачання ;
1237.2 ;23885 ;;1 ;Начальник відділу механізації та автоматизації виробничих процесів ;
1237.2 ;23896 ;;1 ;Начальник відділу науково-технічної інформації ;
1226.2 ;;;68 ;Начальник відділу об'єктивного контролю ;
1226.2 ;;;;Начальник відділу організації безпеки дорожнього руху ;
1232 ;23899 ;;1 ;Начальник відділу організації праці та заробітної плати ;
1237.2 ;23908 ;;1 ;Начальник відділу охорони навколишнього середовища ;
1232 ;- ;;1 ;Начальник відділу охорони праці ;
1237.2 ;23924 ;;1 ;Начальник відділу патентної та винахідницької роботи ;
1232 ;23930 ;;1 ;Начальник відділу підготовки кадрів ;
1221.2 ;23933 ;;1 ;Начальник відділу підсобного сільського господарства ;
1226.2 ;- ;;70 ;Начальник відділу поштового зв'язку ;
1237.2 ;;;;Начальник відділу радіаційної безпеки ;
1232 ;24053 ;;1 ;Начальник відділу соціального розвитку ;
1237.2 ;24057 ;;1 ;Начальник відділу стандартизації ;
1222.2 ;24072 ;;1 ;Начальник відділу технічного контролю ;
1226.2 ;24075 ;;64, 5 ;Начальник відділу транспорту ;
1229.1 ;- ;- ;;Начальник відділу управління ;
1222.2 ;;;;Начальник відділу фізичного захисту (сфера використання ядерної енергії) ;
1221.2 ;;;2, 3 ;Начальник відділу ;
1223.2 ;23898 ;;64 ;Начальник відділу ;
1229.7 ;23898 ;;65** ;Начальник відділу ;
1235 ;;;;Начальник відділу ;
1226.2 ;23937 ;;66 ;Начальник відновного поїзда ;
1229.7 ;;;;Начальник військового представництва ;
1222.2 ;23716 ;;87 ;Начальник водоводу ;
1222.2 ;23722 ;;87 ;Начальник водосховища ;
1239 ;23907 ;;68 ;Начальник воєнізованої охорони ;
1226.2 ;23725 ;;67, 66 ;Начальник вокзалу ;
1210.1 ;;;;Начальник установи (табору) (пенітенціарна система);
1222.2 ;;;63 ;Начальник газонаповнювальної станції ;
1226.2 ;23728 ;;1 ;Начальник гаража ;
1221.2 ;;;;Начальник гідровузла (водне господарство) ;
1222.2 ;23734 ;- ;;Начальник гідровузла ;
1229.7 ;;;;Начальник головного військового представництва ;
1229.3 ;;;76 ;Начальник головного управління (місцеві органи державної влади) ;
1229.1 ;23738 ;;76 ;Начальник головного управління ;
1223.2 ;24116 ;- ;;Начальник господарства житлово-комунального ;
1222.2 ;24116 ;;21 ;Начальник господарства реагентного ;
1226.2 ;24116 ;- ;;Начальник господарства складського ;
1239 ;24117 ;;1 ;Начальник господарського відділу ;
1222.2 ;23747 ;;67** ;Начальник групи (картографічної, знижувальних підстанцій, суден, тематичної, територіальної та ін.) ;
1210.1 ;;;;Начальник державної воєнізованої гірничорятувальної служби ;
1229.7;;;62;Начальник Державної інспекції з експлуатації електричних станцій і мереж;
1229.1 ;23745 ;- ;;Начальник державної інспекції ;
1226.2 ;;;68 ;Начальник диспетчерських пунктів району аеродрому та зони зльоту і посадки ;
1222.2 ;23767 ;;70** ;Начальник диспетчерської (виробничо-диспетчерської) служби ;
1226.2 ;23768 ;;;Начальник дистанції ;
1229.6 ;23753 ;- ;;Начальник дитячого приймача-розподільника ;
1221.2 ;;;2 ;Начальник дільниці (водне господарство) ;
1221.2 ;;;3 ;Начальник дільниці (мисливської) ;
1226.2 ;;;;Начальник дільниці зберігання (сфера матеріального резерву) ;
1315 ;;;;Начальник дільниці ресторану (кафе, їдальні і т. ін.) ;
1222.2 ;24097 ;;1** ;Начальник дільниці ;
1223.2 ;24097 ;;64 ;Начальник дільниці ;
1226.2 ;24097 ;;66** ;Начальник дільниці ;
1226.2 ;23771 ;- ;;Начальник доку (докмейстер) ;
1226.2 ;23777 ;;3 ;Начальник дороги (лісовозної, підвісної канатної та ін.) ;
1210.1 ;23789 ;- ;;Начальник дослідної організації ;
1222.2 ;23780 ;;5 ;Начальник драги ;
1222.2 ;;;;Начальник друкарні ;
1222.2 ;24143 ;;74 ;Начальник експедиції (геологічної, геологорозвідувальної, дослідної, промислової, топографо-геодезичної та ін.) ;
1210.1 ;;;;Начальник експедиції гідрогеолого-меліоративної ;
1222.2 ;24149 ;;62 ;Начальник електропідстанції (групи електропідстанцій) ;
1222.2 ;24152 ;;87, 62 ;Начальник енергоінспекції ;
1222.2 ;24155 ;- ;;Начальник естакади реагентного господарства ;
1222.2 ;23904 ;;74 ;Начальник загону (бурового, гідрографічного, дослідного, експедиційно-рятувального та ін.) ;
1210.1 ;23784 ;;66 ;Начальник залізниці ;
1226.2;;;;Начальник залізнично-будівельної машини;
1222.2 ;23786 ;- ;;Начальник заплаву ;
1222.2 ;24043 ;;1** ;Начальник зміни (промисловість) ;
1226.2 ;24043 ;;70** ;Начальник зміни (транспорт, складське господарство, зв'язок) ;
1222.1 ;;;;Начальник зміни атомної електростанції ;
1222.1 ;;;;Начальник зміни енергоблока (черги) атомної електростанції ;
1222.2 ;;;;Начальник зміни з оперативного управління в транспортуванні газу ;
1236 ;24044 ;;1 ;Начальник зміни обчислювального (інформаційно-обчислювального) центру ;
1222.1 ;;;;Начальник зміни цеху атомної електростанції ;
1229.3 ;;;;Начальник інспекції ;
1229.7 ;23792 ;;62, 66 ;Начальник інспекції ;
1222.2 ;23793 ;;1 ;Начальник інструментального відділу ;
1226.2 ;23807 ;;67 ;Начальник камери (навігаційної, електрорадіонавігаційної та ін.) ;
1210.1 ;23810 ;- ;;Начальник каналу ;
1239 ;;;;Начальник караулу (зміни, поста) Оперативно-рятувальної служби цивільного захисту ;
1239 ;;;;Начальник караулу (зміни, поста) частини (сфера цивільного захисту) ;
1226.2 ;23823 ;;70, 67 ;Начальник каси (квиткової на вокзалі, головної, міської квиткової) ;
1229.6 ;23829 ;;85 ;Начальник клубу (аероклубу, службового собаківництва, спортивно-технічного, стрілецько-спортивного) ;
1226.2 ;23949 ;- ;;Начальник колійного поста ;
1226.2 ;23988 ;;66 ;Начальник колійної машини ;
1226.2 ;23835 ;;87 ;Начальник колони (автомобільної, механізованої) ;
1239 ;23838 ;;68  ;Начальник команди (охорони об'єктів, службового собаківництва та ін.) ;
1229.6 ;- ;;85 ;Начальник команди з виду спорту (збірної, клубної) ;
1239 ;23838 ;- ;;Начальник команди пожежної охорони ;
1233 ;23842 ;;65 ;Начальник комерційного відділу ;
1222.2 ;23844 ;;;Начальник комплексу (автоматизованого вантажного, апаратно-студійного, виробничого перевантажувального, технологічного, льотного забезпечення та ін.) ;
1222.2 ;;;21 ;Начальник компресорної станції ;
5162;;;;Начальник конвою;
1226.2 ;23847 ;;67, 66 ;Начальник контори (вантажної, транспортно-складської та ін.) ;
1231 ;23849 ;- ;;Начальник контрольно-ревізійного відділу ;
1222.2 ;23850 ;;87, 1 ;Начальник котельні ;
1210.1 ;21422 ;- ;;Начальник курсів підвищення кваліфікації ;
1237.2 ;23853 ;- ;;Начальник лабораторії (науково-дослідної, дослідної та ін.) ;
1222.2 ;23854 ;;64, 1 ;Начальник лабораторії з контролю виробництва ;
1223.2 ;23854 ;;;Начальник лабораторії з контролю виробництва ;
1222.2 ;23848 ;;87 ;Начальник лабораторії контрольно-вимірювальних приладів та засобів автоматики ;
1222.2 ;23882 ;;67 ;Начальник лабораторії метрології ;
1232 ;23887 ;;1 ;Начальник лабораторії наукової організації праці та управління виробництвом ;
1232 ;24054 ;;1 ;Начальник лабораторії соціології та психофізіології праці ;
1231 ;24068 ;;64, 1 ;Начальник лабораторії техніко-економічних досліджень ;
1229.3 ;;;;Начальник лікувально-профілактичного сектору - заступник завідувача ;
1222.2 ;23865 ;;3 ;Начальник лісопункту ;
1221.2 ;23862 ;;3 ;Начальник лісорозсадника ;
1226.2 ;23868 ;- ;;Начальник льодозаводу ;
1222.2 ;;;;Начальник льотно-випробувальнбї і доводочної бази ;
1226.2 ;23866 ;;;Начальник льотно-випробувального підрозділу (бази, комплексу, станції, центру) ;
1222.2 ;;;6 ;Начальник майданчика інструментально-ремонтного цеху бурового устаткування ;
1222.2 ;23928 ;;6 ;Начальник майданчика трубно-інструментального в капітальному ремонті свердловин ;
1226.2 ;23874 ;;66, 1 ;Начальник майстерні ;
1226.2 ;23871 ;- ;;Начальник маршруту міського транспорту ;
1226.2 ;23877 ;- ;;Начальник маяка ;
1210.1 ;23883 ;- ;;Начальник метрополітену ;
1222.2 ;23884 ;;2 ;Начальник механізованого зерносховища ;
1229.8;;;96;Начальник митниці;
1229.8;;;96;Начальник митного поста;
1229.4 ;23741 ;- ;;Начальник містечка (дитячого оздоровчого, навчального) ;
1222.2 ;23880 ;;11 ;Начальник млина ;
1226.2 ;;;;Начальник морського шляхового поста ;
1210.1 ;21581 ;;62 ;Начальник навчального (навчально-тренувального) центру ;
1229.4 ;21580 ;- ;;Начальник навчального пункту ;
1229.4 ;;;80 ;Начальник навчально-тренувального центру ;
1226.2 ;;;21;Начальник наливної естакади;
1222.2 ;23886 ;;;Начальник нафтогазорозвідки (партії) глибокого (структурно-пошукового) буріння ;
1221.1 ;;;3 ;Начальник нижнього складу ;
1232 ;23888 ;;1 ;Начальник нормативно-дослідної лабораторії (станції) з питань праці ;
1226.2 ;;;68 ;Начальник об'єктів радіотехнічного забезпечення та зв'язку ;
1210.1 ;- ;;1 ;Начальник обчислювального (інформаційно-обчислювального) центру ;
1239 ;;;;Начальник окремого поста пожежної охорони (пенітенціарна система) ;
1229.7;;;;Начальник окремого структурного підрозділу (поліція);
1229.7 ;;;;Начальник оперативного відділу (сфера цивільного захисту) ;
1222.2 ;;;21 ;Начальник опорного аварійно-відновного пункту ;
1239;;;;Начальник охорони (пожежної, сторожової та ін.);
1222.2 ;23910 ;;87 ;Начальник очисних споруд ;
1226.2 ;- ;;21 ;Начальник парку (понтонного, резервуарного та ін.) ;
1210.1 ;23919 ;- ;;Начальник пароплавства ;
1229.7 ;;;74, 67 ;Начальник партії (геодезичної, геологічної, промислової, топографічної та ін.) ;
1221.2 ;;;;Начальник партії лісовпорядної ;
1226.2 ;;;67 ;Начальник перевантажувального комплексу ;
1229.1 ;- ;;76 ;Начальник підвідділу (у складі самостійного відділу) ;
1229.1 ;23931 ;- ;;Начальник підвідділу ;
1229.7 ;;;;Начальник підрозділу постійної готовності до аварійно-рятувальних дій ;
1222.2 ;23934 ;- ;;Начальник підсобних виробництв на шахтовій поверхні ;
1231 ;23926 ;;1 ;Начальник планово-економічного бюро цеху ;
1231 ;23927 ;;1 ;Начальник планово-економічного відділу ;
1226.2 ;;;;Начальник пожежного катера (рятувального);
1239 ;;;;Начальник пожежної охорони (команди) (пенітенціарна система) ;
1222.2 ;23939 ;- ;;Начальник позиції (стартової, технічної) ;
1226.2 ;23937 ;;66 ;Начальник поїзда (пасажирського, рефрижераторного, комбінованого транспорту і т. ін.) ;
1226.2 ;23941 ;- ;;Начальник полігону (швидкісного) ;
1239 ;;;;Начальник полігону ;
1226.2 ;23946 ;;67 ;Начальник портового нагляду ;
1226.1 ;- ;;67 ;Начальник порту (морського, річкового, рибного та ін.) ;
1226.2 ;24046 ;- ;;Начальник постачання ;
1226.2 ;23952 ;- ;;Начальник поштамту ;
1229.7 ;23958 ;- ;;Начальник прес-центру ;
1226.2 ;23961 ;- ;;Начальник пристані ;
1226.2 ;23964 ;;67 ;Начальник причалу ;
1222.2 ;23965 ;- ;;Начальник проектно-конструкторського відділу ;
1221.2 ;;;2 ;Начальник проектно-кошторисного бюро (групи) ;
1237.2 ;23966 ;;64, 2 ;Начальник проектно-кошторисного бюро (групи) ;
1226.2 ;23925 ;- ;;Начальник промірної партії ;
1223.2 ;23979 ;;64 ;Начальник проходки шахти ;
1226.2 ;23982 ;;67** ;Начальник пункту (заготівельного, навантажувально-розвантажувального, портового, рибоприймального, суднового, навчально-тренувального та ін.) ;
1223.2 ;23985 ;- ;;Начальник пускових робіт ;
1226.2 ;23994 ;;67 ;Начальник радіостанції ;
1226.2 ;23997 ;- ;;Начальник радіотелевізійної передавальної станції ;
1226.2 ;24009 ;;66** ;Начальник району (вантажного) ;
1222.2 ;24009 ;;66** ;Начальник району (нафтоналивного, мережевого та ін.) ;
1237.2 ;24011 ;- ;;Начальник реактора (прискорювача, ядерно-фізичної установки) ;
1222.1 ;;;;Начальник реакторного цеху ;
1229.7 ;;;;Начальник режимно-секретного органу ;
1226.2 ;24018 ;;66 ;Начальник резерву локомотивних бригад ;
1226.2 ;24021 ;;66 ;Начальник резерву провідників пасажирських вагонів ;
1222.2 ;24022 ;;1 ;Начальник ремонтного цеху ;
1222.2 ;24000 ;- ;;Начальник розвідки (нафтогазової, промислової) ;
1226.2 ;24006 ;;66 ;Начальник роз'їзду (зупинкового пункту) ;
1221.2 ;;;;Начальник сектору ;
1229.7 ;24030 ;;66, 5 ;Начальник сектору ;
1226.2 ;24034 ;;67 ;Начальник складу (вантажного) ;
1235 ;24034 ;;;Начальник складу (паливно-мастильних матеріалів, матеріально-технічного та ін.) ;
1221.2 ;24037 ;;2 ;Начальник скотопрогінного тракту ;
1229.7 ;24128 ;- ;;Начальник слідчої частини ;
1232;;;;Начальник служби;
1229.8;;;96;Начальник служби - головний бухгалтер (митні органи);
1229.8;;;96;Начальник служби (митні органи);
1222.2 ;24040 ;;5** ;Начальник служби (промисловість) ;
1239 ;;;;Начальник служби (сфера цивільного захисту) ;
1226.2 ;24040 ;;66** ;Начальник служби (транспорт) ;
1222.1 ;;;;Начальник служби атомної електростанції ;
1222.2 ;;;;Начальник служби фізичного захисту (сфера використання ядерної енергії) ;
1229.3 ;- ;;76 ;Начальник служби ;
1226.2 ;24052 ;- ;;Начальник сортувальної гірки (автоматизованої, механізованої) ;
1229.8;;;96;Начальник спеціалізованої митної установи;
1222.2 ;24056 ;- ;;Начальник сплавного рейду ;
1226.2 ;;;66;Начальник станції залізничної;
1221.2 ;;;21 ;Начальник станції компресорної ;
1237.2 ;- ;;75 ;Начальник станції метеорологічної ;
1226.2 ;24061 ;- ;;Начальник станції метрополітену ;
1221.2 ;;;87, 2 ;Начальник станції насосної ;
1221.2 ;;;3 ;Начальник станції пожежної (природоохоронної, лісової) ;
1222.2 ;24064 ;;6 ;Начальник стаціонарної платформи (у розвідувальному та експлуатаційному бурінні) ;
1222.2;;;;Начальник стенду;
5162;;;;Начальник стрільбища (тиру, полігону);
1226.2 ;;;;Начальник структурного підрозділу (відокремленого) ;
1229.7 ;;;;Начальник структурного підрозділу режимно-секретного органу ;
1222.2 ;24065 ;- ;;Начальник сушильно-очисної башти ;
1229.4 ;23856 ;- ;;Начальник табору оборонно-спортивного ;
1229.6 ;23856 ;- ;;Начальник табору туристського ;
1237.2 ;24071 ;;1** ;Начальник технічного відділу ;
1237.2 ;24077 ;;1 ;Начальник технологічного бюро цеху ;
1222.2 ;24073 ;- ;;Начальник тоні ;
1226.2;;;66;Начальник тягової підстанції;
1226.2 ;;;68 ;Начальник Украероцентру ;
1229.3 ;;;;Начальник уповноваженого органу з питань пробації;
1229.1 ;;;;Начальник управління (самостійного) ;
1229.3 ;;;76 ;Начальник управління (у складі головного управління) ;
1229.2 ;;;;Начальник управління Апеляційного суду України ;
1210.1 ;;;64 ;Начальник управління ;
1222.1 ;;;;Начальник управління ;
1229.1 ;- ;;76 ;Начальник управління ;
1229.3 ;- ;;80, 76 ;Начальник управління ;
1231 ;;;;Начальник управління ;
1235 ;24091 ;;;Начальник управління ;
1222.2 ;24094 ;;6** ;Начальник установки (бурової, газобензинової, кисневої, збагачувальної, регенераційної та ін.) ;
1226.2 ;;;;Начальник установки сміттєспалювальної пересувної ;
1210.1 ;24100 ;- ;;Начальник училища ;
1231 ;24108 ;;1 ;Начальник фінансового відділу ;
1226.2 ;24109 ;;67 ;Начальник флоту (портового) ;
1231 ;24120 ;- ;;Начальник централізованої бухгалтерії ;
1237.2 ;24124 ;;1 ;Начальник центральної заводської лабораторії ;
1236 ;21345 ;;67 ;Начальник центру (обчислювального, інформаційно-обчислювального) ;
1226.2 ;- ;;70** ;Начальник центру (підцентру) (головного авіаметеорологічного, радіо-, управління повітряним рухом, навчально-авіаційного, електрозв'язку, рятувально-координаційного, рятувального та ін.);
1229.7 ;;;;Начальник центру (психологічного забезпечення, соціально-трудової реабілітації дорослих, з надання соціальних послуг тощо) ;
1229.3;;;;Начальник центру (філії) (регіонального, територіального та ін.);
1226.2 ;;;68 ;Начальник центру комутації повідомлень ;
1226.2 ;;;68 ;Начальник центру управління повітряним рухом ;
1229.6 ;;;82 ;Начальник цеху (виробництво аудіовізуальних творів) ;
1226.2 ;- ;;70 ;Начальник цеху (дільниці) електрозв'язку ;
1237.2 ;24126 ;;21, 1 ;Начальник цеху дослідного виробництва ;
1222.2 ;;;;Начальник цеху радіаційної безпеки ;
1221.2 ;;;82 ;Начальник цеху ;
1222.2 ;24125 ;;1** ;Начальник цеху ;
1210.1 ;24128 ;;;Начальник частини (воєнізованої, газо- та гірничорятувальної, льотної, пожежної) ;
1229.7 ;;;;Начальник чергової частини ;
1210.1 ;24134 ;- ;;Начальник школи (вищої льотної підготовки, морехідної, начальницького складу, технічної) ;
1226.2 ;24137 ;- ;;Начальник шлюзу ;
1210.1 ;;;;Начальник штабу (головного штабу) оперативно-рятувальної служби цивільного захисту ;
1226.2 ;24140 ;;68 ;Начальник штабу льотного загону ;
1226.2 ;24140 ;- ;;Начальник штабу об'єднаного авіазагону ;
1210.1 ;;;;Начальник штабу пожежогасіння ;
1229.7 ;;;;Начальник штабу полку (батальйону) (поліція);
1231 ;24157 ;;1 ;Начальник юридичного відділу ;
8229 ;15119 ;35 ;;Нейтралізаторник хромової стружки ;
8152 ;15121 ;;1 ;Нейтралізаторник ціанистих розчинів ;
8154 ;15117 ;30 ;;Нейтралізаторник ;
8231 ;15124 ;33 ;;Нормалізаторник ;
2412.2 ;24167 ;- ;;Нормувальник гірничий кар'єру, рудника, шахти ;
2412.2 ;24170 ;;5 ;Нормувальник гірничий на підземних роботах ;
2412.2 ;24164 ;;5 ;Нормувальник гірничий ;
9151 ;15126 ;;1 ;Носій ;
2429 ;24176 ;- ;;Нотаріус державний ;
2429 ;24173 ;- ;;Нотаріус ;
7343 ;15129 ;59 ;;Нотогравер ;
7343 ;15131 ;59 ;;Нотографік ;
9322 ;15133 ;59 ;;Нумерувальник ;
3223;;;;Нутриціолог;
5131 ;15135 ;;1 ;Нянька ;
7437 ;15252 ;;57 ;Оббивальник меблів ;
7437 ;15250 ;;1 ;Оббивальник ;
7111 ;15254 ;;5 ;Оббирач гірничих виробок ;
7411 ;15141 ;;8 ;Обвалювальник м'яса ;
7411 ;15143 ;;8 ;Обвалювальник тушок птиці ;
9321 ;15145 ;;45 ;Обв'язувальник агломератів ;
9321 ;15147 ;;45 ;Обв'язувальник електровугільних виробів ;
7313 ;15149 ;65 ;;Обдирач алмазів ;
8139 ;15151 ;;37 ;Обдувальник абразивних виробів ;
8271 ;15155 ;;7 ;Обжарювальник харчових продуктів (виробництво м'ясних продуктів) ;
8275 ;15155 ;;7 ;Обжарювальник харчових продуктів (перероблення овочів, олієнасіння та горіхів) ;
9212 ;15412 ;;3 ;Об'їжджувач ;
8211 ;15208 ;;42 ;Обкатник підшипників ;
9322 ;15206 ;;11 ;Обкатувальник журавлини ;
9321 ;15432 ;;45 ;Обклеювач батарей ;
9322 ;15436 ;65 ;;Обклеювач виробів з бересту ;
7331 ;15434 ;60 ;;Обклеювач глобусів ;
8232 ;15438 ;27 ;;Обклеювач оргскла ;
7341 ;19005 ;;;Обліковець (поліграфічне виробництво) ;
4121 ;25154 ;;1 ;Обліковець з реєстрації бухгалтерських даних ;
8269 ;19007 ;;;Обліковець міри та виробів ;
4190 ;;;;Обліковець ;
9322 ;15226 ;44 ;;Обмазувальник заслонів ;
9322 ;15228 ;;42 ;Обмазувальник ковшів ;
8124 ;15230 ;;40 ;Обмазувальник листів та труб ;
8131 ;15462 ;44 ;;Обміднювальник ;
4212 ;- ;- ;;Обмінювач грошей ;
8273 ;15234 ;;7 ;Обмолотник ;
8282 ;15236 ;;45 ;Обмотувальник елементів електричних машин ;
9311 ;16215 ;65 ;;Обпилювач каменю ;
7332 ;16217 ;65 ;;Обпилювач пап'є-маше ;
7211 ;16219 ;;42 ;Обпилювач фасонних відливок ;
9322 ;16259 ;;42 ;Обпилювач форм та металу сірчаним порошком ;
7313 ;16223 ;65 ;;Обпилювач черні ;
9322 ;16227 ;44 ;;Обплавлювач скла ;
8211 ;;;;Обплітальник (спеціальні хімічні виробництва);
7432 ;16231 ;;14 ;Обплітальник деталей ;
8211 ;16233 ;;45 ;Обплітальник проводів та кабелів ;
8139 ;16235 ;29 ;;Обплітальник склоджгутів ;
8223 ;16245 ;;45 ;Обпресувальник кабелів свинцем чи алюмінієм ;
8223 ;16243 ;;45 ;Обпресувальник кабелів та проводів пластиками та гумою ;
7233 ;16247 ;;6 ;Обпресувальник труб ;
8229 ;15387 ;35 ;;Обривальник волокна ;
7332 ;15373 ;60 ;;Обрізувач анатомічного матеріалу ;
8231 ;15377 ;33 ;;Обрізувач гумових виробів ;
9322 ;15375 ;48 ;;Обрізувач матеріалів ;
8231 ;15257 ;33 ;;Оброблювач вентилів ;
7411 ;15259 ;;8 ;Оброблювач ветсанбраку ;
8278 ;15261 ;;11 ;Оброблювач винної сировини ;
8278 ;15263 ;;11 ;Оброблювач виноматеріалів та вина ;
7331 ;15289 ;65 ;;Оброблювач виробів з бурштину ;
7331 ;15285 ;65 ;;Оброблювач виробів з кістки та рогу ;
8232 ;15287 ;27 ;;Оброблювач виробів із пластмас ;
8278 ;15321 ;;11 ;Оброблювач відходів виноробства ;
8278 ;15265 ;;11 ;Оброблювач води ;
9322 ;15267 ;47 ;;Оброблювач волокна ;
9322 ;15269 ;;8 ;Оброблювач волосу, вовни та щетини ;
8122 ;15271 ;;41 ;Оброблювач вторинних шламів ;
8231 ;15337 ;33 ;;Оброблювач гумових виробів ;
7442 ;15273 ;48 ;;Оброблювач деталей, напівфабрикатів та виробів ;
8221 ;15275 ;;25 ;Оброблювач дротів ;
8223 ;15371 ;2 ;;Оброблювач емальованих виробів ;
8223 ;15277 ;;53 ;Оброблювач заготовок для туб ;
8232 ;15279 ;29 ;;Оброблювач заготовок із скловолокна ;
4142 ;- ;;70 ;Оброблювач замовлень ;
7233 ;15281 ;;52 ;Оброблювач зуба берда ;
7411 ;15291 ;;10 ;Оброблювач ікри ;
4141 ;15293 ;;1 ;Оброблювач інформаційного матеріалу ;
7341 ;16342 ;59 ;;Оброблювач кліше ;
9322 ;15297 ;;8 ;Оброблювач ковбасних виробів ;
8278 ;15299 ;;11 ;Оброблювач коньячних спиртів та коньяків ;
8240 ;15331 ;37 ;;Оброблювач коркових виробів ;
7411 ;15301 ;;10 ;Оброблювач крабів ;
7411 ;15303 ;;8 ;Оброблювач кролів ;
8231 ;15305 ;33 ;;Оброблювач матеріалів латексом ;
8122 ;15307 ;;41 ;Оброблювач матричних листів ;
9322 ;15311 ;;10 ;Оброблювач морепродуктів ;
7411 ;15313 ;;10 ;Оброблювач морського звіра ;
9322 ;15315 ;;8 ;Оброблювач м'ясних туш ;
8159 ;15317 ;32 ;;Оброблювач натрієвих болванок ;
8290 ;15319 ;;44 ;Оброблювач основи металосіток ;
9322 ;15323 ;;59 ;Оброблювач перламутру ;
9322 ;15329 ;48 ;;Оброблювач підошов ;
8122 ;15327 ;;40 ;Оброблювач поверхневих дефектів металу (сталеплавильне та прокатне виробництва) ;
8124 ;15327 ;;40 ;Оброблювач поверхневих дефектів металу (трубне виробництво) ;
8122 ;15333 ;;41 ;Оброблювач прутків сормайту ;
7411 ;15335 ;;8 ;Оброблювач птиці ;
7411 ;15341 ;;10 ;Оброблювач риби ;
7419 ;;;;Оброблювач рибних продуктів ;
9322 ;15339 ;;8 ;Оброблювач рогів ;
7419 ;;;;Оброблювач свійської птиці і кролів ;
8232 ;15343 ;27 ;;Оброблювач сепараторів ;
8159 ;15345 ;32 ;;Оброблювач синтетичного каучуку ;
9322 ;15351 ;44 ;;Оброблювач склоблоків ;
8151 ;15347 ;;11 ;Оброблювач соапстоку ;
8278 ;15353 ;;11 ;Оброблювач сусла та соків ;
8122 ;15355 ;;41 ;Оброблювач твердосплавних виробів ;
8278 ;15359 ;;11 ;Оброблювач технологічних місткостей і тари ;
8262 ;15361 ;47 ;;Оброблювач тканини та волокна ;
9322 ;15363 ;44 ;;Оброблювач триплексу та склопакетів ;
8159 ;15325 ;;7 ;Оброблювач харчових продуктів і тари ;
7331 ;15365 ;65 ;;Оброблювач художніх виробів з дерева та пап'є-маше ;
7434 ;16330 ;48 ;;Оброблювач хутряних шкурок (опоряджувальні операції) ;
9322 ;15309 ;48 ;;Оброблювач хутряних шкурок ;
7441 ;15295 ;48 ;;Оброблювач шкіряно-хутряної сировини ;
7441 ;15367 ;;8 ;Оброблювач шкур (м'ясоперероблення) ;
6129 ;15367 ;;2 ;Оброблювач шкур (тваринництво) ;
7441 ;15369 ;48 ;;Оброблювач шкур волосогінною сумішшю ;
7343 ;16346 ;59 ;;Оброблювач шрифтової продукції ;
8269 ;16300 ;47 ;;Обробник валяльно-повстяних виробів ;
7322 ;16348 ;44 ;;Обробник видувних виробів ;
9322 ;16318 ;48 ;;Обробник виробів (лимарно-сідельне виробництво) ;
7442 ;16316 ;48 ;;Обробник виробів ;
9322 ;16304 ;47 ;;Обробник волокна (виробництво текстильної галантереї) ;
7431 ;16302 ;47 ;;Обробник волокна (лляне виробництво) ;
8262 ;16306 ;47 ;;Обробник ворсу ;
7433 ;16308 ;66 ;;Обробник головних уборів ;
8284 ;16332 ;33 ;;Обробник гумових виробів ;
9322 ;16310 ;;60 ;Обробник деталей іграшок ;
8212 ;16312 ;;35 ;Обробник залізобетонних виробів ;
8224 ;16324 ;34 ;;Обробник кінофотоматеріалів ;
9322 ;16328 ;;13 ;Обробник матеріалів та готових виробів ;
8229 ;16322 ;;61 ;Обробник олівців на автоматі ;
8262 ;16334 ;47 ;;Обробник тканини ;
8159 ;16336 ;28 ;;Обробник хімічних волокон ;
7324 ;16338 ;65 ;;Обробник художніх виробів ;
8229 ;16320 ;35 ;;Обробник штучного каракулю ;
8265 ;16340 ;48 ;;Обробник щетиноволосяних матеріалів та виробів ;
8261 ;15381 ;47 ;;Обрубувач ватників ;
8231 ;15383 ;33 ;;Обрубувач облою ;
7211 ;15379 ;;42 ;Обрубувач ;
9322 ;15391 ;;11 ;Обсипальник кондитерських виробів ;
7422 ;16267 ;;7 ;Обсмолювач бочок ;
8159 ;15204 ;20 ;;Обтискувач електроз'єднувачів ;
7136 ;15400 ;;87 ;Обхідник водопровідно-каналізаційної мережі ;
8163 ;15402 ;;62 ;Обхідник гідроспоруд ;
7129 ;15406 ;;66 ;Обхідник колій та штучних споруд ;
8159 ;15404 ;;21 ;Обхідник лінійний ;
8262 ;15408 ;;62 ;Обхідник траси гідрозоловилучення та золовідвалів ;
8261 ;16419 ;47 ;;Обчісувальник барабанів ;
8212 ;15410 ;;35 ;Обшивальник циліндрів ;
9322 ;15414 ;;8 ;Овоскопувальник яєць ;
6111 ;15415 ;;2 ;Овочівник ;
7233 ;16269 ;;66 ;Оглядач вагонів ;
8163 ;16271 ;- ;;Оглядач гідротехнічних об'єктів ;
2441.2 ;24191 ;- ;;Оглядач з економічних питань ;
8159 ;16273 ;;21 ;Оглядач нафтоналивних ємностей ;
2451.2 ;24187 ;;83 ;Оглядач ;
7233 ;16275 ;;66 ;Оглядач-ремонтник вагонів ;
7313 ;15418 ;65 ;;Огранувальник алмазів у діаманти ;
7313 ;15420 ;65 ;;Огранувальник вставок для ювелірних та художніх виробів ;
6113 ;15422 ;;87 ;Озеленювач ;
8163 ;15424 ;;87 ;Озонаторник ;
8229 ;15426 ;35 ;;Окантувальник кіноекранів ;
8232 ;15428 ;29 ;;Окантувальник сепараторних пластин ;
9322 ;15430 ;69 ;;Окантувальник фотовідбитків ;
2112.2 ;- ;;75 ;Океанолог ;
9322 ;15440 ;69 ;;Оконтурувальник оригіналів ;
8159 ;15458 ;20 ;;Оксидувальник-вакуумник ;
9322 ;16393 ;44 ;;Опалювач на карусельній машині ;
9141 ;12618 ;;1 ;Опалювач ;
8161 ;15562 ;;62 ;"Оператор ""гарячої"" камери ";
8274 ;- ;;11 ;Оператор (кочегар) виробничих печей ;
4133 ;;;68 ;Оператор авіаційного електрозв'язку ;
8271 ;15464 ;;8 ;Оператор автомата для виробництва варених ковбас ;
8271 ;15465 ;;8 ;Оператор автомата для виробництва напівфабрикатів ;
8272 ;15466 ;;8 ;Оператор автомата для розливання молочної продукції у пакети та плівку ;
4211 ;24225 ;;87 ;Оператор автоматизованого розрахунку у готелі ;
8275 ;15470 ;;9 ;Оператор автоматизованої лінії варіння томатопродуктів ;
8212 ;15472 ;;36 ;Оператор автоматизованої лінії теплоізоляції труб ;
7221 ;15477 ;;42 ;Оператор автоматичних і напівавтоматичних ліній холодноштампувального устаткування ;
8211 ;15474 ;;42 ;Оператор автоматичних та напівавтоматичних ліній верстатів та установок ;
5169 ;15478 ;;5 ;Оператор автоматичного газового захисту ;
8229 ;15479 ;;61 ;Оператор автоматичної лінії вироблення білого олівця ;
8222 ;15481 ;;16 ;Оператор автоматичної лінії вироблення сірників;
8272 ;15491 ;;8 ;Оператор автоматичної лінії виробництва молочних продуктів ;
8271 ;15493 ;;8 ;Оператор автоматичної лінії виробництва сосисок ;
8211 ;15485 ;;45 ;Оператор автоматичної лінії для виготовлення ізольованих жил ;
8131 ;15487 ;44 ;;Оператор автоматичної лінії для виробництва піноскла ;
8171 ;15483 ;;47 ;Оператор автоматичної лінії підготовки та паяння електрорадіоелементів на друкарських платах ;
8229 ;15497 ;;61 ;Оператор автоматів складання олівців ;
8261 ;15499 ;47 ;;Оператор агрегата оброблення відходів ;
8141 ;15501 ;;16 ;Оператор агрегатних ліній сортування та перероблення деревини ;
7243 ;15503 ;;1 ;Оператор акустичних випробувань ;
7343 ;15505 ;;1 ;Оператор апаратів мікрофільмування та копіювання ;
8159 ;;;;Оператор біоенергетичних установок ;
3111 ;- ;- ;;Оператор біолокацій ;
4133 ;24203 ;- ;;Оператор бюро з обліку переходу вагонів ;
7115 ;;;;Оператор вагового устаткування ;
4133 ;24206 ;;66 ;Оператор вагонного депо ;
8159 ;15513 ;;49 ;Оператор вакуумних установок для нанесення покриттів на оптичні деталі ;
8163 ;;;;Оператор вакуумної машини ;
8131 ;15511 ;20 ;;Оператор вакуумно-напилювальних процесів ;
8131 ;15515 ;44 ;;Оператор вакуумприсосних механізмів та приладів ;
8232 ;15517 ;27 ;;Оператор вальцьово-каландрової лінії виробництва полівінілхлоридної плівки ;
8229 ;15519 ;;61 ;Оператор вальцювальної лінії ;
8222 ;16043 ;;16 ;Оператор верстата для укладання розсипних сірників ;
8211 ;16045 ;;42 ;Оператор верстатів з програмним керуванням ;
8251 ;;;;Оператор вивідних пристроїв ;
8212 ;15604 ;38 ;;Оператор виготовлення азбосталевого полотна ;
8261 ;15606 ;29 ;;Оператор виготовлення ровінгу ;
8232 ;15608 ;29 ;;Оператор виготовлення рулонно-конструкційних матеріалів ;
8131 ;15537 ;44 ;;Оператор видувного напівавтомата ;
8152 ;15539 ;30 ;;Оператор випарювальної установки ;
8142 ;15928 ;;17 ;Оператор виробництва деревної маси з трісок ;
8139 ;15930 ;29 ;;Оператор виробництва кремнеземних матеріалів ;
8232 ;15932 ;27 ;;Оператор виробництва формованого поліуретану та пінополіуретану ;
8276 ;15934 ;;11 ;Оператор виробничої дільниці ;
8154 ;15541 ;;11 ;Оператор вирощування дріжджів ;
8154 ;15543 ;;11 ;Оператор вирощування чистої культури дріжджів ;
8141 ;15545 ;;16 ;Оператор високочастотної установки ;
8262 ;16099 ;47 ;;Оператор витягальної машини ;
3131 ;15521 ;;82 ;Оператор відеозапису ;
8159 ;15780 ;30 ;;Оператор відстоювання та теплообміну ;
8163 ;15523 ;;87 ;Оператор водозапірних споруд ;
8151 ;15525 ;;68 ;Оператор водомаслостанції ;
8262 ;15529 ;47 ;;Оператор ворсувального устаткування ;
8229 ;16101 ;43 ;;Оператор вузла посипання та охолодження ;
8261 ;16103 ;47 ;;Оператор вузлов'язальної машини ;
8262 ;15549 ;47 ;;Оператор в'язально-прошивного устаткування ;
8155 ;15551 ;;63 ;Оператор газгольдерної станції ;
8159 ;15553 ;;21 ;Оператор газорозподільної станції ;
8262 ;15600 ;47 ;;Оператор голкопробивного агрегата ;
8261 ;15602 ;47 ;;Оператор голкопробивного устаткування ;
8276 ;15558 ;;11 ;Оператор головного пульта керування ;
8161 ;- ;;62 ;Оператор головного щита управління вітроенергетичної станції ;
8212 ;15527 ;;35 ;Оператор гофрувально-стосувального агрегата ;
8212 ;15564 ;;36 ;Оператор гранулювання мінеральної вати ;
8262 ;15566 ;47 ;;Оператор гребенечесального устаткування ;
8163 ;;;11 ;Оператор дезінсекційних установок ;
8290 ;15572 ;;66 ;Оператор дефектоскопного візка ;
8261 ;15584 ;47 ;;Оператор джгутоперемотувальної машини ;
8151 ;15576 ;;61 ;Оператор дисперсійних змішувачів для приготування стрижневої маси ;
4133 ;24209 ;;67 ;Оператор диспетчерської руху та навантажувально-розвантажувальних робіт на автомобільному (морському, річковому) транспорті ;
4133 ;24215 ;;1 ;Оператор диспетчерської служби ;
8159;;;;Оператор дистанційного керування технологічним процесом (спеціальні хімічні виробництва);
8163 ;15578 ;;87 ;Оператор дистанційного пульта керування у водопровідно-каналізаційному господарстві ;
8154 ;15580 ;24 ;;Оператор дистанційного пульта керування у хімічному виробництві ;
8990;;;;Оператор дистанційно керованих апаратів;
8159 ;15582 ;20 ;;Оператор дифузійних процесів ;
8124 ;15924 ;;45 ;Оператор дротового прокатного стана ;
8251 ;15798 ;47 ;;Оператор друкарського устаткування ;
4142 ;16193 ;- ;;Оператор експедиційних машин ;
7242 ;16195 ;;47 ;Оператор електроакустичних вимірювань ;
8122 ;16197 ;;42 ;Оператор електрогідравлічного очищення відливок ;
4133 ;24269 ;- ;;Оператор електродепо метрополітену ;
4223 ;- ;;70, 68 ;Оператор електрозв'язку ;
7341 ;16201 ;59 ;;Оператор електронних автоматів для виготовлення форм високого друкування ;
7343 ;16203 ;59 ;;Оператор електронних гравіювальних автоматів для виготовлення форм глибокого друкування ;
7343 ;;;;Оператор електронного кольороділення ;
8251 ;;;;Оператор електронного складання та верстання ;
8290 ;;;1 ;Оператор електронно-обчислювальних та обчислювальних машин ;
8264 ;16207 ;47 ;;Оператор електростатичного оброблення ;
8122 ;16209 ;;42 ;Оператор електрохімічного очищення заготовок ;
8211 ;16211 ;20 ;;Оператор еліонних процесів ;
8169 ;;;;Оператор енергозберігаючого устаткування будівель ;
6121 ;15808 ;70 ;;Оператор з ветеринарного оброблення тварин ;
8251 ;;;;Оператор з виготовлення гільйошів ;
8231 ;15828 ;33 ;;Оператор з виготовлення гумових сумішей ;
8113 ;15862 ;;6 ;Оператор з випробування свердловин ;
8229 ;15872 ;27 ;;Оператор з виробництва лінолеуму ;
8159 ;15812 ;20 ;;Оператор з вирощування кристалів п'єзокварцу ;
8159 ;15810 ;;49 ;Оператор з вирощування кристалів ;
8159 ;15814 ;;49 ;Оператор з витягання світловодів ;
8113 ;15816 ;;5 ;Оператор з геофізичного випробування корисних копалин ;
8113 ;15818 ;;6 ;Оператор з гідравлічного розривання пластів ;
5121 ;24233 ;;1 ;Оператор з диспетчерського обслуговування ліфтів ;
8113 ;15824 ;;6 ;Оператор з добування нафти й газу ;
8113 ;15832 ;;6 ;Оператор з дослідження свердловин ;
4133 ;24236 ;- ;;Оператор з інформації про вантажопоштові перевезення ;
4133;;;;Оператор з інформації про підхід і прибуття вантажів;
8159 ;15854 ;20 ;;Оператор з нанесення газопоглинача ;
7322 ;15856 ;;49 ;Оператор з нанесення просвітлювальних та захисних покриттів ;
8159 ;15858 ;20 ;;Оператор з нарощування епітаксіальних шарів ;
4113 ;;;;Оператор з обробки інформації та програмного забезпечення ;
4133 ;15859 ;73 ;;Оператор з оброблення перевізних документів ;
5139;;;;Оператор з обслуговування плавальних басейнів;
8169;;;;Оператор з обслуговування та експлуатації когенераційних установок;
8171 ;- ;;66 ;Оператор з обслуговування та ремонту вагонів ;
8163 ;15860 ;;1 ;Оператор з обслуговування установок для пилогазоуловлювання ;
8231 ;15864 ;33 ;;Оператор з перезарядження транспортних систем ;
8113 ;15866 ;;6 ;Оператор з підготовки свердловин до капітального та підземного ремонтів ;
8113 ;15870 ;;6 ;Оператор з підземного ремонту свердловин ;
8113 ;15868 ;;6 ;Оператор з підтримування пластового тиску ;
5169;;;;Оператор з пошуку вибухонебезпечних предметів (демінер);
4122 ;;;;Оператор з розрахунків за використаний газ ;
8231 ;15896 ;33 ;;Оператор з термооброблення корду ;
4114 ;- ;- ;;Оператор з уведення даних в ЕОМ (ОМ) ;
8113 ;15908 ;;6 ;Оператор з хімічного оброблення свердловин ;
8113 ;15910 ;;6 ;Оператор з цементажу свердловин ;
8121 ;15590 ;;40 ;Оператор завантаження конвертера ;
8212 ;15592 ;;36 ;Оператор завантажувальної та розвантажувальної установки ;
8212 ;15588 ;;35 ;Оператор заготівельного відділення ;
8155 ;15594 ;;1 ;Оператор заправних станцій ;
3131 ;24218 ;- ;;Оператор звукозапису ;
8113 ;15764 ;;6 ;Оператор зневоднювальної та знесолювальної установки ;
8159 ;15826 ;20 ;;Оператор із захисних покриттів у виробництві масок кольорових кінескопів ;
8113 ;15876 ;;6 ;Оператор із збирання газу ;
8159 ;15878 ;;21 ;Оператор із збирання та очищення конденсату  ;
6121 ;15830 ;;2 ;Оператор із штучного осіменіння тварин та птиці ;
8141 ;15610 ;;16 ;Оператор інерційних сепараторів ;
6122 ;;;;Оператор інкубаторно-птахівничої станції ;
4112 ;;;;Оператор інформаційно-комунікаційних мереж ;
8276 ;15612 ;;11 ;Оператор іонітової установки ;
8153 ;15614 ;30 ;;Оператор іонообміну ;
9322 ;15616 ;;36 ;Оператор камери фарбування акустичних плит ;
8261 ;15618 ;47 ;;Оператор канатної машини ;
8261 ;15620 ;47 ;;Оператор канатозвивальних та мотузяних машин ;
8264 ;15622 ;47 ;;Оператор клейового устаткування ;
8211 ;15624 ;;55 ;Оператор клепальних автоматів ;
8159 ;15626 ;;19 ;Оператор коксосортувалки ;
8290 ;15874 ;56 ;;Оператор колійних вимірювань ;
3131 ;- ;- ;;Оператор комплексу стенографування та текстооброблення ;
4112 ;- ;;1, 18 ;Оператор комп'ютерного набору ;
4112 ;- ;;1, 18 ;Оператор комп'ютерної верстки ;
8223 ;15634 ;;42 ;Оператор конвеєрних печей ;
8212 ;15632 ;;36 ;Оператор конвеєрної лінії устаткування ;
8266 ;15630 ;48 ;;Оператор конвеєрної лінії ;
8240 ;;;16 ;Оператор контрольного стола ;
4112 ;15636 ;;1 ;Оператор копіювальних та розмножувальних машин ;
8271 ;15639 ;;10 ;Оператор коптильної установки ;
8222 ;15641 ;;16 ;Оператор коробконабивального верстата ;
8162 ;15643 ;;1, 87 ;Оператор котельні ;
8261 ;15647 ;47 ;;Оператор круглочесальної машини ;
8261 ;15649 ;47 ;;Оператор крутильного устаткування ;
8159 ;15651 ;28 ;;Оператор крутіння та витягання ;
8159 ;15653 ;28 ;;Оператор крутіння та намотування хімічних волокон ;
8251 ;;;18 ;Оператор лазерних гравіювальних автоматів для виготовлення форм офсетного плоского друкування ;
8211 ;15657 ;;55 ;Оператор лазерної голографічної установки ;
8211;;;;Оператор лазерної установки з програмним керуванням;
8275 ;15679 ;;11 ;Оператор лінії виробництва маргарину ;
8221 ;15681 ;;11 ;Оператор лінії виробництва мила ;
8272 ;15680 ;;8 ;Оператор лінії виробництва морозива ;
8273 ;15673 ;;11 ;Оператор лінії для виробництва борошна та гранул ;
8274 ;15671 ;;11 ;Оператор лінії для виробництва жувальної гумки ;
8271 ;15667 ;;8 ;Оператор лінії для оброблення перо-пухової сировини ;
8277 ;16165 ;55 ;;Оператор лінії для перероблення чаю ;
8124 ;15669 ;;41 ;Оператор лінії з оброблення кольорових металів ;
8331 ;15662 ;;2 ;Оператор лінії замочування насіння ;
8122 ;15665 ;;40 ;Оператор лінії оброблення рейок ;
8271 ;15675 ;;8 ;Оператор лінії приготування фаршу ;
8274 ;15677 ;;11 ;Оператор лінії приготування шоколадної маси ;
8331 ;15682 ;;2 ;Оператор лінії протравлювання насіння ;
8272 ;15683 ;;8 ;Оператор лінії розливання молока та молочної продукції у пляшки ;
8271 ;15661 ;;7 ;Оператор лінії у виробництві харчової продукції (виробництво м'ясних продуктів) ;
8278 ;15661 ;;7 ;Оператор лінії у виробництві харчової продукції (виробництво напоїв) ;
8275 ;;;11 ;Оператор лінії у виробництві харчової продукції (виробництво сухого глютену) ;
8276 ;15661 ;;7 ;Оператор лінії у виробництві харчової продукції (виробництво цукру) ;
8272 ;15661 ;;7 ;Оператор лінії у виробництві харчової продукції (молочне виробництво) ;
8275 ;15661 ;;7 ;Оператор лінії у виробництві харчової продукції (перероблення фруктів, овочів, олієнасіння та горіхів) ;
8277 ;15661 ;;7 ;Оператор лінії у виробництві харчової продукції (перероблення чаю, кави, какао та шоколаду) ;
8274 ;15661 ;;7 ;Оператор лінії у виробництві харчової продукції (хлібопекарно-макаронне та кондитерське виробництва) ;
8270 ;;;;Оператор лінії у виробництві харчової продукції ;
8131 ;15663 ;;35 ;Оператор лінії фарбування цегли ;
8270 ;;;;Оператор ліній та установок з консервування овочів і фруктів ;
8261 ;15685 ;;12 ;Оператор лінтерного устаткування ;
8331 ;- ;;3 ;Оператор лісозаготівельного устаткування ;
8121 ;15689 ;7 ;;Оператор логоскопа ;
8261 ;15691 ;47 ;;Оператор льоночесальної машини ;
8159 ;15693 ;;21 ;Оператор магістральних газопроводів ;
8224 ;15695 ;;82 ;Оператор магнітного запису ;
8143;;;;Оператор маніпулятора (лісове господарство та лісозаготівля);
8129 ;;;;Оператор машин та установок у чорній металургії ;
8121 ;15701 ;;40 ;Оператор машини безперервного лиття заготовок ;
8273 ;15596 ;;11 ;Оператор машини для відокремлення зародків ;
6121 ;15699 ;;2 ;Оператор машинного доїння ;
3133 ;- ;- ;;Оператор медичного устаткування ;
8990;;;;Оператор механізованого засобу розмінування;
8333 ;15705 ;;1 ;Оператор механізованих та автоматизованих складів ;
8261 ;15703 ;47 ;;Оператор механізованого подавання суміші ;
8264 ;15713 ;47 ;;Оператор мийно-віджимального агрегата ;
8221 ;15709 ;31 ;;Оператор мийної установки ;
8275 ;15711 ;;11 ;Оператор мийно-очищувального агрегата ;
8211 ;15707 ;20 ;;Оператор мікрозварювання ;
8212;;;;Оператор мобільної установки холодного ресайклінгу;
8272 ;15715 ;;8 ;Оператор молокосховища ;
8261 ;15719 ;47 ;;Оператор мотального устаткування ;
8261 ;15724 ;47 ;;Оператор м'яльно-чесальної машини ;
8240 ;15726 ;;16 ;Оператор на автоматичних та напівавтоматичних лініях у деревообробленні ;
8163 ;15728 ;;87 ;Оператор на аеротенках ;
8163 ;15730 ;;87 ;Оператор на біофільтрах ;
8211 ;15732 ;20 ;;Оператор на бормашині для попереднього оброблення литих магнітів ;
8163 ;15742 ;;87 ;Оператор на відстійниках ;
8163 ;15758 ;;87 ;Оператор на емшерах ;
8163 ;15740 ;;87 ;Оператор на метантенках ;
8163 ;15736 ;;87 ;Оператор на мулових майданчиках ;
8131 ;15746 ;;40 ;Оператор на підігріванні мазуту ;
8163 ;15744 ;;87 ;Оператор на пісколовках та жироловках ;
8163 ;15752 ;;87 ;Оператор на решітці ;
8131 ;15734 ;44 ;;Оператор на уварювальних машинах ;
8131 ;15754 ;44 ;;Оператор на філаментмашині ;
8163 ;15756 ;;87 ;Оператор на фільтрах ;
3144 ;24226 ;- ;;Оператор наземних засобів керування безпілотним літальним апаратом ;
8240 ;15838 ;;16 ;Оператор напівавтоматичної лінії вироблення сірникових коробок ;
8221 ;15748 ;31 ;;Оператор наповнення шприц-тюбиків ;
8159 ;15759 ;;21 ;Оператор нафтоперекачувальної станції ;
8122 ;15760 ;;40 ;Оператор обдирних верстатів (сталеплавильне та прокатне виробництва) ;
8124 ;15760 ;;40 ;Оператор обдирних верстатів (трубне виробництво) ;
8131 ;15762 ;44 ;;Оператор обдувальної установки ;
8277 ;15766 ;;11 ;Оператор обжарювального апарата ;
8261 ;15774 ;47 ;;Оператор обкручувального устаткування ;
8264 ;15776 ;47 ;;Оператор обпалювального устаткування ;
3131 ;- ;- ;;Оператор обробки та титрування телепередач ;
8122 ;15768 ;;42 ;Оператор обрубного відділення ;
8139 ;15842 ;29 ;;Оператор одержання безперервного скловолокна ;
8139 ;15840 ;29 ;;Оператор одержання кварцових скловолокон ;
8139 ;15844 ;29 ;;Оператор одержання оптичного скловолокна ;
8232 ;15846 ;27 ;;Оператор одержання полівінілхлоридних композицій ;
8152 ;15848 ;29 ;;Оператор одержання скловолокна каолінового складу ;
8232 ;15850 ;29 ;;Оператор одержання склополотна одностадійним методом ;
8139 ;15852 ;29 ;;Оператор одержання штапельного скловолокна ;
5132 ;;;;Оператор оперативно-диспетчерської служби (медицина);
5169;;;;Оператор Оперативно-рятувальної служби цивільного захисту;
7243 ;15778 ;;1 ;Оператор осцилографування та тензометрування ;
8163 ;15784 ;;87 ;Оператор очисних споруд ;
8142 ;15782 ;;17 ;Оператор очисного устаткування ;
8273 ;15786 ;;11 ;Оператор пакетоформувальних машин ;
8240 ;;;;Оператор пакувальних автоматів ;
8121 ;15788 ;;40 ;Оператор пароежекторної установки вакуумування металу ;
4133 ;24227 ;- ;;Оператор пасажирської та вантажної служби ;
8261 ;15794 ;47 ;;Оператор перевивальної машини ;
8123 ;;;;Оператор печі з термічного очищення поверхні металевих виробів ;
8159 ;15822 ;;21 ;Оператор підземних газогенераторів ;
8159 ;15800 ;20 ;;Оператор плазмохімічних процесів ;
8261 ;15802 ;47 ;;Оператор плетільного устаткування ;
8269 ;15804 ;47 ;;Оператор плетільної машини ;
8272 ;15509 ;;8 ;Оператор пляшкорозвантажувального та пляшкоукладального автомата ;
8142 ;15806 ;;17 ;Оператор пневмогідроподачі ;
8231 ;- ;- ;;Оператор подавання наповнювачів ;
8163 ;15836 ;;87 ;Оператор полів зрошування та фільтрації ;
8262 ;16157 ;47 ;;Оператор полотновитягальної машини ;
8122 ;15880 ;;40 ;Оператор поста керування (сталеплавильне та прокатне виробництва) ;
8124 ;15880 ;;40 ;Оператор поста керування (трубне виробництво) ;
8223 ;15882 ;;42 ;Оператор поста керування агрегатами безперервного травлення, знежирення, лудіння, оцинкування, лакування та відпалювання ;
8122 ;15884 ;;40 ;Оператор поста керування агрегатами об'ємного гартування рейок ;
8122 ;15886 ;;40 ;Оператор поста керування системою шихтоподачі ;
8122 ;15888 ;;40 ;Оператор поста керування станом гарячого прокату труб ;
8122 ;15890 ;;40 ;Оператор поста керування станом гарячої прокатки ;
8122 ;15892 ;;40 ;Оператор поста керування станом холодного прокату ;
8312 ;15894 ;;66 ;Оператор поста централізації ;
8154 ;15906 ;26 ;;Оператор потокових ліній нанесення світлоповертальних сполук ;
8274 ;15898 ;;11 ;Оператор потоково-автоматичної лінії ;
8261 ;15900 ;;12 ;Оператор потокової лінії з вироблення волокна ;
8229 ;15902 ;35 ;;Оператор потокової лінії підготовки основи штучної шкіри ;
8154 ;15904 ;26 ;;Оператор потокової лінії поліетиленування ;
4223 ;- ;;70 ;Оператор поштового зв'язку ;
8264 ;16053 ;66 ;;Оператор пральних машин ;
8264 ;15912 ;66 ;;Оператор пральні самообслуговування ;
8262 ;15560 ;47 ;;Оператор прасувально-сушильного агрегата ;
7311 ;15914 ;20 ;;Оператор прецизійного різання ;
7343 ;15916 ;20 ;;Оператор прецизійної фотолітографії ;
4133 ;24251 ;;66 ;Оператор при маневровому диспетчері залізничної станції ;
4133 ;24239 ;- ;;Оператор при черговому по локомотивному депо ;
4133;;;;Оператор при черговому по району (на залізничному транспорті);
4133 ;24248 ;;66 ;Оператор при черговому по станції ;
8154 ;15918 ;30 ;;Оператор приготування затору ;
8151 ;15920 ;;11 ;Оператор приготування розчинів живильного середовища та солей ;
8212 ;;;;Оператор приготування соляного розчину (дорожньо-будівельні роботи) ;
8276 ;15922 ;;11 ;Оператор пробовідбірної установки ;
8224;;;;Оператор проекційного та звукового устаткування;
7212 ;15926 ;;42 ;Оператор проекційної апаратури та газорізальних машин ;
8264 ;15936 ;47 ;;Оператор промивального устаткування ;
4133 ;24254 ;- ;;Оператор промивально-пропарювальної станції ;
8172 ;;;;Оператор промислових роботів ;
8264 ;15938 ;47 ;;Оператор просочувального устаткування ;
8122 ;15940 ;;40 ;Оператор профілевигинального агрегата ;
8139 ;15942 ;;37 ;Оператор прохідних сушарок ;
8261 ;15944 ;47 ;;Оператор прядеплетільної машини ;
6122 ;15770 ;70 ;;Оператор птахофабрик та механізованих ферм ;
8152 ;15962 ;29 ;;Оператор пульта керування електропечами ;
8224 ;15954 ;;82 ;Оператор пульта керування кіноустановкою ;
8122 ;15960 ;;42 ;Оператор пульта керування трансбордерним та горизонтально-замкненим конвеєрами ;
8113 ;15950 ;;6 ;Оператор пульта керування у видобуванні нафти й газу ;
8212 ;15952 ;;35 ;Оператор пульта керування у виробництві стінових виробів ;
8212;;;35;Оператор пульта керування устаткуванням дробильно-сортувальної лінії;
7243 ;15957 ;;87 ;Оператор пульта керування устаткуванням житлових і громадських будівель ;
8212 ;15956 ;;35 ;Оператор пульта керування устаткуванням залізобетонного виробництва ;
8112 ;15948 ;;5 ;Оператор пульта керування ;
8261 ;15966 ;47 ;;Оператор пушильного устаткування ;
3132 ;- ;;70 ;Оператор радіочастотного контролю ;
8161 ;16002 ;;62 ;Оператор реакторного відділення ;
8261 ;16004 ;47 ;;Оператор релаксаційно-мотального агрегата ;
8271 ;16010 ;;10 ;Оператор рибокоптильної механізованої лінії ;
8261 ;16006 ;47 ;;Оператор рівничного устаткування ;
8261 ;15986 ;47 ;;Оператор розкладальної машини (виробництво шовку) ;
8261 ;15984 ;47 ;;Оператор розкладальної машини (лляне виробництво) ;
8266 ;15988 ;48 ;;Оператор розкрійного устаткування ;
7241 ;15972 ;- ;;Оператор розмінних автоматів ;
8262 ;15974 ;47 ;;Оператор розмоту вальної машини ;
8229 ;15976 ;43 ;;Оператор розмотувально-склеювального верстата ;
8277 ;15996 ;;11 ;Оператор розпилювальної сушарки ;
8261 ;15992 ;47 ;;Оператор розподілу пряжі ;
8264 ;15994 ;47 ;;Оператор розподілу хімічних матеріалів ;
8261 ;15978 ;47 ;;Оператор розпушувально-тіпального агрегата ;
8261 ;15980 ;47 ;;Оператор розпушувально-тіпальної машини ;
8139 ;16012 ;29 ;;Оператор розпушувально-щипальних машин ;
8272 ;15998 ;;8 ;Оператор розфасовувально-пакувального автомата ;
8261 ;16000 ;47 ;;Оператор розчісувального устаткування ;
8232 ;16008 ;27 ;;Оператор роторної лінії для виробництва виробів з пластичних мас ;
8122 ;16015 ;;40 ;Оператор свердлильного агрегата та преса ;
6121 ;;;;Оператор свинарських комплексів і механізованих ферм ;
5169 ;16020 ;;5 ;Оператор сейсмопрогнозу ;
8121 ;16023 ;;40 ;Оператор систем гідравліки та охолодження машини безперервного лиття заготовок ;
8111 ;16021 ;;5 ;Оператор сіркодобувних та водовідливних свердловин ;
8222 ;16039 ;;16 ;Оператор сірникових автоматів ;
8171 ;;;;Оператор складально-пакувальних машин ;
8131 ;16049 ;44 ;;Оператор склоформувальних машин ;
5162;;;;Оператор служби «102»;
3119;;;;Оператор Служби 112;
4133 ;24260 ;;68 ;Оператор служби перевезень ;
4133 ;24257 ;- ;;Оператор служби руху ;
8261 ;16027 ;47 ;;Оператор снувального устаткування ;
8264 ;16029 ;47 ;;Оператор снувальної просочувально-витягальної машини ;
8312 ;16033 ;;66 ;Оператор сортувальної гірки ;
8161 ;16035 ;;62 ;Оператор спецводоочищення ;
8340 ;16037 ;;67 ;Оператор спеціальних пристроїв земснарядів ;
8154 ;;;62 ;Оператор спеціальної самохідної транспортної машини ;
8163 ;16031 ;;87 ;Оператор споруд для видалення осаду ;
8212 ;16041 ;;35 ;Оператор стана з прокатки гіпсобетонних панелей ;
4133 ;24263 ;;66 ;Оператор станційного технологічного центру оброблення поїзної інформації та перевізних документів ;
9322 ;16051 ;;59 ;Оператор стенда для обігравання клавішних інструментів ;
8163 ;;;;Оператор стерилізаторів води в ультрафіолетових променях ;
8261 ;16055 ;47 ;;Оператор стригального устаткування ;
5162;;;;Оператор стрільбища;
8262 ;15659 ;47 ;;Оператор стрічкового устаткування ;
8271 ;16057 ;;9 ;Оператор сублімаційної установки (виробництво м'ясних продуктів) ;
8275 ;16057 ;;9 ;Оператор сублімаційної установки (перероблення фруктів, овочів, олієнасіння та горіхів) ;
8270 ;;;;Оператор сублімаційної установки ;
8261 ;16089 ;47 ;;Оператор сукального устаткування ;
7421 ;16063 ;;16 ;Оператор сушильних установок ;
8261 ;16061 ;;12 ;Оператор сушильного устаткування ;
8159 ;16065 ;32 ;;Оператор сушіння синтетичного каучуку ;
6121 ;15586 ;;2 ;Оператор тваринницьких комплексів та механізованих ферм ;
4229 ;;;;Оператор електронно-комунікаційних послуг;
8161 ;16068 ;;62 ;Оператор теплових мереж ;
8162 ;16067 ;;1 ;Оператор теплового пункту ;
8211 ;16077 ;20 ;;Оператор термоз'єднань ;
8271 ;16073 ;;8 ;Оператор термокамер та термоагрегатів ;
8264 ;16075 ;47 ;;Оператор термоскріплювального устаткування ;
8272 ;16079 ;;8 ;Оператор тестера ;
4133 ;;;68 ;Оператор технічних засобів контролю на безпеку ;
8155 ;16081 ;;21 ;Оператор технологічних установок ;
6113 ;16083 ;;87 ;Оператор технологічного устаткування в спорудах захищеного ґрунту ;
8159 ;16085 ;;21 ;Оператор товарний ;
8161 ;16087 ;;63 ;Оператор транспортно-технологічного устаткування реакторного відділення ;
8211 ;16091 ;;55 ;Оператор трубообтискних верстатів ;
8212 ;16093 ;43 ;;Оператор трубчастої печі ;
8261 ;16095 ;47 ;;Оператор трясильної машини ;
8151 ;16097 ;43 ;;Оператор турбозмішувача ;
8272 ;15531 ;;8 ;Оператор у виробництві заквасок ;
8272 ;15533 ;;8 ;Оператор у виробництві кисломолочних та дитячих молочних продуктів ;
8272 ;15535 ;;8 ;Оператор у виробництві розчину казеїнатів та казецитів ;
8212 ;;;35 ;Оператор укладальника-розбирача волокнистоцементних виробів;
8211 ;16107 ;;42 ;Оператор ультразвукових установок ;
8274 ;16111 ;;11 ;Оператор установки безтарного зберігання сировини ;
8232 ;16119 ;29 ;;Оператор установки виготовлення гофрованих листових склопластиків ;
7311 ;16117 ;44 ;;Оператор установки вимірювання об'єму ;
8154 ;16113 ;30 ;;Оператор установки вітамінізації дріжджів ;
8212 ;16115 ;;36 ;Оператор установки волокноутворення ;
8212 ;- ;- ;;Оператор установки для приготування бітумної емульсії ;
8163 ;16123 ;;87 ;Оператор установки для сушіння осаду ;
7243 ;;;;Оператор установки електронного тестування друкарських плат ;
8212 ;16121 ;;36 ;Оператор установки мінераловатних циліндрів ;
8131 ;16127 ;44 ;;Оператор установки СВЧ ;
8212 ;16129 ;;36 ;Оператор установки теплоізоляційного шнура ;
8232 ;16133 ;29 ;;Оператор установок виготовлення склопластикових конструкцій ;
8211 ;16131 ;;55 ;Оператор установок виготовлення стільникових пакетів ;
8163 ;16141 ;;87 ;Оператор установок для зневоднення осаду ;
8223 ;16139 ;;42 ;Оператор установок для нанесення покриттів у вакуумі ;
8212 ;16125 ;;35 ;Оператор установок для теплового оброблення бетону ;
8211;;;;Оператор установок дробометного очищення;
8211 ;16137 ;20 ;;Оператор установок піскоструминного очищення ;
8152 ;16143 ;;38 ;Оператор установок синтезу алмазів та надтвердих матеріалів ;
8141 ;16135 ;;16 ;Оператор установок та ліній оброблення пиломатеріалів ;
8159 ;- ;;62 ;Оператор устаткування для подавлення радіоактивності та дезактивації ;
8220 ;;;;Оператор устаткування з виробництва сірників ;
8149 ;;;;Оператор устаткування з перероблення деревини ;
8251 ;15645 ;59 ;;Оператор фарбової станції ;
8223 ;15772 ;;42 ;Оператор фарбувально-сушильної лінії та агрегата ;
8131 ;16145 ;44 ;;Оператор фацетного верстата ;
8141 ;16149 ;;16 ;Оператор формувальної машини ;
8131 ;16147 ;44 ;;Оператор формування стрічки скла ;
8224 ;16151 ;69 ;;Оператор фотоавтоматів ;
7341 ;16153 ;59 ;;Оператор фотоскладальних автоматів і систем ;
8159 ;;;62 ;Оператор хімічного цеху електростанції ;
8163 ;16155 ;;87 ;Оператор хлораторної установки ;
8272 ;16159 ;;8 ;Оператор централізованої мийки ;
8212;;;;Оператор центрального пульта керування (виробництво цементу);
8141 ;16161 ;;16;Оператор центрального пульта керування у виробництві деревних та костричних плит ;
6121 ;16163 ;;2 ;Оператор цехів для приготування кормів (тваринництво) ;
8251 ;;;;Оператор цифрового друкування ;
8251;;;;Оператор цифрової розмножувальної машини (різографа, дуплікатора і т. ін.);
8261 ;16167 ;47 ;;Оператор чесально-в'язального устаткування ;
8261 ;16170 ;47 ;;Оператор чесального устаткування ;
8261 ;16171 ;47 ;;Оператор чесально-дублювального агрегата ;
8261 ;16179 ;47 ;;Оператор чесально-стрічкового агрегата ;
8264 ;16183 ;47 ;;Оператор чистильної машини ;
8263 ;16185 ;;13 ;Оператор швацького устаткування ;
8271 ;16025 ;;10 ;Оператор швидкоморозильних апаратів ;
8262 ;16187 ;47 ;;Оператор ширильного устаткування ;
8261 ;16189 ;47 ;;Оператор шліхтувального устаткування ;
8161 ;16191 ;;41 ;Оператор щита (пульта) керування перетворювальної підстанції ;
3143 ;24222 ;- ;;Оператор-випробувач бортовий ;
8223 ;15555 ;;42 ;Оператор-гальванік на автоматичних та напівавтоматичних лініях ;
3340 ;24221 ;;68 ;Оператор-інструктор бортовий ;
3131 ;24224 ;- ;;Оператор-кінокореспондент ;
7221 ;15655 ;;42 ;Оператор-коваль на автоматичних і напівавтоматичних лініях ;
8122 ;15687 ;;42 ;Оператор-ливарник на автоматах та автоматичних лініях ;
8113 ;15722 ;;6 ;Оператор-моторист станції контролю цементажу ;
9322 ;15738 ;20 ;;Оператор-намазувальник ;
8131 ;15750 ;20 ;;Оператор-нарізувач ;
8123 ;16069 ;;42 ;Оператор-терміст на автоматичних лініях ;
8123 ;|16071 ;;64 ;Оператор-терміст на пересувних термічних установках ;
4212 ;;;;Операціоніст (банк) ;
2423 ;;;;Оперуповноважений (з дипломом магістра);
2424 ;;;;Оперуповноважений (пенітенціарна система) ;
3451 ;;;;Оперуповноважений ;
8232 ;16225 ;27 ;;Оплавлювач виробів ;
8269 ;16229 ;47 ;;Оплавлювач полотна та виробів ;
7139 ;;;;Опоряджувальник будівельний ;
7142 ;16314 ;;16 ;Опоряджувальник виробів з деревини ;
8139 ;16237 ;;40 ;Оправник вогнетривких виробів ;
7321 ;16241 ;45 ;;Оправник електрокерамічних виробів ;
7321 ;16239 ;45 ;;Оправник-чистильник ;
7311 ;16257 ;20 ;;Оптик елементів квантових приладів ;
7311 ;16253 ;;48 ;Оптик медичний ;
7311 ;16251 ;;49 ;Оптик ;
7311 ;16255 ;;49 ;Оптик-механік ;
3224 ;- ;;78 ;Оптометрист ;
3435.2 ;;;;Організатор діловодства (види економічної діяльності) ;
3435.1 ;;;;Організатор діловодства (державні установи) ;
3435.3 ;;;;Організатор діловодства (система судочинства) ;
3439;;;;Організатор з обслуговування перевезень (на автотранспорті);
3423 ;;;;Організатор з персоналу ;
3419 ;;;;Організатор з постачання ;
3419 ;;;18 ;Організатор зі збуту;
3414 ;24281 ;;81, 67 ;Організатор подорожей (екскурсій) ;
2359.2 ;24275 ;- ;;Організатор позакласної та позашкільної виховної роботи з дітьми ;
3439 ;;;;Організатор природокористування ;
5149 ;24284 ;;87 ;Організатор ритуалу ;
3476;;;;Організатор соціокультурної діяльності (проєктів);
1229.6 ;24288 ;;82 ;Організатор трюкових зйомок (сцен) ;
3414 ;;;;Організатор туристичної і готельної діяльності ;
3431 ;24290 ;- ;;Оргсекретар (асоціації, союзу, федерації) ;
2211.2 ;;;;Орнітолог ;
8223 ;16265 ;;42 ;Освинцювальник ;
4190 ;16263 ;;84 ;Освітлювач ;
4222;;;;Офіс-адміністратор;
4121;;;;Офісний службовець (аудит);
4121;;;;Офісний службовець (аукціон);
4141;;;;Офісний службовець (бібліотека);
4122;;;;Офісний службовець (боргові зобов'язання);
4121;-;;1;Офісний службовець (бухгалтерія);
4144;;;;Офісний службовець (документознавство);
4111;;;;Офісний службовець (друкування);
4122;;;;Офісний службовець (застава та іпотека);
4122;;;;Офісний службовець (інвестиції);
4222;;;;Офісний службовець (інформація);
4121;;;;Офісний службовець (каса);
4141;;;;Офісний службовець (копіювання документів);
4122;;;;Офісний службовець (кредит);
3439;;;;Офісний службовець (недержавні установи юриспруденції);
4122;;;;Офісний службовець (оцінка вартості);
4133;;;;Офісний службовець (перевезення вантажів);
4132;;;;Офісний службовець (планування виробництва);
4221;;;;Офісний службовець (подорожі);
4131;;;;Офісний службовець (постачання);
4131;;;;Офісний службовець (реєстрація та облік);
4121;;;;Офісний службовець (розрахунок собівартості);
4141;;;;Офісний службовець (систематизація документів);
4122;;;;Офісний службовець (статистика);
3439;;;;Офісний службовець (страхування);
4141;;;;Офісний службовець (фотокопіювання);
4122;;;;Офісний службовець (цінні папери);
2427;;;;Офіцер (прикордонна служба);
5123 ;;;67 ;Офіціант судновий ;
5123 ;16399 ;;65 ;Офіціант ;
2223.2 ;;;;Офіційний лікар ветеринарної медицини ;
5312 ;;;;Оформлювач вітрин, приміщень та будівель ;
8290 ;16401 ;;7 ;Оформлювач готової продукції ;
7332 ;16405 ;;60 ;Оформлювач іграшок ;
9322 ;16407 ;60 ;;Оформлювач колекцій ;
7344 ;16409 ;69 ;;Оформлювач табло віньєток та альбомів ;
8264 ;16411 ;47 ;;Охолоджувач тканини ;
5169 ;- ;;1 ;Охоронець ;
5169 ;- ;;1 ;Охоронник ;
5169 ;;;;Охоронник-пожежний ;
8223 ;16415 ;;42 ;Оцинковувач гарячим способом ;
8223 ;16417 ;;42 ;Оцинковувач-хромувальник дифузійним способом ;
3417 ;- ;- ;;Оцінювач (експертна оцінка майна) ;
2412.2;;;;Оцінювач професійної кваліфікації;
3417 ;- ;- ;;Оцінювач ;
3417 ;- ;- ;;Оцінювач-експерт ;
8290 ;19304 ;;43 ;Пакувальник електродів ;
7413 ;;;;Пакувальник сиру твердого на термоусадочній машині ;
8229;;;;Пакувальник спеціальних виробів (спеціальні хімічні виробництва);
9322 ;19298 ;;12 ;Пакувальник стосів ;
8290 ;19300 ;;35 ;Пакувальник цементу ;
9322 ;19302 ;;42 ;Пакувальник-цементувальник ;
2442.2 ;;;;Палеогеограф ;
2442.2 ;24307 ;- ;;Палеограф ;
2211.2 ;24308 ;- ;;Палеонтолог ;
7345 ;16519 ;59 ;;Палітурник ;
4141;;;;Палітурник документів (архівна справа);
7346 ;16425 ;47 ;;Пантографіст ;
2211.2 ;;;;Паразитолог ;
3221;;;;Парамедик;
8152 ;16427 ;20 ;;Парафінувальник (електронна техніка) ;
8252 ;16427 ;59 ;;Парафінувальник (поліграфічне виробництво) ;
8139 ;16429 ;65 ;;Парафінувальник виробів (виробництво художніх виробів) ;
8139 ;16429 ;;40 ;Парафінувальник виробів (чорна металургія) ;
9322 ;16431 ;45 ;;Парафінувальник керамічних та фарфорових виробів ;
9322 ;16433 ;65 ;;Парафінувальник художніх виробів ;
3475 ;24309 ;- ;;Парашутист-випробувач ;
5161 ;16435 ;- ;;Парашутист-пожежний ;
3475 ;24311 ;- ;;Парашутист-рятувальник ;
3475 ;24312 ;- ;;Парашутист-укладальник парашутів ;
7132 ;16445 ;;64 ;Паркетник ;
4215 ;;;;Паркувальник ;
4144 ;24310 ;;1 ;Паспортист ;
5141 ;16450 ;;82 ;Пастижер ;
7321 ;16452 ;65 ;;Патинувальник ;
7346 ;16454 ;47 ;;Патроніст малюнків ;
8159;;;;Патронувальник;
7212;;;;Паяльник агрегатів ракетних рідинних двигунів;
7212 ;16458 ;;45 ;Паяльщик пакетів конденсаторів ;
8232 ;16460 ;;42 ;Паяльщик по вініпласту ;
7212 ;16462 ;;64 ;Паяльщик по свинцю (свинцевопаяльщик) ;
9322 ;16464 ;20 ;;Паяльщик радіодеталей ;
7322 ;16466 ;44 ;;Паяльщик сіток та шинок на склі ;
7212;;;;Паяльщик спеціальних виробів (спеціальні хімічні виробництва);
8124 ;16468 ;;40 ;Паяльщик труб ;
7212 ;16456 ;;42 ;Паяльщик ;
3340 ;- ;- ;;Педагог професійного навчання ;
2359.2 ;;;5* ;Педагог-валеолог ;
2359.2 ;24313 ;;87 ;Педагог-організатор ;
5141 ;;;5* ;Педикюрник ;
8274 ;16474 ;;11 ;Пекар комплексно-механізованої лінії ;
7412 ;16472 ;;65, 11 ;Пекар ;
8274 ;16476 ;;11 ;Пекар-майстер ;
8152 ;16478 ;;41 ;Пекоплавильник ;
9322 ;16482 ;44 ;;Перебивач друку та малюнків ;
9322 ;16484 ;45 ;;Перебивач малюнків ;
7343 ;16486 ;59 ;;Перебивач форм глибокого друкування ;
7431 ;16682 ;47 ;;Перевіряльник веретен ;
7431 ;16684 ;47 ;;Перевіряльник розводок ;
7233 ;17322 ;;56 ;Перевіряльник судновий ;
8221 ;17469 ;31 ;;Переглядач ампул з ін'єкційними розчинами ;
8221 ;17471 ;31 ;;Переглядач продукції медичного призначення ;
8139 ;16488 ;;37 ;Перегонник печей та трансбордерних установок ;
8159 ;16490 ;25 ;;Перезарядник контактних апаратів ;
8231 ;16492 ;33 ;;Перезарядник складальних верстатів ;
8231 ;16494 ;33 ;;Перезарядник установки декристалізації каучуку ;
8153 ;16495 ;28 ;;Перезарядник фільтр-пресів та діалізаторів ;
9311 ;16249 ;;5 ;Перекидальник ;
5133;;;;Перекладач жестової мови (сурдоперекладач);
2444.2 ;24325 ;- ;;Перекладач технічної літератури ;
2444.2 ;24316 ;;1 ;Перекладач ;
2340 ;;;80;Перекладач-дактилолог закладу освіти;
2444.2 ;24319 ;;80 ;Перекладач-дактилолог ;
2444.2 ;24322 ;- ;;Перекладач-секретар сліпого вчителя (викладача) ;
8231 ;16497 ;33 ;;Перекочувач тканини та прокладки ;
8212 ;16499 ;;36 ;Перекристалізаторник ;
8232 ;16517 ;;45 ;Перемотувальник електроізоляційних матеріалів ;
8159 ;16507 ;28 ;;Перемотувальник нитки ;
8262 ;16509 ;47 ;;Перемотувальник основ ;
8122 ;16511 ;;41 ;Перемотувальник рулонів ;
8261 ;16515 ;29 ;;Перемотувальник склотканини ;
8261 ;16505 ;47 ;;Перемотувальник стрічки (виробництво вовни) ;
8122 ;16505 ;;40 ;Перемотувальник стрічки (чорна металургія) ;
9321 ;16501 ;;45 ;Перемотувальник ;
8152 ;16513 ;26 ;;Перемотувальник-сортувальник ;
4144 ;24332 ;- ;;Переписувач нот за Брайлем ;
4144 ;24329 ;- ;;Переписувач нот ;
8159 ;16523 ;;62 ;Переробник радіоактивних відходів ;
8262 ;16525 ;47 ;;Пересаджувач сіток ;
9322 ;16527 ;48 ;;Перетягальник рукавичкової шкіри ;
5139;;;;Перукар собак (грумер);
5141 ;16437 ;;5* ;Перукар (перукар-модельєр) ;
8212 ;16530 ;38 ;;Перфораторник (виробництво азбестових технічних виробів) ;
8252 ;16530 ;59 ;;Перфораторник (поліграфічне виробництво) ;
8224 ;16532 ;34 ;;Перфораторник магнітних стрічок ;
8143 ;- ;;17 ;Перфораторник паперових виробів ;
8232 ;16534 ;27 ;;Перфораторник плівок з пластичних мас ;
8124 ;16536 ;;41 ;Перфораторник фольги ;
1120.1 ;- ;- ;;Перший віце-прем'єр-міністр України ;
1120.4 ;;;;Перший заступник Генерального прокурора ;
1120.4 ;;;;Перший заступник голови Апеляційного суду України ;
1110 ;- ;- ;;Перший заступник голови Верховної Ради України ;
1120.1 ;- ;- ;;Перший заступник голови державного комітету України ;
1120.1 ;- ;- ;;Перший заступник голови комітету України ;
1120.1;;;;Перший заступник голови Національного банку України;
1120.1;;;;Перший заступник голови Національної поліції;
1120.1;;;;Перший заступник голови Національної ради;
1120.1 ;- ;- ;;Перший заступник голови Ради міністрів Автономної Республіки Крим ;
1120.1 ;- ;- ;;Перший заступник голови Служби безпеки України ;
1120.1;;;;Перший заступник голови Фонду державного майна України;
1120.1 ;- ;- ;;Перший заступник керівника головного управління, іншого органу державної виконавчої влади, підвідомчого Кабінету Міністрів України ;
1120.4;;;;Перший заступник керівника Спеціалізованої антикорупційної прокуратури;
1120.1 ;- ;- ;;Перший заступник міністра України ;
2114.2 ;24333 ;- ;;Петрограф ;
8122 ;16580 ;;41 ;Печовий відновлення заліза та відпалу залізних порошків ;
8122 ;16598 ;;41 ;Печовий з виробництва триоксиду сурми ;
8122 ;16593 ;;41 ;Печовий з відновлення нікелевого порошку ;
8122 ;16594 ;;41 ;Печовий з відновлення термічним способом ;
8122 ;16596 ;;41 ;Печовий з перероблення титановмісних та рідкоземельних матеріалів ;
8122 ;16583 ;;41 ;Печовий йодидного рафінування ;
8122 ;16585 ;;41 ;Печовий на вельц-печах ;
8122 ;16587 ;;41 ;Печовий на відновленні й дистиляції титану та рідкісних металів ;
8122 ;16589 ;;41 ;Печовий на одержанні цинкового купоросу ;
8122 ;16581 ;;41 ;Печовий у виробництві цинкового пилу ;
8278 ;;;;Пивовар ;
7222 ;16602 ;;3 ;Пилкоправ ;
4144 ;;;;Писар ;
2451.2 ;;- ;;Письменник (інший автор);
3119 ;23136 ;;11 ;Питлівник ;
9322 ;16686 ;47 ;;Підбирач аврових основ ;
9322 ;16688 ;48 ;;Підбирач деталей та виробів на потік ;
4141 ;16696 ;- ;;Підбирач довідкового та інформаційного матеріалу ;
7311 ;16694 ;31 ;;Підбирач забарвлення штучних зубів ;
7313 ;16690 ;65 ;;Підбирач каменів ;
8232 ;16692 ;27 ;;Підбирач прес-матеріалів ;
9321 ;16700 ;44 ;;Підбирач скла ;
8261 ;16698 ;47 ;;Підбирач ставок ;
8139 ;16701 ;;37 ;Підбирач-обліковець абразивних виробів ;
9322 ;16705 ;;47 ;Підганяльник котушок ;
8290 ;16707 ;;45 ;Підганяльник шунтів ;
8231 ;16738 ;33 ;;Піддувальник виробів ;
8232 ;16742 ;29 ;;Підклеювач скловолокнистих матеріалів ;
9322 ;16746 ;48 ;;Підношувач сировини, напівфабрикатів, хімічних матеріалів та відходів виробництва у сировинних, дубильно-фарбувальних та формалінових цехах ;
9322 ;16744 ;48 ;;Підношувач сировини, напівфабрикатів, хімічних матеріалів, відходів виробництва у відмочувально-зольних, дубильно-фарбувальних і жирувальних цехах ;
7112;;;;Підривник;
7112;;;;Підривник (спеціальні хімічні виробництва) ;
7112 ;11431 ;;3 ;Підривник на лісових роботах ;
7112;;;;Підривник-розрядник боєприпасів;
8124 ;16748 ;;40 ;Підручний вальцювальника стана гарячого прокату труб ;
8122 ;16750 ;;40 ;Підручний вальцювальника стана гарячого прокату ;
8124 ;16752 ;;40 ;Підручний вальцювальника стана холодного прокату труб ;
8122 ;16754 ;;40 ;Підручний вальцювальника стана холодного прокату ;
8121 ;16756 ;;40 ;Підручний сталевара вакуумної печі ;
8121 ;16767 ;;40 ;Підручний сталевара електропечі ;
8121;;;;Підручний сталевара конверторного виробництва (конвертера);
8121 ;16760 ;;40 ;Підручний сталевара мартенівської печі ;
8121 ;16762 ;7 ;;Підручний сталевара печі прямого відновлення заліза ;
8121 ;16765 ;;40 ;Підручний сталевара установки електрошлакового переплаву ;
8121 ;16764 ;;40 ;Підручний сталевара установки позапічного оброблення сталі ;
9322 ;16771 ;;1 ;Підсобний робітник ;
8340 ;16779 ;73 ;;Підшкіпер ;
3143 ;16604 ;;68 ;Пілот (другий пілот) ;
7241 ;16608 ;;1 ;Пірометрист ;
4190 ;16611 ;;82 ;Піротехнік ;
7211 ;16538 ;;55 ;Піскозліплювальник ;
8131 ;16542 ;44 ;;Піскоструминник скла ;
7143 ;16540 ;;64 ;Піскоструминник ;
7122 ;16600 ;;64 ;Пічник ;
8221 ;16613 ;31 ;;Плавильник (виробництво медикаментів) ;
8122 ;16613 ;;41 ;Плавильник (вторинна переплавка кольорових металів) ;
8121 ;16613 ;;41 ;Плавильник (плавка руд кольорових металів) ;
8139 ;16615 ;;37 ;Плавильник абразивних матеріалів ;
8122 ;16617 ;;41 ;Плавильник барієвого електроліту ;
8152;;;;Плавильник вибухових речовин (спеціальні хімічні виробництва);
7322 ;16621 ;;49 ;Плавильник виробів з кварцового непрозорого скла ;
8131 ;16634 ;;40 ;Плавильник вогнетривкої сировини ;
8122 ;16619 ;;40 ;Плавильник вторинного олова ;
8122 ;16651 ;;41 ;Плавильник електронно-променевої плавки ;
8152 ;16653 ;;42 ;Плавильник емалі ;
7322 ;16632 ;;49 ;Плавильник зневодненого кварцового скла ;
8122 ;16628 ;;42 ;Плавильник металу на вакуумних печах ;
8122 ;16626 ;;42 ;Плавильник металу та сплавів ;
8152 ;16630 ;48 ;;Плавильник нафталіну та фенолів ;
8121 ;16638 ;;40 ;Плавильник розкислювачів ;
8122 ;16640 ;;45 ;Плавильник свинцевих сплавів ;
8121 ;16642 ;;40 ;Плавильник синтетичних шлаків ;
8152 ;16644 ;29 ;;Плавильник скловолокна ;
8122 ;16645 ;;40 ;Плавильник феросплавів ;
8275 ;16636 ;;7 ;Плавильник харчового жиру ;
8122 ;16647 ;20 ;;Плавильник циклонної установки ;
8122 ;16649 ;20 ;;Плавильник шоопсплаву та вісмуту ;
7311 ;16624 ;20 ;;Плавильник-ливарник прецизійних сплавів ;
8152 ;16655 ;;38 ;Плакувальник алмазних порошків, кристалів та надтвердих матеріалів ;
8223 ;16657 ;;41 ;Плакувальник виробів ;
8223 ;16659 ;;40 ;Плакувальник полімерних матеріалів на метал ;
7311 ;16661 ;;21 ;Планіметрист ;
4190 ;;;;Планшетист ;
8231 ;16663 ;33 ;;Пластикаторник ;
7332 ;16665 ;;57 ;Плетільник меблів ;
8263 ;16667 ;;13 ;Плісирувальник-гофрувальник ;
6111 ;16668 ;;2 ;Плодоовочівник ;
4133 ;16669 ;- ;;Пломбувальник вагонів та контейнерів ;
8264 ;17523 ;66 ;;Плямовивідник ;
9322 ;16680 ;44 ;;Повертальник ;
3415 ;;;;Повірений морський (супервайзер) ;
8139 ;16740 ;;37 ;Подинник ;
5161 ;16781 ;;5* ;Пожежний (респіраторник) ;
5161 ;;;;Пожежний-рятувальник ;
7324 ;16785 ;65 ;;Позолотник художніх виробів ;
7241 ;16783 ;;66 ;Поїзний електромеханік ;
5142 ;11695 ;;87 ;Покоївка ;
7139 ;;;;Покрівельник будівельний ;
7131 ;13201 ;;64 ;Покрівельник рулонних покрівель та покрівель із штучних матеріалів ;
7131 ;13203 ;;64 ;Покрівельник сталевих покрівель ;
8224 ;16789 ;34 ;;Поливальник магнітних доріжок ;
8224 ;16791 ;34 ;;Поливальник світлофільтрів ;
8224 ;16787 ;34 ;;Поливальник-лакувальник фотоматеріалів ;
2490;;;;Поліграфолог;
8159 ;16797 ;;11 ;Полімеризаторник металевих форм та листів ;
8159 ;16795 ;;11 ;Полімеризаторник ;
8261 ;16799 ;47 ;;Полірувальник (виробництво текстилю) ;
7224 ;16799 ;;42 ;Полірувальник (механічне оброблення металів) ;
7224;;;;Полірувальник (спеціальні хімічні виробництва);
8232 ;16801 ;27 ;;Полірувальник водневим полум'ям ;
7313 ;16803 ;;38 ;Полірувальник волок з алмазів та надтвердих матеріалів ;
9322 ;16804 ;;51 ;Полірувальник голок ;
8122 ;16810 ;;40 ;Полірувальник листів та стрічок ;
8211 ;16812 ;;55 ;Полірувальник лопаток ;
7312 ;16814 ;;59 ;Полірувальник музичних інструментів ;
7322 ;16816 ;;49 ;Полірувальник оптичних деталей ;
7322 ;16818 ;44 ;;Полірувальник скла та скловиробів ;
7322 ;16819 ;44 ;;Полірувальник скловиробів кислотою ;
7313 ;16821 ;;50 ;Полірувальник технічних каменів ;
9322 ;16823 ;59 ;;Полірувальник формних циліндрів глибокого друкування ;
7311 ;16825 ;;48 ;Полірувальник хірургічних інструментів та апаратів ;
7324 ;16827 ;65 ;;Полірувальник художніх виробів ;
9322 ;16808 ;48 ;;Полірувальник шкір ;
8159 ;16829 ;;8 ;Полірувальник шроту ;
7224;;;;Полірувальник-доводжувач спеціальних виробів;
2443.2 ;- ;- ;;Політичний оглядач ;
2443.2 ;- ;- ;;Політолог ;
5162;;;;Поліцейський (за спеціалізаціями);
3451;;;;Поліцейський офіцер громади;
5162;;;;Поліцейський патрульної служби;
5162;;;;Поліцейський поліції особливого призначення;
8340 ;16786 ;- ;;Польовий (шляховий) робітник розвідувальної руслової партії ;
8159 ;16833 ;20 ;;Поляризатор ;
2421.2;;;;Помічник адвоката;
2490;;;;Помічник арбітражного керуючого;
8113 ;- ;;6 ;Помічник бурильника експлуатаційного та розвідувального буріння свердловин на нафту й газ ;
8113 ;16842 ;;6 ;Помічник бурильника експлуатаційного та розвідувального буріння свердловин під час електробуріння ;
8113 ;16835 ;;6 ;Помічник бурильника капітального ремонту свердловин ;
8119 ;;;;Помічник бурильника свердловин (добування нафти й газу) ;
5139 ;;;;Помічник ветеринара ;
5131 ;16844 ;- ;;Помічник вихователя ;
1229.1 ;;;;Помічник вищого державного службовця центрального органу державної влади ;
5131 ;;;;Помічник вчителя ;
2429;;;;Помічник Голови Верховного Суду;
3432;;;;Помічник голови суду;
5162;;;;Помічник дільничного офіцера поліції;
2429;;;;Помічник заступника Голови Верховного Суду;
3142 ;;;;Помічник капітана - помічник механіка (суднового) ;
1222.1 ;;;;Помічник капітан-директора з видобутку ;
1222.1 ;;;;Помічник капітан-директора з виробництва ;
3436.1 ;;;;Помічник керівника (директора, начальника і т. ін.) установи виконання покарань ;
3436.2 ;;;;Помічник керівника виробничого підрозділу ;
3436.2 ;;;;Помічник керівника іншого основного підрозділу ;
3436.3 ;;;;Помічник керівника малого підприємства без апарату управління ;
3436.1 ;;;76 ;Помічник керівника підприємства (установи, організації) ;
5162;;;;Помічник командира взводу (поліція);
3221 ;;;78 ;Помічник лікаря-епідеміолога ;
3225 ;;;78 ;Помічник лікаря-стоматолога ;
1221.2;;;;Помічник лісничого;
8264 ;16848 ;47 ;;Помічник майстра (вибілювання, фарбування та чищення) ;
7431 ;16850 ;47 ;;Помічник майстра (конопледжутове виробництво) ;
7431 ;16849 ;47 ;;Помічник майстра (лляне виробництво) ;
8261 ;16848 ;47 ;;Помічник майстра (оброблення волокна та перемотування нитки) ;
7432 ;16852 ;47 ;;Помічник майстра (сітков'язальне виробництво) ;
8269 ;16848 ;47 ;;Помічник майстра (текстильні, хутряні та шкіряні вироби) ;
8262 ;16848 ;47 ;;Помічник майстра (ткацькі верстати та в'язальні машини) ;
8159 ;16848 ;24 ;;Помічник майстра (хімічне виробництво) ;
8311 ;;;;Помічник машиніста електропоїзда ;
8340 ;16891 ;73 ;;Помічник механіка ;
5162;;;;Помічник начальника пункту;
2423 ;;;;Помічник начальника чергової частини ;
3432;;;;Помічник нотаріуса;
3432;;;;Помічник нотаріуса держаного;
5162 ;;;;Помічник оперуповноваженого ;
5142;;;;Помічник по господарству;
1229.1 ;;;;Помічник Президента України;
3432;;;;Помічник приватного виконавця;
3450;;;99;Помічник приватного детектива;
5162 ;;;;Помічник слідчого ;
3432;;;;Помічник судді;
2429;;;;Помічник судді (Верховного суду);
5139 ;;;;Помічник фармацевта ;
5169;;;;Помічник чергового;
3432;;;;Помічник члена Вищої ради правосуддя;
3436.9 ;;;;Помічник члена комісії ;
3432;;;;Помічник юриста;
2419.3 ;;;;Помічник-консультант народного депутата України (члена Національної ради);
5121 ;;;87 ;Портьє ;
9322 ;16911 ;55 ;;Порціоніст лао-ча ;
8122 ;16913 ;;40 ;Посадчик металу (прокатне виробництво) ;
8124 ;16913 ;;40 ;Посадчик металу (трубне виробництво) ;
9322 ;16915 ;48 ;;Посадчик ременів ;
3460;;;;Посередник громади;
9311 ;16921 ;43 ;;Посипальник слюдою ;
3439 ;;;;Посланник ;
1120.3 ;24356 ;- ;;Посол з особливих доручень ;
1120.3 ;24353 ;- ;;Посол ;
8139 ;16917 ;;37 ;Постановник-вивантажувач абразивних виробів ;
9151 ;;;;Постачальник замовлень ;
9311 ;11891 ;;5 ;Постачальник кріпильних матеріалів у шахту ;
9151 ;11893 ;;66 ;Постачальник поїзних документів ;
1229.1 ;;;;Постійний представник Президента України ;
8340 ;16919 ;- ;;Постовий робітник судноплавної обстановки ;
7442 ;16930 ;48 ;;Пошивник лимарно-сідельних виробів ;
9322 ;16929 ;48 ;;Пошивник технічних виробів ;
8266 ;16927 ;48 ;;Пошивник шкірогалантерейних виробів ;
8139 ;16942 ;;37 ;Правильник абразивних кругів ;
8131 ;16936 ;44 ;;Правильник біля склоформувальної та опалювальної машин ;
8231 ;16946 ;33 ;;Правильник дроту та плетінки ;
7221 ;16934 ;;42 ;Правильник на машинах ;
8122 ;16938 ;;40 ;Правильник прокату й труб (прокатне виробництво) ;
8124 ;16938 ;;40 ;Правильник прокату й труб (трубне виробництво) ;
9322 ;16940 ;65 ;;Правильник рогових пластин ;
7221 ;16932 ;;42 ;Правильник ручним способом ;
7432 ;16948 ;47 ;;Правильник технологічного оснащення ;
7434 ;16944 ;48 ;;Правильник хутряних шкурок та скроїв виробів ;
2445.2 ;;;80 ;Практичний психолог ;
9133 ;11676 ;66 ;;Прасувальник ;
4131 ;;;;Працівник з господарської діяльності закладу охорони здоров’я;
5129;;;;Працівник з обслуговування ресторанного обладнання;
5129;;;;Працівник закладу ресторанного господарства;
7143;;;;Працівник пест-контролю;
2419.3;;;;Представник;
3429 ;- ;- ;;Представник з реклами ;
1120.3 ;24408 ;;;Представник Міністерства закордонних справ - керівник дипломатичного агентства ;
1229.3;;;;Представник Національної ради;
1120.3 ;24411 ;- ;;Представник постійний ;
1229.1 ;;;;Представник Президента України;
3415 ;24414 ;;65 ;Представник торговельний ;
1210.1 ;- ;- ;;Президент (голова правління, інший керівник) спілки, асоціації чи іншого об'єднання комерційних банків ;
1143.4 ;- ;- ;;Президент (інша вища посадова особа) спеціалізованого фонду некомерційного характеру ;
1210.1 ;- ;;67, 68 ;Президент компанії ;
1143.1 ;- ;- ;;Президент національної академії (наук, мистецтв і т. ін.) України ;
1110 ;- ;- ;;Президент України ;
1143.4 ;- ;;85 ;Президент федерації виду спорту ;
1120.1 ;- ;- ;;Прем'єр-міністр України ;
9211 ;16955 ;70 ;;Препаратор (ветеринарна медицина) ;
7332 ;16966 ;60 ;;Препаратор анатомічних зрізів ;
7332 ;16953 ;60 ;;Препаратор біологічних об'єктів ;
8221 ;16961 ;;25 ;Препаратор виробництва біосинтетичних лікувальних засобів ;
8221 ;16963 ;;25 ;Препаратор виробництва склоподібного тіла ;
7332 ;16957 ;60 ;;Препаратор з анатомії ;
7332 ;16959 ;60 ;;Препаратор з мікрозоології ;
7332 ;16965 ;60 ;;Препаратор скелетів дрібних тварин ;
7341 ;16950 ;59 ;;Препаратор ;
8151 ;16968 ;26 ;;Препараторник ;
1229.1 ;;;;Прес-секретар ;
1234 ;;;;Прес-секретар ;
8252 ;16970 ;59 ;;Пресувальник (поліграфічне виробництво) ;
8229;;;;Пресувальник (спеціальні хімічні виробництва);
8229 ;16970 ;24 ;;Пресувальник (хімічне виробництво) ;
8265 ;16970 ;48 ;;Пресувальник (хутряне виробництво) ;
8159 ;16972 ;;45 ;Пресувальник агломератів ;
8212 ;;;35 ;Пресувальник волокнистоцементних виробів;
8212 ;16975 ;43 ;;Пресувальник асфальтових плиток ;
8232 ;17134 ;27 ;;Пресувальник бавовняної целюлози та відходів целулоїду ;
8232 ;16977 ;27 ;;Пресувальник блоків целулоїду ;
7221 ;17046 ;;40 ;Пресувальник брухту та відходів металу ;
8269 ;16981 ;47 ;;Пресувальник валяльно-повстяних виробів та шкурок ;
8131 ;17014 ;;34 ;Пресувальник виробів будівельної кераміки ;
8212 ;17016 ;20 ;;Пресувальник виробів електронної техніки ;
7422 ;17004 ;;16 ;Пресувальник виробів з деревини ;
7322 ;17006 ;;49 ;Пресувальник виробів з оптичного скла та кристалів ;
8232 ;17008 ;27 ;;Пресувальник виробів з пластмас ;
9322 ;17010 ;65 ;;Пресувальник виробів із рогового порошку ;
8131 ;17012 ;44 ;;Пресувальник виробів із склопорошку ;
8261 ;17073 ;47 ;;Пресувальник відходів (виробництво текстилю) ;
8142 ;17073 ;;17 ;Пресувальник відходів (виробництво целюлози, паперу, картону й виробів з них) ;
8139 ;17064 ;;40 ;Пресувальник вогнетривких виробів ;
8261 ;16985 ;47 ;;Пресувальник волокна (конопледжутове виробництво) ;
8261 ;16983 ;47 ;;Пресувальник волокна (лляне виробництво) ;
8124 ;16995 ;;40 ;Пресувальник гарячих труб ;
7322 ;16991 ;44 ;;Пресувальник гарячого скла ;
8212 ;16993 ;38 ;;Пресувальник гарячого формування ;
8261 ;16997 ;47 ;;Пресувальник готової продукції та відходів ;
8141 ;17001 ;;16 ;Пресувальник деревних та костричних плит ;
8240 ;16999 ;;60 ;Пресувальник деталей для іграшок ;
8290 ;17148 ;;45 ;Пресувальник електровугільних виробів ;
8159 ;17138 ;;45 ;Пресувальник електродів та елементів ;
8159 ;17136 ;;41 ;Пресувальник електродної продукції ;
8131 ;17142 ;45 ;;Пресувальник електрокерамічних виробів з пластичних мас ;
8131 ;17144 ;45 ;;Пресувальник електрокерамічних виробів з порошкових мас ;
8131 ;17140 ;45 ;;Пресувальник електрокерамічних виробів у гумових формах ;
8232 ;17146 ;;45 ;Пресувальник електротехнічних виробів ;
7221 ;17002 ;;42 ;Пресувальник заготовок для шпальтових сит ;
8232 ;17018 ;;45 ;Пресувальник ізоляційних матеріалів ;
8152 ;17020 ;;38 ;Пресувальник інструментів з алмазних порошків та надтвердих матеріалів ;
8143 ;- ;;17 ;Пресувальник картону ;
8159 ;17037 ;;8 ;Пресувальник колагенового джгута ;
8122 ;17034 ;;40 ;Пресувальник коліс та бандажів ;
7233 ;17035 ;;66 ;Пресувальник колісних пар ;
8142 ;17039 ;;17 ;Пресувальник кори ;
8232 ;17042 ;27 ;;Пресувальник листових матеріалів ;
8279 ;17048 ;55 ;;Пресувальник махоркового пилу ;
8212 ;17050 ;43 ;;Пресувальник міканіту та мікалексу ;
7346 ;17052 ;47 ;;Пресувальник молетів ;
8124 ;17058 ;;40 ;Пресувальник на випробуванні труб і балонів ;
7221 ;17056 ;;42 ;Пресувальник на гарячому штампуванні ;
8124 ;17054 ;;41 ;Пресувальник на гідропресах ;
8274 ;17085 ;;11 ;Пресувальник напівфабрикату макаронних виробів ;
8159 ;17060 ;;19 ;Пресувальник нафталіну ;
8159 ;17062 ;;43 ;Пресувальник обмазувального преса ;
8229 ;17022 ;;61 ;Пресувальник олівцевих блоків ;
7321 ;17065 ;;49 ;Пресувальник оптичної кераміки ;
8143 ;16979 ;;17 ;Пресувальник папероробної (картоноробної) машини ;
8221 ;17077 ;31 ;;Пресувальник перев'язувальних матеріалів ;
7424 ;17081 ;;3 ;Пресувальник плит з очерету ;
8277 ;;55 ;;Пресувальник плиткового чаю ;
8232 ;17079 ;27 ;;Пресувальник плівкових матеріалів прес-рулонним методом ;
8142 ;;;17 ;Пресувальник преспата ;
9322 ;17096 ;;10 ;Пресувальник рибного борошна ;
8261 ;17091 ;47 ;;Пресувальник рослинної повсті ;
8279 ;17098 ;;11 ;Пресувальник ряднини з-під тютюну ;
8152 ;17100 ;;45 ;Пресувальник секцій, котушок та ізоляційних деталей електричних машин і апаратів ;
8261 ;17115 ;;12 ;Пресувальник сировини та волокна ;
8272 ;17114 ;;8 ;Пресувальник сиру ;
9322 ;17108 ;;50 ;Пресувальник скла ;
8131 ;17106 ;44 ;;Пресувальник склопакетів ;
8212 ;17102 ;43 ;;Пресувальник слюдопластів ;
7322;;;;Пресувальник спеціальних мас;
8122 ;17104 ;;40 ;Пресувальник стальних профілів на установці гідроекструзії ;
8212 ;17110 ;;35 ;Пресувальник стінових виробів ;
8159 ;17112 ;;61 ;Пресувальник стрижнів ;
8124 ;17117 ;;41 ;Пресувальник твердих сплавів ;
8212 ;17119 ;;36 ;Пресувальник теплоізоляційних виробів ;
8262 ;17121 ;47 ;;Пресувальник тканини ;
7111 ;- ;;5 ;Пресувальник торфових виробів ;
8232 ;17125 ;27 ;;Пресувальник труб та профілів ;
8124 ;17127 ;;53 ;Пресувальник туб ;
8130 ;;;;Пресувальник у виробництві неметалевих виробів ;
8129 ;;;;Пресувальник у металургійному виробництві ;
8131 ;17129 ;45 ;;Пресувальник фарфорових труб ;
8159 ;17132 ;28 ;;Пресувальник хімічного волокна ;
8265 ;17032 ;48 ;;Пресувальник шкір ;
8232 ;16989 ;27 ;;Пресувальник-видувник целулоїдних виробів ;
8276 ;17071 ;;7 ;Пресувальник-віджимач харчової продукції (виробництво цукру) ;
8275 ;17071 ;;7 ;Пресувальник-віджимач харчової продукції (перероблення фруктів, овочів, олієнасіння та горіхів) ;
8277 ;17071 ;;7 ;Пресувальник-віджимач харчової продукції (перероблення чаю, кави, какао та шоколаду) ;
8231 ;16987 ;33 ;;Пресувальник-вулканізаторник ;
8231 ;17067 ;33 ;;Пресувальник-освинцювальник рукавів ;
8122 ;17089 ;;40 ;Пресувальник-прошивальник рейкових скріплень ;
8221 ;17130 ;;7 ;Пресувальник-формувальник харчової продукції (виробництво мила та косметики) ;
8276 ;17130 ;;7 ;Пресувальник-формувальник харчової продукції (виробництво цукру) ;
8275 ;17130 ;;7 ;Пресувальник-формувальник харчової продукції (перероблення фруктів, овочів, олієнасіння та горіхів) ;
8277 ;17130 ;;7 ;Пресувальник-формувальник харчової продукції (перероблення чаю, кави, какао та шоколаду) ;
9132 ;19258 ;;1 ;Прибиральник виробничих приміщень ;
9322 ;19257 ;;40 ;Прибиральник відходів металургійного виробництва ;
9322 ;19254 ;;40 ;Прибиральник гарячого металу ;
9132 ;19260 ;;1 ;Прибиральник службових приміщень ;
9161 ;19255 ;;87 ;Прибиральник сміттєпроводів ;
9162 ;19262 ;;1, 87 ;Прибиральник територій ;
9322 ;19252 ;;42 ;Прибиральник у ливарних цехах ;
9322 ;19263 ;;41 ;Прибиральник шлаку та оборотних матеріалів ;
3474 ;- ;;84 ;Приборкувач диких тварин ;
2429;;;;Приватний виконавець;
2429;;;99;Приватний детектив;
8261 ;17152 ;47 ;;Прив'язувальник ;
8151;;;;Приготувач просочувальних та ізолюючих сумішей;
8163 ;17248 ;;1 ;Приймальник балонів ;
7332 ;17250 ;60 ;;Приймальник біологічних матеріалів ;
8122 ;17252 ;;41 ;Приймальник дорогоцінних металів та сировини ;
4132 ;17254 ;;87, 1 ;Приймальник замовлень ;
4131 ;17256 ;- ;;Приймальник золота стоматологічних установ (підрозділів) ;
9322 ;17259 ;48 ;;Приймальник матеріалів, напівфабрикатів та готових виробів (легка промисловість) ;
9322 ;17259 ;;13 ;Приймальник матеріалів, напівфабрикатів та готових виробів (швацьке виробництво) ;
7413 ;17261 ;;8 ;Приймальник молочної продукції ;
8251 ;17263 ;59 ;;Приймальник на машинах та агрегатах ;
7411 ;17266 ;;8 ;Приймальник перо-пухової сировини ;
6152 ;17268 ;;4 ;Приймальник плавзасобів ;
9161;;;;Приймальник побутових відходів;
8312 ;;;66 ;Приймальник поїздів ;
8231 ;17272 ;33 ;;Приймальник покришок ;
4131 ;17274 ;- ;;Приймальник пункту прокату ;
9311 ;17278 ;;5 ;Приймальник руди та азбесту ;
8151 ;17292 ;;8 ;Приймальник сировини для клею ;
7441 ;17290 ;48 ;;Приймальник сировини ;
8229 ;17294 ;24 ;;Приймальник сировини, напівфабрикатів та готової продукції ;
4131 ;17282 ;;2, 65 ;Приймальник сільськогосподарських продуктів та сировини ;
7414 ;17286 ;55 ;;Приймальник солодкового кореня ;
9333 ;17296 ;;65 ;Приймальник товарів ;
8323 ;17298 ;;87 ;Приймальник трамваїв та тролейбусів ;
7411 ;17284 ;;8 ;Приймальник худоби ;
7411 ;17300 ;;8 ;Приймальник яєць ;
9322 ;17265 ;59 ;;Приймальник-відправник ;
7411 ;17280 ;;7 ;Приймальник-здавальник харчової продукції (виробництво м'ясних та рибних продуктів) ;
7414 ;17280 ;;7 ;Приймальник-здавальник харчової продукції (заготівля плодів, овочів та подібних продуктів) ;
7415 ;17280 ;;7 ;Приймальник-здавальник харчової продукції (змішування продуктів харчування та напоїв) ;
7413 ;17280 ;;7 ;Приймальник-здавальник харчової продукції (молочне виробництво) ;
7416 ;17280 ;;7 ;Приймальник-здавальник харчової продукції (перероблення тютюну) ;
7412 ;17280 ;;7 ;Приймальник-здавальник харчової продукції (хлібопекарне та кондитерське виробництва) ;
9322 ;17276 ;45 ;;Приймальник-роздавальник золотовмісних препаратів ;
7411 ;17288 ;;8 ;Приймальник-сортувальник живої птиці та кролів ;
5111;;;;Прийомоздавальник вантажу та багажу;
5111;;;;Прийомоздавальник вантажу та багажу в поїздах;
7311 ;17150 ;20 ;;Приладист (електронна техніка) ;
7311 ;17150 ;;21 ;Приладист (перероблення нафти, нафтопродуктів, газу, сланців, вугілля та обслуговування магістральних трубопроводів) ;
6151 ;;;;Природоохоронник ;
8261 ;17304 ;47 ;;Присукальник основ ;
9322 ;17306 ;44 ;;Притиральник скловиробів ;
7431 ;17319 ;47 ;;Пробиральник (вовняне виробництво) ;
8290 ;17318 ;;44 ;Пробиральник основи металосіток ;
9322 ;17316 ;47 ;;Пробиральник ;
3119 ;24423 ;- ;;Пробірувальник ;
7349 ;;;;Пробіст (поліграфічна діяльність) ;
7341 ;17310 ;59 ;;Пробіст високого друкування ;
7341 ;17312 ;59 ;;Пробіст офсетного плоского друкування ;
8290 ;17314 ;;1 ;Пробовідбірник ;
9311 ;17320 ;;5 ;Пробуторник малолітражної драги ;
2455.2 ;;;;Провідний звукооператор ;
2145.2 ;20291 ;;68 ;Провідний інженер з експериментальних робіт і льотних випробувань систем повітряних суден ;
2145.2 ;20292 ;- ;;Провідний інженер з експлуатації повітряних суден ;
2145.2 ;20288 ;;68 ;Провідний інженер з льотних випробувань повітряних суден ;
2149.2 ;20289 ;- ;;Провідний інженер з об'єктивного контролю ;
2455.2 ;;;82 ;Провідний кінооператор комбінованих зйомок ;
2455.2 ;;;82 ;Провідний кінооператор ;
2455.2 ;;;82 ;Провідний кінооператор-постановник ;
2455.2 ;;;82 ;Провідний монтажер ;
5169 ;17328 ;;5* ;Провідник (вожатий) службових собак ;
5149 ;;;;Провідник (за видами туризму) ;
5112;;;;Провідник із супроводження вантажів;
5112 ;17341 ;;66 ;Провідник із супроводження локомотивів і пасажирських вагонів у неробочому стані ;
6121 ;17339 ;;2, 3 ;Провідник із супроводження тварин ;
9311 ;17330 ;;74 ;Провідник на геологічних пошуках і зйомці ;
5112 ;17332 ;;66 ;Провідник пасажирських вагонів у парках відстою вагонів ;
5112 ;17334 ;;66 ;Провідник пасажирського вагона ;
5112 ;17343 ;;66 ;Провідник службово-технічного вагона ;
5112 ;17324 ;73 ;;Провідник ;
9322 ;17349 ;47 ;;Пров'язувальник мотків ;
2132.2 ;;;;Програміст;
5230 ;- ;;65 ;Продавець (з лотка, на ринку) ;
5220 ;17351 ;;65 ;Продавець непродовольчих товарів ;
5220 ;17353 ;;65 ;Продавець продовольчих товарів ;
5220 ;;;;Продавець-консультант ;
1229.6 ;;;;Продюсер ;
8152 ;17367 ;;45 ;Прожарювач електровугільного виробництва ;
8139 ;17361 ;;37 ;Прожарювач зерна та шліфпорошків ;
8152 ;17363 ;;43 ;Прожарювач на печах ;
8151 ;17365 ;;45 ;Прожарювач порошку для кабеля ;
8123 ;17359 ;;41 ;Прожарювач ;
5169 ;17355 ;75 ;;Прожекторист ;
8124 ;17369 ;;41 ;Прокатник гарячого металу ;
9322 ;17379 ;;42 ;Прокатник куль ;
8232 ;17373 ;27 ;;Прокатник плівки ;
8212 ;17375 ;43 ;;Прокатник слюди ;
8131 ;17377 ;45 ;;Прокатник фарфорових труб ;
7441 ;17371 ;48 ;;Прокатник шкір ;
8264 ;17383 ;47 ;;Проклеювач ватиліну ;
8229 ;17385 ;35 ;;Проклеювач маси ;
8264 ;17381 ;47 ;;Проклеювач ;
1229.2 ;- ;- ;;Прокурор (області, міста, району) ;
2421.2 ;24450 ;- ;;Прокурор ;
2421.2;;;;Прокурор-стажист;
8131 ;17387 ;45 ;;Промазувальник форм ;
8221 ;17403 ;31 ;;Промивальник гідроксалу ;
8159 ;17405 ;20 ;;Промивальник деталей та вузлів ;
9322 ;17401 ;65 ;;Промивальник діамантів та алмазів ;
9322 ;17407 ;;50 ;Промивальник каменів ;
7322 ;17409 ;;49 ;Промивальник оптичних деталей ;
8264 ;17397 ;47 ;;Промивальник сировини ;
8264 ;17399 ;47 ;;Промивальник технічних сукон ;
8142 ;17411 ;;17 ;Промивальник целюлози ;
8290 ;17395 ;;66 ;Промивальник-пропарювач цистерн ;
9322 ;13426 ;;50 ;Промінник ;
8231 ;17357 ;33 ;;Пропалювач медичних виробів ;
8212 ;17415 ;42 ;;Пропарювач азбестоцементних та азбестосилітових виробів ;
9322 ;17417 ;55 ;;Пропарювач лао-ча ;
8131 ;17422 ;;35 ;Пропарювач стінових матеріалів ;
8152 ;17413 ;24 ;;Пропарювач ;
7421 ;17420 ;;16 ;Пропарювач-проварювач деревини ;
1210.1 ;;;;Проректор закладу вищої освіти;
8151 ;17451 ;;8 ;Просівальник (розсівальник) ;
8159;;;;Просівальник (спеціальні хімічні виробництва);
8131 ;17448 ;;35 ;Просівальник матеріалів ;
8139 ;17450 ;45 ;;Просівальник порошків ;
8151 ;17453 ;;45 ;Просівальник сипких матеріалів ;
8271 ;17455 ;;8 ;Просівальник технічної продукції ;
8279 ;17457 ;;11 ;Просівальник фарматури та відходів ;
8151 ;17459 ;;8 ;Просівальник фтористого натрію та гашеного вапна ;
8159 ;17467 ;24 ;;Просівальник ;
8139 ;17463 ;44 ;;Просівач бісеру ;
8139 ;17465 ;;40 ;Просівач порошків на механічних ситах ;
8151 ;17461 ;44 ;;Просівач ;
8232 ;17424 ;29 ;;Просочувальник (виробництво склопластиків) ;
8159 ;17424 ;20 ;;Просочувальник (електронна техніка) ;
8122 ;17424 ;;41 ;Просочувальник (кольорова металургія) ;
8152 ;17444 ;;45 ;Просочувальник електротехнічних виробів ;
7421 ;17436 ;;1 ;Просочувальник з вогнезахисного просочування ;
8152 ;17430 ;;45 ;Просочувальник кабелів та проводів ;
9322 ;17432 ;;61 ;Просочувальник олівцевих дощечок ;
8143 ;17426 ;;17 ;Просочувальник паперу та паперових виробів ;
8152 ;17428 ;;45 ;Просочувальник паперу та тканини ;
7421 ;17434 ;;16 ;Просочувальник пиломатеріалів та виробів з деревини ;
8264 ;17446 ;47 ;;Просочувальник пожежних рукавів ;
8212 ;17438 ;43 ;;Просочувальник слюдопластових матеріалів ;
8159 ;17440 ;;61 ;Просочувальник стрижнів ;
2229.2;;;;Протезист-ортезист;
8232 ;17473 ;27 ;;Протиральник виробів ;
9322 ;17477 ;;50 ;Протиральник годинникових скелець ;
9322 ;17479 ;20 ;;Протиральник електровакуумних приладів ;
8232 ;17475 ;27 ;;Протиральник стеарату кальцію ;
8229;;;;Протиральник-промивальник (спеціальні хімічні виробництва);
8261 ;17481 ;;12 ;Протравлювач бавовняного насіння ;
8265 ;17483 ;47 ;;Протравлювач шкурок ;
8232 ;17487 ;27 ;;Протягувальник штурвалів ;
8211 ;17485 ;;42 ;Протягувальник ;
2412.1 ;;;;Професіолог ;
2414.2;;;;Професіонал з антикорупційної діяльності;
2413.2 ;;;;Професіонал з ведення реєстру власників іменних цінних паперів ;
2225.2 ;;;;Професіонал з громадського здоров’я ;
2413.2 ;;;;Професіонал з депозитарної діяльності ;
2225.2 ;;;;Професіонал з довкілля та здоров’я ;
2225.2;;;;Професіонал з дослідження факторів навколишнього середовища ;
2419.2 ;;;;Професіонал з економічної кібернетики ;
2143.2;;;;Професіонал з експлуатації електричних станцій, енергетичних установок та мереж;
2143.2 ;;;;Професіонал з енергетичного менеджменту ;
2419.2 ;;;;Професіонал з інноваційної діяльності ;
2419.2 ;;;;Професіонал з інтелектуальної власності ;
2114.2;;;;Професіонал з інформаційного забезпечення геологорозвідувальних робіт;
2212.2;;;;Професіонал з клінічних досліджень;
2413.2 ;;;;Професіонал з корпоративного управління ;
2419.2;;;;Професіонал з лобіювання (лобіст);
2122.2;;;;Професіонал з медичної статистики;
2111.2 ;;;;Професіонал з медичної фізики ;
2423;;;99;Професіонал з охоронної діяльності та безпеки;
2452.2 ;;;;Професіонал з перукарського мистецтва і декоративної косметики ;
2213.2 ;;;;Професіонал з плодоовочівництва і виноградарства ;
2213.2 ;;;;Професіонал з рибальства ;
2412.2 ;;;;Професіонал з розвитку персоналу ;
2413.2 ;;;;Професіонал з торгівлі цінними паперами ;
2413.2 ;;;;Професіонал з управління активами ;
2229.2;;;;Професіонал з фармаконагляду;
2414.2 ;;;;Професіонал з фінансово-економічної безпеки ;
2444.2 ;;;;Професіонал з фольклористики ;
2419.2;;;;Професіонал із зв’язків з органами влади;
2149.2 ;;;;Професіонал із організації захисту інформації з обмеженим доступом ;
2413.2 ;;;;Професіонал-організатор торгівлі на ринку цінних паперів ;
2310.1;;;;Професор закладу вищої освіти;
7221 ;17489 ;;42 ;Профілювальник ;
2412.2 ;24457 ;;80 ;Профконсультант ;
7111 ;17493 ;;5 ;Прохідник гірничих схилів ;
7111 ;17495 ;;64 ;Прохідник на поверхневих роботах ;
7111 ;17491 ;;64, 5 ;Прохідник ;
8224 ;17497 ;34 ;;Проявляч кіноплівки ;
7221 ;17499 ;;42 ;Пружинник ;
8261 ;17501 ;47 ;;Прядильник ;
2445.2 ;24459 ;;1 ;Психолог ;
2445.2;;;;Психотерапевт;
6122 ;17503 ;;2 ;Птахівник ;
9322 ;17505 ;45 ;;Пудрівник ;
8121 ;17511 ;;40 ;Пультівник електроплавильної печі ;
8121 ;17509 ;;41 ;Пультівник конвертера ;
9322 ;17513 ;44 ;;Пульфонник ;
3143 ;24472 ;- ;;Радист-випробувач бортовий ;
3132 ;17572 ;22 ;;Радист-радіолокаторник ;
3132 ;;;67 ;Радіоелектронік ;
2112.2 ;;;75 ;Радіолог ;
7243 ;17553 ;;1 ;Радіомеханік з обслуговування та ремонту радіотелевізійної апаратури ;
7243 ;17556 ;;55 ;Радіомеханік з ремонту радіоелектронного устаткування ;
7242 ;17560 ;;56 ;Радіомонтажник судновий ;
7243 ;17562 ;;1 ;Радіомонтер приймальних телевізійних антен ;
4223 ;17564 ;;70** ;Радіооператор ;
3132 ;17566 ;73 ;;Радіотелеграфіст ;
4223 ;- ;;5* ;Радіотелефоніст ;
7243 ;17568 ;73 ;;Радіотехнік ;
2490 ;;;;Радник ;
2419.3 ;;;;Радник (органи державної влади, місцевого самоврядування);
2429;;;;Радник Голови Верховного Суду;
1229.1 ;;;;Радник Президента України;
1229.1;;;;Радник-начальник головного управління;
2419.3;;;;Радник-посланник;
9322 ;17704 ;;41 ;Раймівник дистиляційних печей ;
7346 ;17706 ;47 ;;Ракліст (виробництво текстилю) ;
7324 ;17706 ;45 ;;Ракліст (фарфорові та фаянсові вироби) ;
8141 ;17710 ;;16 ;Рамник ;
8159 ;17708 ;;19 ;Рампівник ;
8122 ;17826 ;;41 ;Рафінувальник ртуті ;
8231 ;17824 ;33 ;;Рафінувальник ;
4121 ;24908 ;;1 ;Рахівник ;
8151 ;17828 ;44 ;;Реактивник ;
8154 ;17832 ;;11 ;Реакторник хімочищення розсолу ;
8154 ;17830 ;30 ;;Реакторник ;
3152 ;24483 ;- ;;Ревізор автомобільного транспорту ;
3152 ;24486 ;;66 ;Ревізор вагового господарства ;
3152 ;24507 ;;87, 66 ;Ревізор з безпеки руху ;
3152 ;24516 ;- ;;Ревізор з виробничо-технічних і економічних питань ;
3152 ;24510 ;- ;;Ревізор з рухомого складу, колії та споруд ;
3152 ;24522 ;- ;;Ревізор з холодильного господарства ;
3152 ;24519 ;- ;;Ревізор із збереження вагонного парку ;
3429 ;24504 ;- ;;Ревізор комерційний шляховий ;
3429 ;24501 ;;66, 67 ;Ревізор комерційний ;
3439 ;24480 ;- ;;Ревізор ;
3442 ;24496 ;- ;;Ревізор-інспектор податковий ;
8139 ;17836 ;;37 ;Регенераторник абразивів ;
8153 ;17840 ;;1 ;Регенераторник відпрацьованого масла ;
8159 ;17838 ;65 ;;Регенераторник дорогоцінних металів ;
8152 ;17844 ;;45 ;Регенераторник слюди ;
8275 ;17834 ;55 ;;Регенераторник ;
3480 ;;;;Регент ;
8112 ;17846 ;;5 ;Регулювальник азбестозбагачувального устаткування ;
8122 ;17867 ;;41 ;Регулювальник електродів (плавка концентратів кольорових металів) ;
8121 ;17867 ;;41 ;Регулювальник електродів (плавка руд кольорових металів) ;
8142 ;17850 ;;17 ;Регулювальник композиції та концентрації маси ;
7312 ;17854 ;;59 ;Регулювальник піаніно та роялів ;
8163 ;17856 ;;12 ;Регулювальник подавання води ;
8278 ;17857 ;;11 ;Регулювальник полів фільтрації ;
7242 ;17861 ;;47 ;Регулювальник радіоелектронної апаратури та приладів ;
8111 ;17859 ;;5 ;Регулювальник роботи свердловин ;
7242;;;;Регулювальник спеціальної апаратури;
7111 ;17865 ;;5 ;Регулювальник хвостового господарства ;
8312 ;17863 ;;66 ;Регулювальник швидкості руху вагонів ;
7312 ;17869 ;63 ;;Регулювальник язичкових інструментів ;
7241 ;17848 ;;45 ;Регулювальник-градуювальник електровимірювальних приладів ;
7232 ;17852 ;;55 ;Регулювальник-настроювач тренажерів ;
2451.2 ;24556 ;;18 ;Редактор відповідальний ;
2451.2 ;;;82 ;Редактор з рекламування фільмів ;
2148.2 ;24537 ;;18 ;Редактор карт технічний ;
2148.2 ;24534 ;;18 ;Редактор карт ;
2451.2 ;24540 ;;18 ;Редактор літературний ;
2453.2 ;24550 ;;18 ;Редактор музичний ;
2451.2 ;24553 ;;18 ;Редактор науковий ;
2451.2 ;24562 ;;18, 82 ;Редактор технічний ;
2455.2 ;- ;- ;;Редактор фільмів ;
2451.2 ;24565 ;;18 ;Редактор художній ;
2451.2 ;24531 ;;81** ;Редактор ;
2444.2 ;24559 ;;18 ;Редактор-перекладач ;
9322 ;17871 ;;51 ;Редукувальник голок ;
8290 ;17872 ;;45 ;Редукувальник трубчастих електронагрівачів ;
4222 ;24528 ;;78 ;Реєстратор медичний ;
4222 ;24525 ;- ;;Реєстратор ;
2455.2 ;24572 ;;83 ;Режисер радіомовлення ;
2455.2 ;- ;;84 ;Режисер театралізованих заходів та свят ;
2455.2 ;;;83 ;Режисер аудіовізуальних творів ;
2455.2 ;24568 ;;81, 84 ;Режисер ;
2455.2 ;24571 ;;84 ;Режисер-постановник ;
5312 ;17988 ;;84 ;Реквізитор ;
2419.2 ;- ;- ;;Рекламіст ;
8159 ;17992 ;;38 ;Рекуператорник алмазів ;
3480 ;;;;Релігійний проповідник (катехит, євангеліст, благовісник, меламед, муедзин та ін.);
7222 ;18014 ;47 ;;Ремонтник технологічного оснащення ;
7129 ;18013 ;;66 ;Ремонтник штучних споруд ;
7231;;;;Ремонтник-мехатронік;
7442 ;17998 ;48 ;;Ремонтувальник взуттьових колодок ;
7129 ;17994 ;- ;;Ремонтувальник висотних частин будинків ;
8231 ;18003 ;33 ;;Ремонтувальник гумових виробів ;
7129 ;18000 ;;85 ;Ремонтувальник площинних спортивних споруд ;
8159 ;18001 ;32 ;;Ремонтувальник полімеризаційного інвентарю ;
9322 ;18005 ;;1 ;Ремонтувальник респіраторів та протигазів ;
8163 ;;;;Ремонтувальник русловий ;
9322 ;18007 ;47 ;;Ремонтувальник сітковиробів ;
7436 ;17996 ;48 ;;Ремонтувальник шкірогалантерейних виробів ;
9322 ;18012 ;47 ;;Ремонтувальник шпуль ;
7415 ;18019 ;;11 ;Ремюер ;
7311 ;18021 ;20 ;;Рентгенгоніометрист ;
3229 ;24577 ;;78 ;Рентгенолаборант ;
7311 ;18023 ;20 ;;Рентгеномеханік ;
2111.2 ;;;;Реолог ;
2454.2 ;24583 ;;84 ;Репетитор з балету ;
2453.2 ;24586 ;;84 ;Репетитор з вокалу ;
2455.2 ;24589 ;;84 ;Репетитор з техніки мови ;
3474 ;24592 ;;84 ;Репетитор циркових номерів ;
8122 ;18027 ;;41 ;Репульпаторник ;
4222 ;;;;Ресепшіоніст ;
7221 ;18031 ;;42 ;Ресорник на обробленні гарячого металу ;
7111 ;- ;;5, 6 ;Респіраторник ;
4141;;;;Реставратор архівних та бібліотечних документів;
7331 ;18050 ;61 ;;Реставратор виробів з дерева ;
9322 ;18033 ;47 ;;Реставратор готової продукції ;
7133 ;18036 ;61 ;;Реставратор декоративних штукатурок і ліпних виробів ;
7142 ;18035 ;61 ;;Реставратор декоративно-художніх фарбувань ;
7312 ;18038 ;63 ;;Реставратор духових інструментів ;
7312 ;18040 ;;59 ;Реставратор клавішних інструментів ;
7214 ;18044 ;61 ;;Реставратор металевих конструкцій ;
7319 ;;;;Реставратор музичних інструментів (крім духових) ;
7124 ;18046 ;61 ;;Реставратор пам'яток дерев'яної архітектури ;
7122 ;18048 ;61 ;;Реставратор пам'яток кам'яної архітектури ;
7131 ;18042 ;61 ;;Реставратор покрівельних покриттів ;
7312 ;18052 ;;59 ;Реставратор смичкових та щипкових інструментів ;
7332 ;18054 ;61 ;;Реставратор тканин, гобеленів та килимів ;
7312 ;18056 ;63 ;;Реставратор ударних інструментів ;
8224 ;18058 ;34 ;;Реставратор фільмових матеріалів ;
4190 ;18059 ;- ;;Реставратор фільмокопій ;
7324 ;18061 ;61 ;;Реставратор художніх виробів та декоративних предметів ;
7312 ;18063 ;63 ;;Реставратор язичкових інструментів ;
1315 ;;;;Ресторатор ;
7343 ;;;;Ретушер (поліграфічне виробництво) ;
7344 ;18065 ;69 ;;Ретушер (фотороботи) ;
7344 ;18068 ;20 ;;Ретушер прецизійної фотолітографії ;
3436.1 ;;;1, 18 ;Референт ;
7412 ;18072 ;;11 ;Рецептурник ;
9213 ;18093 ;;4 ;Рибалка кефального господарства ;
6152 ;18095 ;;4 ;Рибалка прибережного лову ;
2213.2;;;4 ;Рибовод;
6151 ;18097 ;;4 ;Рибовод (кваліфікований робітник) ;
2211.1 ;;;;Рибовод-дослідник ;
6111 ;18080 ;;2 ;Рисівник ;
9322 ;18083 ;;51 ;Рихтувальник голково-платинних виробів ;
7213 ;18085 ;;42 ;Рихтувальник кузовів ;
3413 ;;;;Ріелтер ;
8212 ;;;35 ;Різальник волокнистоцементних виробів;
7313 ;17874 ;;38 ;Різальник алмазів ;
8221 ;17876 ;;25 ;Різальник ампул і трубок ;
8212 ;17880 ;;35 ;Різальник бетонних та залізобетонних виробів ;
8139 ;17882 ;;40 ;Різальник брикету та заготовок ;
8276 ;17951 ;;11 ;Різальник буряків ;
9322 ;17885 ;;8 ;Різальник галерти ;
8122 ;17889 ;;40 ;Різальник гарячого металу (прокатне виробництво) ;
8124 ;17889 ;;40 ;Різальник гарячого металу (трубне виробництво) ;
9322 ;17887 ;;35 ;Різальник гіпсокартонних листів ;
9322 ;17891 ;45 ;;Різальник декалькоманій ;
7343 ;17893 ;59 ;;Різальник дерев'яного шрифту ;
8231 ;- ;- ;;Різальник еластомерів, гумових та азбестових виробів ;
9311 ;17979 ;43 ;;Різальник електроізоляційних матеріалів ;
8232 ;17895 ;27 ;;Різальник заготовок та виробів з пластичних мас ;
8131 ;17897 ;45 ;;Різальник керамічних та фарфорових виробів ;
9322 ;17901 ;44 ;;Різальник конвертів ;
8240 ;17945 ;37 ;;Різальник коркових виробів ;
8224 ;17904 ;34 ;;Різальник магнітних стрічок ;
7242 ;17906 ;20 ;;Різальник магнітопроводів ;
8253 ;17912 ;;45 ;Різальник матеріалів кабельного виробництва ;
8262 ;17910 ;47 ;;Різальник матеріалів та виробів (виробництво текстилю) ;
8266 ;17910 ;48 ;;Різальник матеріалів та виробів (легка промисловість) ;
8229 ;17908 ;;;Різальник матеріалів ;
8154 ;17916 ;25 ;;Різальник металевого натрію ;
7221 ;17914 ;;42 ;Різальник металу на ножицях і пресах ;
7311 ;17918 ;;50 ;Різальник мінералів ;
7411 ;17920 ;;8 ;Різальник м'ясопродуктів ;
9322 ;17925 ;44 ;;Різальник на вогні ;
7212 ;- ;- ;;Різальник на лазерній установці ;
7332 ;17922 ;60 ;;Різальник на мікротомі ;
8211 ;17928 ;;42 ;Різальник на пилах, ножівках та верстатах ;
8221 ;17943 ;;25 ;Різальник напівфабрикатів виробів медичного призначення ;
8224 ;17930 ;34 ;;Різальник неемульсованих плівок ;
8229 ;17932 ;;61 ;Різальник ниток стрижнів ;
8143 ;17883 ;;17 ;Різальник паперу, картону та целюлози ;
8131 ;17934 ;44 ;;Різальник піноблоків ;
9322 ;17947 ;47 ;;Різальник пряжі ;
9322 ;17949 ;20 ;;Різальник радіокераміки та феритів ;
8221 ;17962 ;31 ;;Різальник сировини ;
7322 ;17954 ;44 ;;Різальник скла ;
9322 ;17958 ;44 ;;Різальник скловиробів ;
9322 ;17956 ;29 ;;Різальник скловолокнистих та склопластикових матеріалів ;
9311 ;17952 ;43 ;;Різальник слюди ;
8211;;;;Різальник спеціальних виробів (спеціальні хімічні виробництва);
8124 ;17960 ;;41 ;Різальник сухозлітних металів ;
8212 ;17964 ;;36 ;Різальник теплоізоляційних та акустичних виробів ;
9311 ;17966 ;;5 ;Різальник траншей ;
8124 ;17968 ;;40 ;Різальник труб та заготовок ;
8277 ;17936 ;;7 ;Різальник харчової продукції ;
8159 ;17970 ;28 ;;Різальник хімічного волокна ;
8122 ;17972 ;;40 ;Різальник холодного металу (прокатне виробництво) ;
8124 ;17972 ;;40 ;Різальник холодного металу (трубне виробництво) ;
9322 ;17899 ;;35 ;Різальник цегли та черепиці ;
8139 ;17974 ;;37 ;Різальник шліфувальної шкурки ;
7421 ;17975 ;;16 ;Різальник шпону та личкувальних матеріалів ;
7242 ;17902 ;20 ;;Різальник-лудильник фольги ;
9322 ;17981 ;;50 ;Різьбонарізувач деталей годинників ;
8211 ;17983 ;;42 ;Різьбонарізувач на спеціальних верстатах ;
8211 ;17985 ;;42 ;Різьбофрезерувальник ;
8211 ;17986 ;;42 ;Різьбошліфувальник ;
7339 ;;;;Різьбяр (виробництво художніх виробів) ;
7331 ;17938 ;65 ;;Різьбяр по дереву та бересту ;
7113 ;17940 ;65 ;;Різьбяр по каменю ;
7331 ;17942 ;65 ;;Різьбяр по кості та рогу ;
8332 ;18075 ;;64 ;Річковий робітник на експлуатації та обслуговуванні несамохідних плавучих снарядів та інших плавучих засобів ;
7129 ;18074 ;;64 ;Річковий робітник на підводно-технічних, габіонних і фашинних роботах, що виконуються з поверхні ;
9133 ;17547 ;;1 ;Робітник виробничих лазень ;
9131;;;;Робітник домашній;
9161 ;17543 ;;1 ;Робітник з благоустрою ;
6129 ;17545 ;;84 ;Робітник з догляду за тваринами ;
7129 ;17544 ;;87 ;Робітник з комплексного обслуговування й ремонту будинків ;
6131;;;;Робітник з комплексного обслуговування сільськогосподарського виробництва;
9162 ;17539 ;;87 ;Робітник з комплексного прибирання та утримання будинків з прилеглими територіями ;
9132 ;;;;Робітник з надання послуг у сфері сільського туризму ;
9133 ;17541 ;- ;;Робітник з обслуговування лазні ;
5143 ;;;;Робітник з обслуговування місць поховань ;
9322 ;17540 ;;17 ;Робітник з подавання хімікатів ;
6113 ;17530 ;;64 ;Робітник зеленого будівництва ;
8332 ;17532 ;;64 ;Робітник карти намиву ;
9311 ;- ;;74 ;Робітник на геологічних роботах ;
9311 ;17536 ;;74 ;Робітник на геофізичних роботах ;
6141 ;;;3 ;Робітник на лісокультурних (лісогосподарських) роботах ;
9211 ;17542 ;;1 ;Робітник плодоовочевого сховища ;
9311 ;17549 ;;5 ;Робітник протилавинного захисту ;
5143 ;17550 ;;87 ;Робітник ритуальних послуг ;
6131 ;;;2 ;Робітник фермерського господарства ;
8265 ;17574 ;48 ;;Розбивальник відходів ;
8139 ;17576 ;45 ;;Розбивальник сировини ;
8122 ;17577 ;;40 ;Розбивальник феросплавів ;
7322 ;17583 ;;49 ;Розбирач оптичного скла та кристалів ;
8232 ;17585 ;24 ;;Розбирач пакетів ;
8139 ;17586 ;;37 ;Розбирач печей опору ;
9322 ;17588 ;;8 ;Розбирач субпродуктів ;
8124 ;17579 ;;40 ;Розбортувальник вініпластових та поліетиленових труб ;
8154 ;17598 ;26 ;;Розважувач хімічної сировини ;
9322 ;17590 ;44 ;;Розвальцювальник скла ;
8159 ;17592 ;;11 ;Розварник саломасу ;
8152 ;17594 ;;43 ;Розварник силікатної брили ;
8131 ;17602 ;44 ;;Розвідник (розпускальник) халяв ;
9213 ;17596 ;;2 ;Розвідник об'єктів природи для колекцій ;
8265 ;17600 ;48 ;;Розвідник шкір ;
9322 ;17604 ;47 ;;Розв'язувальник ;
9311 ;17608 ;;5 ;Роздавальник вибухових матеріалів ;
8163 ;17610 ;;66 ;Роздавальник нафтопродуктів ;
8122 ;17621 ;;40 ;Роздиральник пакетів ;
9322 ;17616 ;;40 ;Роздільник брухту та відходів металу ;
8232 ;17614 ;29 ;;Роздільник джгутів скловолокна ;
8276 ;17618 ;;11 ;Роздільник рафінаду ;
8122 ;17619 ;;41 ;Роздільник титанової губки ;
8340 ;17703 ;- ;;Роз'їзний робітник обстановочної бригади ;
8229 ;17716 ;;61 ;Розкатник стрижнів ;
8262 ;17717 ;47 ;;Розкатник тканини ;
7221 ;17712 ;;42 ;Розкатник ;
8143 ;17714 ;;17 ;Розкатник-сортувальник паперу ;
7433 ;17719 ;;13 ;Розкладач лекал ;
9322 ;17721 ;;11 ;Розкладач листового тютюну ;
8261 ;17725 ;;12 ;Розкладач сировини ;
9322 ;17723 ;29 ;;Розкладач скловолокна ;
9120 ;17727 ;- ;;Розклеювач оголошень ;
7313 ;17729 ;65 ;;Розколювач алмазів ;
9322 ;17731 ;;34 ;Розколювач блоків ;
9322 ;17740 ;65 ;;Розкрійник бересту ;
8232 ;17746 ;27 ;;Розкрійник листового матеріалу ;
8253 ;17748 ;48 ;;Розкрійник матеріалів ;
8232 ;17750 ;;16 ;Розкрійник плівки ;
7332 ;17752 ;29 ;;Розкрійник скловолокнистих матеріалів ;
7332 ;17744 ;65 ;;Розкрійник шкіри та хутра ;
7441 ;17742 ;48 ;;Розкрійник шкіряної сировини ;
7423 ;17753 ;;16 ;Розкрійник шліфувального полотна ;
7435 ;17738 ;;13 ;Розкрійник ;
8121 ;17634 ;;41 ;Розливальник кольорових металів та сплавів ;
8122 ;17625 ;;41 ;Розливальник ртуті ;
8121 ;17627 ;;40 ;Розливальник сталі ;
8221 ;17629 ;;25 ;Розливальник стерильних розчинів ;
8276 ;17630 ;;11 ;Розливальник утфелю ;
8159 ;17632 ;;19 ;Розливальник хімічної продукції ;
8139 ;17623 ;;40 ;Розливальник-загладжувальник піномаси ;
7332 ;17683 ;65 ;;Розмалювальник виробів із шкіри ;
7331 ;17681 ;;60 ;Розмалювальник іграшок ;
7323 ;17691 ;44 ;;Розмалювальник по склу ;
7346 ;17693 ;47 ;;Розмалювальник тканини ;
7436 ;17685 ;48 ;;Розмалювальник шкірогалантерейних виробів ;
8142 ;17655 ;;17 ;Розмелювач (виробництво паперу та картону) ;
8151 ;17664 ;;8 ;Розмелювач (мельник) випарених кісток ;
8151 ;;;;Розмелювач (спеціальні хімічні виробництва);
8151 ;17655 ;24 ;;Розмелювач (хімічна промисловість) ;
8221 ;17657 ;31 ;;Розмелювач вірусної тканини та бактеріальної маси ;
8141 ;17660 ;;16 ;Розмелювач деревини ;
8151 ;17662 ;;61 ;Розмелювач олівцевої маси ;
9322 ;17665 ;65 ;;Розмелювач рогової стружки ;
8151 ;17658 ;;45 ;Розмелювач-дозувальник вугільних мас ;
7313 ;17638 ;65 ;;Розмітник алмазів ;
8266 ;17640 ;48 ;;Розмітник деталей та матеріалів ;
7311 ;17647 ;20 ;;Розмітник п'єзокварцової сировини ;
7214 ;17642 ;;55 ;Розмітник плазовий ;
7422 ;17644 ;;16 ;Розмітник по дереву ;
8122 ;17646 ;;40 ;Розмітник прокату ;
9322 ;17649 ;44 ;;Розмітник скла ;
7222 ;17651 ;;56 ;Розмітник судновий ;
6141 ;17653 ;;3 ;Розмітник хлистів ;
7222 ;17636 ;;42 ;Розмітник ;
8139 ;17671 ;29 ;;Розмотувач склонитки ;
8143 ;17669 ;;17 ;Розмотувач стрічок ;
8261 ;17667 ;47 ;;Розмотувач ;
9322 ;17757 ;48 ;;Розпакувальник сировини ;
8212 ;17759 ;;36 ;Розпалубщик теплоізоляційних та акустичних виробів ;
7332 ;17687 ;60 ;;Розпалювальник моделей ;
8232 ;17762 ;27 ;;Розпарювальник целулоїдних пластин ;
7313 ;17764 ;65 ;;Розпилювач алмазів ;
9322 ;17766 ;20 ;;Розпилювач водорозчинних кристалів ;
9322 ;17791 ;20 ;;Розпилювач газопоглинача ;
7113 ;17770 ;;35 ;Розпилювач каменю (виробництво художніх виробів) ;
8112 ;17770 ;;35 ;Розпилювач каменю (оброблення каменю) ;
7331 ;17772 ;65 ;;Розпилювач кістки та рогу ;
7411 ;17776 ;;8 ;Розпилювач м'ясопродуктів ;
8139 ;17777 ;;37 ;Розпилювач невипалених кругів та брусків ;
7322 ;17779 ;;49 ;Розпилювач оптичного скла ;
8269 ;17768 ;47 ;;Розпилювач повсті ;
7434 ;17774 ;48 ;;Розпилювач хутра та повсті ;
8290 ;17787 ;;1 ;Розподілювач робіт ;
8139 ;17789 ;;35 ;Розподілювач силікатної маси ;
5149 ;24477 ;- ;;Розпорядник Палацу одружень ;
5143 ;;;;Розпорядник похорону ;
7432 ;17785 ;47 ;;Розправляч основ ;
8269 ;17783 ;47 ;;Розправляч повстяних виробів ;
8261 ;17781 ;47 ;;Розправляч ;
8279 ;17701 ;;11 ;Розпушувач тютюну ;
8232 ;17699 ;27 ;;Розривник відбитків ;
2132.2;;;;Розробник архітектури бізнес напряму (інформаційні технології);
2132.2;;;;Розробник архітектури програмного забезпечення (інформаційні технології);
2132.2;;;;Розробник архітектури технічних рішень (інформаційні технології);
2132.2;;;;Розробник програмного забезпечення;
2131.2;;;;Розробник робототехніки (інженер-робототехнік);
2132.2;;;;Розробник хмарної архітектури;
2131.2;;;;Розробник штучного інтелекту;
8261 ;17676 ;47 ;;Розроблювач відходів ;
8261 ;17678 ;47 ;;Розроблювач сировини ;
2149.2 ;;;;Розробник систем (крім комп'ютерів) ;
2132.2;;;;Розробник систем захисту інформації;
8211 ;17695 ;;45 ;Розрубник акумуляторних пластин ;
8139 ;17792 ;;37 ;Розсівальник шліфзерна та шліфпорошків ;
8279 ;17794 ;55 ;;Розсівальник ;
8290 ;17803 ;;44 ;Розтягальник металосіток ;
8282 ;17805 ;;45 ;Розтягальник секцій та котушок електричних машин ;
7441 ;17802 ;48 ;;Розтягальник шкір та овчин на рами ;
7442 ;17800 ;48 ;;Розтягальник шкіряних смуг ;
8232 ;17736 ;27 ;;Розфарбовувач виробів ;
7344 ;17733 ;60 ;;Розфарбовувач діапозитивів та фотовідбитків ;
4190 ;17734 ;;82 ;Розфарбовувач законтурованих малюнків ;
9322 ;17807 ;;38 ;Розфасовувач алмазів та алмазних порошків ;
9322 ;17809 ;47 ;;Розфасовувач вати ;
7411 ;17811 ;;8 ;Розфасовувач м'ясопродуктів ;
8279 ;17813 ;55 ;;Розфасовувач нюхальної махорки та тютюну ;
8279 ;17814 ;;11 ;Розфасовувач тютюну ;
8141 ;17816 ;;16 ;Розформувальник ;
8151 ;13355 ;;45 ;Розчиняльник лаку ;
9311 ;17796 ;;5 ;Розчиняльник реагентів ;
9322 ;17818 ;48 ;;Розчісувальник хутряних шкурок ;
9322 ;17820 ;;59 ;Розшліфувальник фільєрів ;
8232 ;17822 ;27 ;;Розщеплювальник синтетичних ниток ;
8221 ;17798 ;;25 ;Ростильник грибниці ;
8211 ;18087 ;;43 ;Рубач дроту ;
7411 ;17697 ;;65 ;Рубач м'яса на ринку ;
7214 ;18089 ;;56 ;Рубач судновий ;
5169;;;;Рятувальник гірський;
5169 ;- ;;68 ;Рятувальник ;
5169 ;;;;Рятувальник-верхолаз ;
5169 ;;;;Рятувальник-кінолог ;
5169;;;;Рятувальник-хімік;
6113 ;;;;Садівник (біля будинку) ;
6113 ;18103 ;;2 ;Садівник ;
6112 ;18104 ;;2 ;Садовод ;
8131 ;18109 ;;35 ;Садчик каміння у випалювальні печі ;
8131 ;18107 ;;40 ;Садчик у печі та на тунельні вагони ;
8131 ;18105 ;;35 ;Садчик ;
7143 ;;;;Сажотрус ;
6121 ;18111 ;70 ;;Санітар (ветеринарна медицина) ;
5169 ;;;;Сапер (розмінування) ;
7415 ;18114 ;;1 ;Сатураторник ;
8139 ;18357 ;;37 ;Свердлувальник абразивних виробів ;
8131 ;18368 ;45 ;;Свердлувальник електрокерамічних виробів ;
9322 ;18359 ;20 ;;Свердлувальник запалювальних пластин кварцу ;
7311 ;18361 ;;50 ;Свердлувальник каміння ;
7322 ;18363 ;;49 ;Свердлувальник оптичних деталей ;
8131 ;18366 ;44 ;;Свердлувальник скловиробів ;
8211;;;;Свердлувальник спеціальних виробів (спеціальні хімічні виробництва);
8211 ;18355 ;;42 ;Свердлувальник ;
7233 ;18365 ;;42 ;Свердлувальник-пневматик ;
6121 ;18372 ;;2 ;Свинар ;
8224 ;18370 ;;1 ;Світлокопіювальник ;
2460;;;;Священнослужитель (священник, пастор, пресвітер, диякон, рабин, машгіах кашрут, моель, софер, імам, мулла і т. ін.);
2114.2 ;- ;- ;;Сейсмолог ;
3431 ;24661 ;- ;;Секретар адміністративний ;
1120.4;;;;Секретар Великої Палати Верховного Суду ;
3431 ;- ;- ;;Секретар виконкому ;
1229.7 ;;;83 ;Секретар відповідальний ;
3439 ;24664 ;- ;;Секретар дипломатичного агентства ;
4115 ;24690 ;;1 ;Секретар керівника (організації, підприємства, установи) ;
3439 ;24670 ;;;Секретар колегії (комітету) ;
3432 ;24673 ;- ;;Секретар колегії судової ;
3431 ;24674 ;- ;;Секретар комітету (організації, підприємства, установи) ;
1231 ;;;;Секретар корпоративний ;
1143.5;;;;Секретар місцевої ради (сільської, селищної, міської і т. ін.);
4115 ;24710 ;- ;;Секретар навчальної частини (диспетчер) ;
4115 ;24677 ;;1 ;Секретар незрячого фахівця ;
3431 ;;;;Секретар органу самоорганізації населення ;
1120.4;;;;Секретар Пленуму Верховного Суду;
3431 ;24685 ;- ;;Секретар правління ;
3439 ;24694 ;- ;;Секретар ради (науково-технічної, наукової, художньо-технічної) ;
1229.1 ;;;;Секретар Ради національної безпеки і оборони ;
1229.1 ;;;;Секретар Рахункової палати України ;
3432 ;;;;Секретар судового засідання ;
1120.4;;;;Секретар судової палати касаційного суду у складі Верховного Суду;
3432 ;;;;Секретар суду ;
3439 ;24706 ;- ;;Секретар творчої спілки ;
3439 ;;;;Секретар центрального органу виконавчої влади ;
1229.1 ;;;;Секретар Центральної виборчої комісії ;
4115 ;24658 ;;;Секретар ;
4115 ;;;1 ;Секретар-стенографіст ;
8139 ;18386 ;44 ;;Сепараторник (виробництво скла) ;
8141 ;18386 ;;16 ;Сепараторник (деревообробні виробництва) ;
8112 ;18386 ;;5 ;Сепараторник (збагачення) ;
8153 ;18388 ;;11 ;Сепараторник біомаси ;
8272 ;18390 ;;8 ;Сепараторник молока та молочної сировини ;
8139 ;18391 ;;37 ;Сепараторник шліфзерна ;
3231 ; ;;78 ;Сестра медична (брат медичний);
3231 ; ;;78 ;Сестра медична (брат медичний) з дієтичного харчування;
3231 ;;;78 ;Сестра медична (брат медичний) з косметичних процедур ;
3231;;;78;Сестра медична (брат медичний) з лікувальної фізкультури ;
3231;;;78;Сестра медична (брат медичний) з масажу ;
3231;;;;Сестра медична (брат медичний) з реабілітації;
3231 ;;;78 ;Сестра медична (брат медичний) з фізіотерапії ;
3231 ;;;78 ;Сестра медична (брат медичний) з функціональної діагностики ;
3231 ;;;78 ;Сестра медична (брат медичний) зі стоматології ;
3231 ; ;;;Сестра медична (брат медичний) загальної практики – сімейної медицини ;
3231 ;;;78 ;Сестра медична (брат медичний) поліклініки ;
3231 ; ;;78 ;Сестра медична (брат медичний) стаціонару ;
3231 ; ;;78 ;Сестра медична операційна (брат медичний операційний);
3231 ; ;;78 ;Сестра медична патронажна (брат медичний патронажний);
3231 ; ;;78 ;Сестра медична станції (брат медичний)  (відділення) швидкої та невідкладної медичної допомоги ;
3231 ;24716 ;;78 ;Сестра медична-анестезист (брат медичний-анестезист);
4131 ; ;;;Сестра-господиня ;
8312 ;18401 ;;66 ;Сигналіст ;
8340 ;18403 ;;56 ;Сигнальник боновий ;
8123;;;;Силицирувальник;
8273 ;18405 ;;7 ;Силосник ;
8123 ;18407 ;;42 ;Синильник ;
2112.2 ;- ;;75 ;Синоптик ;
8272 ;19072 ;;8 ;Сировар з дозрівання сирів ;
8272 ;19067 ;;8 ;Сировар ;
7413 ;19070 ;;8 ;Сировар-майстер з дозрівання сирів ;
7413 ;19068 ;;8 ;Сировар-майстер ;
7413 ;19074 ;;8 ;Сиросолільник ;
2213.2 ;;;;Сільськогосподарський дорадник ;
2213.2 ;;;;Сільськогосподарський експерт-дорадник ;
8262 ;18399 ;47 ;;Сіткоплетільник ;
8277 ;18411 ;55 ;;Скиртувальник ;
8121 ;18409 ;;40 ;Скіповий ;
9322 ;18412 ;47 ;;Складальник (складування) ;
9321 ;18121 ;38 ;;Складальник азбестометалевих листів ;
9321 ;;;35 ;Складальник волокнистоцементних виробів;
7313 ;18118 ;;38 ;Складальник алмазних інструментів ;
8224 ;- ;;;Складальник аудіо- та відеокасет ;
9321 ;18123 ;;40 ;Складальник балонів ;
8284 ;18125 ;33 ;;Складальник безбандажних шин ;
9322 ;14786 ;44 ;;Складальник блока з посклених стрижнів ;
7311;;;;Складальник боєприпасів;
8229;;;;Складальник боєприпасів (спеціальні хімічні виробництва) ;
8284 ;18129 ;33 ;;Складальник браслетів та брекетів ;
8266 ;18132 ;48 ;;Складальник верху взуття ;
8266 ;18213 ;48 ;;Складальник взуття ;
9321 ;18138 ;20 ;;Складальник випрямлячів ;
7331 ;18169 ;65 ;;Складальник виробів з бурштину ;
7332 ;18159 ;65 ;;Складальник виробів з дерева та пап'є-маше ;
8285 ;18161 ;;16 ;Складальник виробів з деревини ;
8284 ;18165 ;27 ;;Складальник виробів з пластмас ;
8284 ;18167 ;;55 ;Складальник виробів із склопластиків ;
7332 ;18163 ;65 ;;Складальник виробів із шкіри та хутра ;
8229;;;;Складальник виробів капсульного виробництва (спеціальні хімічні виробництва);
8286 ;18157 ;;14 ;Складальник виробів ;
8284 ;18136 ;33 ;;Складальник відновлюваних покришок ;
9321 ;18134 ;44 ;;Складальник вологопоглиначів ;
9322 ;14790 ;47 ;;Складальник ворсувальних рамок ;
9321 ;18140 ;;45 ;Складальник гальванічних елементів та батарей ;
7311 ;18296 ;;50 ;Складальник годинників ;
9322 ;14797 ;;51 ;Складальник голково-платинних виробів ;
8284 ;18253 ;;51 ;Складальник гумових технічних виробів ;
8289 ;;;;Складальник дерев'яних і пластмасових суден ;
8285 ;18142 ;;56 ;Складальник дерев'яних суден ;
9322 ;14794 ;;50 ;Складальник деталей годинників і каменів ;
8285 ;18144 ;48 ;;Складальник деталей та виробів ;
7312 ;18147 ;63 ;;Складальник духових інструментів ;
8282 ;18312 ;;45 ;Складальник електричних машин та апаратів ;
8282 ;18316 ;;45 ;Складальник електровимірювальних приладів ;
9321 ;18320 ;;45 ;Складальник електровугільного виробництва ;
8284 ;18314 ;;60 ;Складальник електроігор ;
8282 ;18318 ;45 ;;Складальник електрокерамічних виробів ;
8131 ;18325 ;;34 ;Складальник етажеркових вагонеток ;
7322 ;18235 ;44 ;;Складальник з обрамлення скла ;
8212 ;18150 ;;35 ;Складальник залізобетонних конструкцій ;
8284 ;18152 ;;56 ;Складальник залізобетонних суден ;
8229;;;;Складальник зарядів (спеціальні хімічні виробництва);
7311;;;;Складальник зброї ракетної;
9322 ;14796 ;47 ;;Складальник зубців та петель ;
8284 ;18155 ;;60 ;Складальник іграшок ;
8283 ;18171 ;20 ;;Складальник індикаторів ;
9321 ;18172 ;;48 ;Складальник ін'єкційних голок ;
9321 ;18174 ;;35 ;Складальник каркасів у виробництві гіпсобетонних панелей ;
7311 ;18178 ;20 ;;Складальник квантових приладів ;
9321 ;18180 ;20 ;;Складальник кварцових тримачів ;
9322 ;14799 ;;34 ;Складальник керамічних плиток у килими ;
8285 ;18241 ;37 ;;Складальник коркових виробів ;
8284 ;18187 ;;56 ;Складальник корпусів металевих суден ;
7442 ;18303 ;48 ;;Складальник лимарно-сідельних виробів ;
8282 ;18310 ;;45 ;Складальник лужних акумуляторів та батарей ;
9321 ;18191 ;;44 ;Складальник металевих щіток ;
8283 ;18193 ;20 ;;Складальник мікросхем ;
7319 ;;;;Складальник музичних інструментів (крім духових) ;
7312 ;18203 ;;60 ;Складальник музичних та озвучених іграшок ;
8283 ;18233 ;20 ;;Складальник напівпровідникових приладів ;
7332 ;18207 ;60 ;;Складальник натуральних об'єктів ;
8266 ;18209 ;48 ;;Складальник низу взуття ;
8282 ;18211 ;;45 ;Складальник обмоток трансформаторів ;
7311 ;18216 ;;48 ;Складальник окулярів ;
8282 ;18264 ;;45 ;Складальник осердь трансформаторів ;
9321 ;18220 ;;45 ;Складальник пакетів конденсаторів ;
8286 ;18130 ;;17 ;Складальник паперових виробів ;
8221 ;18222 ;;25 ;Складальник перев'язувальних матеріалів ;
8283 ;18247 ;20 ;;Складальник п'єзорезонаторів та виробів на основі п'єзоелементів ;
9321 ;18224 ;35 ;;Складальник пластин штучної шкіри ;
8284 ;18226 ;;56 ;Складальник пластмасових суден ;
8284 ;18230 ;33 ;;Складальник покришок ;
8159 ;18232 ;32 ;;Складальник полімеризаційного інвентарю ;
8282 ;18265 ;;45 ;Складальник потужнострумових конденсаторів ;
7311 ;18237 ;44 ;;Складальник приладів із скла ;
8221 ;18243 ;24 ;;Складальник продукції в аерозольному пакуванні (виробництво фармацевтичних продуктів та косметичних засобів) ;
8229 ;18243 ;24 ;;Складальник продукції в аерозольному пакуванні (хімічне виробництво) ;
8159 ;18245 ;28 ;;Складальник прядильних блоків та насосів ;
8283 ;18249 ;20 ;;Складальник радіодеталей ;
7239;;;;Складальник ракетних двигунів на твердому паливі;
9322 ;14814 ;;44 ;Складальник реміз ;
8282 ;18258 ;;45 ;Складальник ртутних випрямлячів ;
8282 ;18256 ;;45 ;Складальник ртутно-цинкових, магнієвих та інших джерел струму ;
8282 ;18262 ;;45 ;Складальник свинцевих акумуляторів та батарей ;
7311 ;18260 ;;50 ;Складальник складових частин годинників ;
9321 ;18267 ;44 ;;Складальник скловиробів ;
7322 ;14820 ;44 ;;Складальник скломаси ;
8290 ;18269 ;44 ;;Складальник склопакетів ;
9321 ;18189 ;29 ;;Складальник стрічок ;
8282 ;18277 ;;45 ;Складальник струмообмежувальних реакторів ;
7311 ;18294 ;;48 ;Складальник суцільнометалевих растрів ;
8290 ;18271 ;;36 ;Складальник теплоізоляційних конструкцій ;
9321 ;18273 ;44 ;;Складальник термосів ;
7322 ;18275 ;44 ;;Складальник тиглів ;
8282 ;18279 ;;45 ;Складальник трансформаторів ;
7312 ;18281 ;63 ;;Складальник ударних інструментів ;
8141 ;18282 ;40 ;;Складальник фанерних труб ;
7321 ;18284 ;45 ;;Складальник фарфорових та фаянсових виробів ;
7211 ;18286 ;;42 ;Складальник форм ;
8290 ;18290 ;;34 ;Складальник хімапаратури та хімустаткування ;
7311 ;18292 ;;48 ;Складальник хірургічних інструментів і апаратів ;
9322 ;14826 ;47 ;;Складальник цін ;
8240 ;18298 ;40 ;;Складальник чемоданів з фанери ;
9321 ;18299 ;27 ;;Складальник шайб ;
8284 ;;;;Складальник шиннопневматичних муфт ;
7442 ;18185 ;48 ;;Складальник шкірогалантерейних виробів ;
9321 ;18305 ;;48 ;Складальник шприців ;
9321 ;18307 ;59 ;;Складальник штемпелів ;
9321 ;18308 ;;44 ;Складальник щілинних сит ;
7312 ;18327 ;63 ;;Складальник язичкових інструментів ;
8141 ;18116 ;;16 ;Складальник ;
8284 ;18145 ;;56 ;Складальник-добудовник судновий ;
8284 ;18181 ;;55 ;Складальник-клеїльник конструкцій ;
8284 ;18183 ;;55 ;Складальник-клепальник ;
7312 ;18198 ;;59 ;Складальник-монтажник клавішних інструментів ;
7312 ;18200 ;63 ;;Складальник-монтажник смичкових інструментів ;
8283 ;18196 ;20 ;;Складальник-монтажник у виробництві кольорових кінескопів ;
7312 ;18201 ;;59 ;Складальник-монтажник щипкових інструментів ;
7243 ;18205 ;20 ;;Складальник-настроювач магнітних систем ;
8282 ;18214 ;;45 ;Складальник-обробник котушок трансформаторів ;
7346 ;14816 ;47 ;;Складач малюнка ;
7341 ;14803 ;59 ;;Складач на машинах ;
7341 ;14807 ;59 ;;Складач на складальних рядковиливальних машинах ;
8231 ;18719 ;33 ;;Складач наважок інгредієнтів ;
8312 ;18726 ;;66 ;Складач поїздів ;
7341 ;14792 ;59 ;;Складач ручним способом ;
7421 ;18418 ;;16 ;Склеювач блоків, заготовок та будівельних конструкцій ;
7321 ;18431 ;45 ;;Склеювач електрокерамічних виробів ;
9322 ;18420 ;45 ;;Склеювач керамічних, фарфорових та фаянсових виробів ;
8269 ;18414 ;47 ;;Склеювач ниток та текстильно-галантерейних виробів ;
7322 ;18424 ;;49 ;Склеювач оптичних деталей ;
9321 ;18425 ;20 ;;Склеювач п'єзоелементів ;
9322 ;18427 ;;50 ;Склеювач технічних каменів ;
8141 ;18429 ;40 ;;Склеювач фанерних труб ;
8229 ;18416 ;24 ;;Склеювач ;
9322 ;18422 ;;48 ;Склеювач-фарбувальник окулярних оправ із пластмас ;
8131 ;18852 ;44 ;;Скловар ;
7343 ;18854 ;;1 ;Склографіст (ротаторник) ;
7322 ;18856 ;44 ;;Склодув ;
9142 ;18858 ;;1 ;Склопротиральник ;
8212 ;16277 ;20 ;;Скляр резисторів ;
7135 ;18859 ;;64 ;Скляр ;
7311 ;18439 ;20 ;;Скрайбувальник пластин ;
8159 ;18440 ;;19 ;Скруберник-насосник ;
8282;18442;45;;Скручувальник виробів кабельного виробництва;
8282 ;18445 ;;45 ;Скручувальник-ізолювальник елементів кабелів зв'язку ;
8282 ;18444 ;;45 ;Скручувальник-ізолювальник жил та кабелю ;
2452.2 ;24737 ;;82 ;Скульптор ;
3471 ;;;;Скульптор-виконавець ;
2429 ;24740 ;- ;;Слідчий ;
3451;;;;Слідчий (з дипломом бакалавра);
2426;;;;Слідчий (поліція);
2139.2;;;;Слідчий з кіберзлочинів;
2426;;;;Слідчий-криміналіст (поліція);
4131;;;;Службовець на складі (комірник);
3480;;;;Служитель (паламар, дяк, помічник капелана і т. ін.);
7233 ;18447 ;;87 ;Слюсар аварійно-відновлювальних робіт ;
7239 ;;;;Слюсар будівельний з виготовлення вузлів трубопровідних систем ;
7233 ;18576 ;;64 ;Слюсар будівельний ;
7223 ;18594 ;;41 ;Слюсар електродної продукції ;
7136 ;18449 ;;63 ;Слюсар з аварійно-відбудовних робіт у газовому господарстві ;
7232 ;18477 ;;55 ;Слюсар з аерогідродинамічних випробувань ;
7233 ;18481 ;;45 ;Слюсар з виводів та обмоток електричних машин ;
7233 ;18489 ;;64 ;Слюсар з виготовлення вузлів та деталей санітарно-технічних систем ;
7136 ;;;64 ;Слюсар з виготовлення вузлів та деталей технологічних трубопроводів ;
7233 ;18483 ;;64 ;Слюсар з виготовлення деталей та вузлів систем вентиляції, кондиціювання повітря, пневмотранспорту й аспірації ;
8232;;;;Слюсар з виготовлення деталей та зразків з полімерних композиційних матеріалів;
7136 ;18487 ;;55 ;Слюсар з виготовлення й ремонту трубопроводів ;
7232 ;18485 ;;55 ;Слюсар з виготовлення та доведення деталей літальних апаратів ;
7233 ;18554 ;;63 ;Слюсар з експлуатації та ремонту газового устаткування ;
7136 ;18556 ;;63 ;Слюсар з експлуатації та ремонту підземних газопроводів ;
7241 ;18494 ;;42 ;Слюсар з контрольно-вимірювальних приладів та автоматики (електромеханіка) ;
7242 ;18494 ;2 ;;Слюсар з контрольно-вимірювальних приладів та автоматики (електроніка) ;
7311 ;18494 ;2 ;;Слюсар з контрольно-вимірювальних приладів та автоматики (прецизійні прилади) ;
7233 ;18466 ;;42 ;Слюсар з механоскладальних робіт ;
7233 ;18496 ;;6 ;Слюсар з монтажу та ремонту основ морських бурових та естакад ;
7233 ;;;;Слюсар з налагодження виробничого устаткування суден ;
7233 ;18497 ;;6 ;Слюсар з обслуговування бурових ;
7233 ;18505 ;;62 ;Слюсар з обслуговування теплових мереж ;
7233 ;18503 ;;62 ;Слюсар з обслуговування теплових пунктів ;
7233 ;18499 ;;62 ;Слюсар з обслуговування устаткування електростанцій ;
7233 ;18507 ;;66 ;Слюсар з огляду та ремонту локомотивів на пунктах технічного обслуговування ;
7231 ;18552 ;;42 ;Слюсар з паливної апаратури ;
7232 ;18509 ;;55 ;Слюсар з ремонту авіадвигунів ;
7232 ;18513 ;;55 ;Слюсар з ремонту агрегатів ;
7233 ;18520 ;;62 ;Слюсар з ремонту гідротурбінного устаткування ;
7233 ;18522 ;;42 ;Слюсар з ремонту дорожньо-будівельних машин та тракторів ;
7233 ;18542 ;;42 ;Слюсар з ремонту колійних машин та механізмів ;
7231;;;;Слюсар з ремонту колісних транспортних засобів;
7233 ;18528 ;;3 ;Слюсар з ремонту лісозаготівельного устаткування ;
7232 ;18529 ;;55 ;Слюсар з ремонту літальних апаратів ;
7233 ;18538 ;;62 ;Слюсар з ремонту парогазотурбінного устаткування ;
7233 ;18544 ;;62 ;Слюсар з ремонту реакторно-турбінного устаткування ;
7233 ;18540 ;;42 ;Слюсар з ремонту рухомого складу ;
7233 ;18545 ;;42 ;Слюсар з ремонту сільськогосподарських машин та устаткування ;
7233 ;18524 ;;42 ;Слюсар з ремонту та обслуговування перевантажувальних машин ;
7233 ;;;;Слюсар з ремонту та обслуговування портальних кранів ;
7233 ;18526 ;;42 ;Слюсар з ремонту та обслуговування систем вентиляції та кондиціювання ;
7233 ;18547 ;;21 ;Слюсар з ремонту технологічних установок ;
7233 ;18531 ;;62 ;Слюсар з ремонту устаткування котельних та пилопідготовчих цехів ;
7233 ;18537 ;;62 ;Слюсар з ремонту устаткування подавання палива ;
7233 ;18535 ;;62 ;Слюсар з ремонту устаткування теплових мереж ;
7233 ;18551 ;;42 ;Слюсар з такелажу й вантажозахватних пристроїв ;
7233 ;18450 ;;66 ;Слюсар зумпфового агрегата ;
7214 ;18549 ;;42 ;Слюсар із складання металевих конструкцій ;
7311 ;;;;Слюсар протезно-ортопедичних виробів ;
7233 ;18572 ;;40 ;Слюсар системи випарного охолодження ;
7233 ;18581 ;;40 ;Слюсар централізованої мастильної станції ;
7239;;;;Слюсар-випробувач виробів (спеціальні виробництва);
7232 ;18454 ;;55 ;Слюсар-випробувач ;
7233 ;;;;Слюсар-дизеліст ;
7241 ;;;;Слюсар-електрик з обслуговування та ремонту електроустаткування (портового, суднового та ін.) ;
7241 ;18589 ;;66 ;Слюсар-електрик з обслуговування та ремонту ескалаторів ;
7241 ;18583 ;;66 ;Слюсар-електрик з обслуговування та ремонту металоконструкції метрополітену ;
7241 ;18587 ;;66 ;Слюсар-електрик з обслуговування та ремонту станційного та тунельного устаткування метрополітену ;
7241 ;18585 ;;66 ;Слюсар-електрик з обслуговування та ремонту устаткування метрополітену ;
7241 ;18590 ;;42 ;Слюсар-електрик з ремонту електроустаткування ;
7241 ;;;;Слюсар-електрик з ремонту та обслуговування вантажопідіймальних кранів і машин ;
7241 ;;;;Слюсар-електрик з ремонту та обслуговування електричних підйомників (ліфтів) ;
7241 ;18596 ;;42 ;Слюсар-електромонтажник ;
7222 ;18452 ;;42 ;Слюсар-інструментальник ;
7241 ;18464 ;;56 ;Слюсар-механік електромеханічних приладів та систем ;
7239;;;;Слюсар-механік з виготовлення та ремонту ртутних диференціальних манометрів;
7233 ;18458 ;;56 ;Слюсар-механік з випробувань установок та апаратури ;
7242 ;18460 ;;47 ;Слюсар-механік з радіоелектронної апаратури ;
7232 ;18462 ;;55 ;Слюсар-механік з ремонту авіаційних приладів ;
7243;;;;Слюсар-механік із обслуговування спеціальних вагонів з транспортування виробів;
7239;;;;Слюсар-механік із спеціальних вимірювальних приладів;
8283 ;18468 ;;55 ;Слюсар-монтажник приладового устаткування ;
7233 ;18470 ;;56 ;Слюсар-монтажник судновий ;
7139 ;;;;Слюсар-монтажник технологічних трубопроводів ;
7233 ;18476 ;20 ;;Слюсар-обпресувальник ;
7233 ;18557 ;;40 ;Слюсар-проводник ;
7233 ;;;67 ;Слюсар-ремонтник судновий ;
7233 ;18559 ;;42 ;Слюсар-ремонтник ;
7136 ;18560 ;;42 ;Слюсар-сантехнік ;
8283 ;18561 ;;55 ;Слюсар-складальник авіаційних приладів ;
7239;;;;Слюсар-складальник виробів (спеціальні виробництва);
8284 ;18565 ;;55 ;Слюсар-складальник виробів з органічного скла ;
7232 ;18563 ;;55 ;Слюсар-складальник двигунів ;
7232 ;18567 ;;55 ;Слюсар-складальник літальних апаратів ;
8290 ;18569 ;;47 ;Слюсар-складальник радіоелектронної апаратури та приладів ;
8232;;;;Слюсар-складальник спеціальних виробів з полімерних композиційних матеріалів;
8290;;;;Слюсар-складальник спеціальної електро-радіоапаратури;
7239;;;;Слюсар-стендовик на вогняних стендах виробів з ракетними рідинними двигунами та ракетними двигунами на твердому паливі;
7233 ;18577 ;;56 ;Слюсар-судноремонтник ;
8152 ;18611 ;;52 ;Смолильник берд ;
8261 ;18612 ;;12 ;Смолильник клоччя ;
7432 ;18619 ;47 ;;Снувальник (ручне ткацтво) ;
8159 ;18619 ;24 ;;Снувальник (хімічне виробництво) ;
6124 ;18621 ;;5*, 2 ;Собаківник ;
8152 ;18623 ;;17 ;Содівник ;
8278 ;18625 ;;11 ;Солодовник ;
5123 ;;;;Сомельє ;
9311 ;18627 ;;5 ;Сортувальник (збагачення) ;
8290 ;18698 ;;36 ;Сортувальник (пакувальник) теплоізоляційних виробів ;
8229 ;18627 ;24 ;;Сортувальник (хімічне виробництво) ;
8139 ;18628 ;;37 ;Сортувальник абразивних матеріалів ;
7313 ;18630 ;;38 ;Сортувальник алмазів (виробництво алмазів) ;
7313 ;18630 ;65 ;;Сортувальник алмазів (гранувальне виробництво) ;
8212 ;18649 ;;35 ;Сортувальник вапна ;
7442 ;18651 ;48 ;;Сортувальник виробів, напівфабрикатів та матеріалів ;
7311 ;18654 ;20 ;;Сортувальник виробів, сировини та матеріалів ;
9322 ;18671 ;;42 ;Сортувальник відливок ;
9322 ;18648 ;;51 ;Сортувальник голково-платинних виробів ;
7331 ;18639 ;65 ;;Сортувальник декоративних порід дерева ;
7311 ;18643 ;;50 ;Сортувальник деталей годинників та каменів ;
8211 ;18641 ;;42 ;Сортувальник деталей підшипників ;
7313 ;18632 ;65 ;;Сортувальник діамантів ;
9321 ;18709 ;;45 ;Сортувальник електровугільних виробів ;
8151 ;18705 ;;43 ;Сортувальник електродів ;
9321 ;18707 ;;45 ;Сортувальник електроізоляційних матеріалів ;
7213 ;18646 ;;53 ;Сортувальник жерсті та виробів ;
8152 ;18656 ;;35 ;Сортувальник керамзиту ;
9322 ;18664 ;;8 ;Сортувальник кісток ;
8159 ;18660 ;;19 ;Сортувальник коксу ;
8290 ;18662 ;;38 ;Сортувальник контейнерів ;
8139 ;18665 ;;37 ;Сортувальник куска на печах опору ;
7421 ;18667 ;;16 ;Сортувальник матеріалів та виробів з деревини ;
8131 ;18673 ;;40 ;Сортувальник напівфабрикатів та виробів ;
7431 ;18669 ;47 ;;Сортувальник немитої вовни ;
8142 ;18634 ;;17 ;Сортувальник паперового виробництва ;
4142 ;18674 ;;70 ;Сортувальник поштових відправлень та виробів друку ;
9322 ;18677 ;65 ;;Сортувальник рогу та кістки ;
9322 ;18683 ;;11 ;Сортувальник сигарного листа ;
9311 ;18686 ;43 ;;Сортувальник сировини та виробів із слюди ;
8261 ;18685 ;;12 ;Сортувальник сировини та волокна ;
7431 ;18688 ;47 ;;Сортувальник сировини, матеріалів та виробів (виготовлення волокон, вати та конопледжутове виробництво) ;
7432 ;18688 ;47 ;;Сортувальник сировини, матеріалів та виробів (виготовлення полотна, виробництво текстильної галантереї та сітков'язальне виробництво) ;
7321 ;18690 ;45 ;;Сортувальник сировини, фарфорових, фаянсових та керамічних виробів ;
7411 ;18697 ;;8 ;Сортувальник тушок птиці та кролів ;
9322 ;18695 ;;11 ;Сортувальник тютюнових виробів ;
7416 ;18693 ;;11 ;Сортувальник тютюну у ферментаційному виробництві ;
7416 ;18692 ;;11 ;Сортувальник тютюну ;
8229 ;18636 ;;61 ;Сортувальник у виробництві олівців ;
7415 ;18637 ;;7 ;Сортувальник у виробництві харчової продукції (змішування продуктів харчування та напоїв) ;
7413 ;18637 ;;7 ;Сортувальник у виробництві харчової продукції (молочні продукти) ;
7411 ;18637 ;;7 ;Сортувальник у виробництві харчової продукції (м'ясні та рибні продукти) ;
7416 ;18637 ;;7 ;Сортувальник у виробництві харчової продукції (перероблення тютюну) ;
7414 ;18637 ;;7 ;Сортувальник у виробництві харчової продукції (плоди, овочі та подібні продукти) ;
7412 ;18637 ;;7 ;Сортувальник у виробництві харчової продукції (хлібобулочні та кондитерські вироби) ;
7434 ;18658 ;48 ;;Сортувальник шкіряно-хутряної сировини ;
7441 ;18700 ;;8 ;Сортувальник шкур ;
7441 ;18702 ;;8 ;Сортувальник шкурок кролів ;
8122 ;18681 ;;40 ;Сортувальник-здавальник металу ;
7415 ;18676 ;55 ;;Сортувальник-розбирач чаю ;
9322 ;18679 ;;40 ;Сортувальник-складальник брухту та відходів металу ;
2446.2 ;;;;Соціальний аудитор ;
1483 ;;;;Соціальний менеджер;
2442.2 ;;;;Соціальний патолог ;
2340;;;;Соціальний педагог;
3460 ;- ;;80 ;Соціальний працівник (допоміжний персонал) ;
2446.2 ;;;;Соціальний працівник ;
5133 ;- ;;80 ;Соціальний робітник ;
2442.2 ;- ;- ;;Соціолог з ефективності покарання правопорушників ;
2442.2 ;- ;- ;;Соціолог промисловий ;
2442.2 ;24767 ;;1 ;Соціолог ;
2442.2 ;- ;- ;;Соціолог-кримінолог ;
3117 ;24770 ;- ;;Спектроскопіст ;
2419.3 ;;;;Спеціаліст державної служби (місцевого самоврядування);
2419.3;;;76;Спеціаліст з питань персоналу державної служби;
2419.3 ;;;76 ;Спеціаліст-бухгалтер ;
2423 ;;;;Спеціаліст-криміналіст ;
2423;;;;Спеціаліст-підривник;
2419.3 ;;;76 ;Спеціаліст-юрисконсульт ;
1120.3 ;;;;Спеціальний представник України з питань придністровського врегулювання ;
8152 ;18742 ;;38 ;Спікальник інструментів з алмазів та надтвердих матеріалів ;
7322 ;18743 ;;49 ;Спікальник кювет ;
8152 ;18747 ;29 ;;Спікальник скловолокна ;
8123 ;18745 ;;47 ;Спікальник стрічкових осердь ;
8122 ;18749 ;;41 ;Спікальник ;
8261 ;18753 ;;12 ;Сплавлювач відходів ;
3475 ;- ;;85 ;Спортсмен-інструктор збірної команди України ;
3475 ;24769 ;;85 ;Спортсмен-інструктор ;
3475 ;- ;;85 ;Спортсмен-професіонал з виду спорту ;
4190 ;- ;;75 ;Спостерігач за забрудненням природного середовища ;
3141 ;23652 ;- ;;Спостерігач судновий ;
5161 ;;;;Спостерігач-пожежний ;
7311 ;18395 ;20 ;;Сріблильник п'єзотехнічних виробів ;
8131 ;18393 ;44 ;;Сріблильник ;
8221 ;18758 ;31 ;;Стабілізаторник-дефібринувальник крові ;
8211 ;18760 ;;45 ;Стабілізувальник кабелів ;
8261 ;18762 ;47 ;;Ставильник (виробництво текстилю) ;
8159 ;18762 ;28 ;;Ставильник (виробництво хімічних волокон) ;
8131 ;18767 ;44 ;;Ставильник скловиробів у автоклави ;
8131 ;18764 ;45 ;;Ставильник-вибірник виробів з печей ;
8131 ;18766 ;45 ;;Ставильник-вибірник фарфорових, фаянсових та керамічних виробів на вагонетках ;
3119 ;24772 ;- ;;Стажист-дослідник ;
8121 ;18769 ;;40 ;Сталевар вакуумної печі ;
8121 ;18781 ;;40 ;Сталевар електропечі ;
8121 ;18771 ;;40 ;Сталевар конвертера ;
8121 ;18773 ;;40 ;Сталевар мартенівської печі ;
8121 ;18779 ;;40 ;Сталевар установки електрошлакового переплаву ;
8121 ;18777 ;;40 ;Сталевар установки позапічного оброблення сталі ;
9322 ;18812 ;;66 ;Станційний робітник ;
1229.3;;;;Староста;
3143 ;24773 ;;68 ;Старший бортовий інженер авіаційного загону ;
3143 ;24776 ;- ;;Старший бортовий механік авіаційного загону ;
3143 ;24779 ;;68 ;Старший бортовий оператор авіаційного загону ;
5111 ;24782 ;;68 ;Старший бортовий провідник служби бортпровідників ;
3143 ;24785 ;;68 ;Старший бортовий радист авіаційного загону ;
3449;;;;Старший державний інспектор з енергетичного нагляду;
1229.1;;;;Старший державний інспектор України з нагляду (контролю) у сфері пожежної та техногенної безпеки;
2423 ;;;;Старший дізнавач з особливих доручень ;
2143.2 ;24857 ;- ;;Старший електромеханік-капітан ;
2143.2 ;24860 ;- ;;Старший електромеханік-командир ;
3152 ;24797 ;- ;;Старший інспектор з гідроспоруд ;
3152;24806;;62;Старший інспектор з експлуатації атомних станцій;
3152 ;24809 ;;62 ;Старший інспектор з експлуатації електростанцій та підприємств мереж ;
2424 ;;;;Старший інспектор з особливих доручень (пенітенціарна система) ;
2423 ;;;;Старший інспектор з особливих доручень ;
3152 ;24791 ;- ;;Старший інспектор льотно-виробничої служби центральної бази ;
5161 ;24794 ;- ;;Старший інспектор парашутної та десантно-пожежної служби центральної бази ;
2424 ;;;;Старший інспектор уповноваженого органу з питань пробації;
8162 ;18832 ;;62 ;Старший машиніст енергоблоків ;
8162 ;18826 ;;62 ;Старший машиніст котельного устаткування ;
8162 ;18828 ;;62 ;Старший машиніст котлотурбінного цеху ;
8162 ;18830 ;;62 ;Старший машиніст турбінного відділення ;
3115 ;24825 ;- ;;Старший механік підводного апарата ;
3141 ;24821 ;- ;;Старший механік-капітан ;
2145.2 ;24824 ;- ;;Старший механік-командир ;
4133 ;24831 ;;67 ;Старший оператор диспетчерської руху флоту ;
2424 ;;;;Старший оперуповноважений в особливо важливих справах (пенітенціарна система) ;
2423 ;;;;Старший оперуповноважений в особливо важливих справах ;
2423;;;;Старший оперуповноважений з особливих доручень (поліція);
2426;;;;Старший слідчий (поліція);
2426;;;;Старший слідчий в особливо важливих справах;
2426;;;;Старший слідчий в особливо важливих справах-криміналіст (поліція);
2426;;;;Старший слідчий-криміналіст (поліція);
4133 ;24788 ;- ;;Старший черговий агентства повітряних сполучень ;
3144 ;24848 ;- ;;Старший штурман авіаційного училища ;
3144 ;24851 ;- ;;Старший штурман авіаційної ескадрильї, об'єднаної з аеропортом ;
3144 ;24854 ;- ;;Старший штурман навчального авіаційного центру ;
3144 ;24852 ;- ;;Старший штурман об'єднаного авіаційного загону ;
5162;;;;Старшина (поліція);
3231 ;24872 ;;78 ;Статистик медичний ;
4122 ;24869 ;;1 ;Статистик ;
7241 ;18861 ;;41 ;Стендовик ;
4111 ;;;1 ;Стенографіст ;
7342 ;18863 ;59 ;;Стереотипер ;
8264 ;18869 ;47 ;;Стерилізаторник вати ;
8154 ;18872 ;30 ;;Стерилізаторник живильних середовищ ;
8221 ;18871 ;;25 ;Стерилізаторник матеріалів та препаратів ;
8340 ;18091 ;73 ;;Стерновий (керманич) ;
3142 ;24884 ;- ;;Стивідор у найважливіших морських портах ;
3142 ;24881 ;;67 ;Стивідор ;
8284 ;18905 ;33 ;;Стикувальник гумових виробів ;
8231 ;18903 ;33 ;;Стикувальник смуг ;
8284 ;18906 ;33 ;;Стикувальник текстилю на пресі ;
2452.2 ;;;;Стильмейкер ;
7111 ;18850 ;;64, 5 ;Стовбуровий (підземний) ;
7111 ;;;;Стовбуровий (поверхневий) ;
7124 ;18880 ;;64 ;Столяр будівельний ;
7312 ;18878 ;;59 ;Столяр з вироблення та ремонту деталей і вузлів музичних інструментів ;
7124 ;18881 ;;56 ;Столяр судновий ;
7422 ;18874 ;;16 ;Столяр ;
7124 ;;;;Столяр-верстатник (будівельні роботи) ;
7422 ;18876 ;;84 ;Столяр-виробник декорацій ;
9152 ;18883 ;;1 ;Сторож ;
2114.2 ;;;;Стратиграф ;
2419.3;;;;Страховий експерт з охорони праці;
7432 ;18887 ;47 ;;Стригаль ворсу ;
7211 ;18865 ;;42 ;Стрижневик машинного формування ;
7211 ;18867 ;;42 ;Стрижневик ручного формування ;
5169 ;18885 ;75 ;;Стрілець ;
9311 ;13368 ;;5 ;Стрічковий прибиральник ;
7215 ;18897 ;;1 ;Стропальник ;
8232 ;18893 ;27 ;;Стругальник блоків з оргскла ;
8232 ;18895 ;27 ;;Стругальник целулоїдних блоків ;
7441 ;18889 ;48 ;;Стругальник шкіряно-хутряної сировини та напівфабрикатів ;
8211 ;18891 ;;42 ;Стругальник ;
7312 ;18901 ;;59 ;Струнник ;
7312 ;18899 ;;59 ;Струнонавивальник ;
5121 ;;;;Стюард (готелі та інші місця розміщення) ;
5123 ;;;;Стюард (заклади ресторанного господарства) ;
5139 ;;;;Стюард (інші послуги фізичним та юридичним особам) ;
5111 ;;;;Стюард (послуги у дорозі) ;
5149 ;;;;Стюард (стадіони та інші спортивні споруди) ;
5123 ;- ;;67 ;Стюард ;
1229.2 ;;;;Суддя Апеляційного суду України ;
1120.4 ;;;;Суддя Верховного суду ;
3475 ;- ;;85 ;Суддя з виду спорту ;
3475 ;24899 ;- ;;Суддя з випробування племінних коней ;
2422 ;- ;- ;;Суддя ;
8340;;;;Судноводій маломірного моторного судна;
8340 ;;;;Судноводій малотоннажного судна ;
7214 ;18908 ;;56 ;Суднокорпусник-ремонтник ;
8163 ;18910 ;- ;;Суднопропускник ;
2429 ;;;;Судовий експерт ;
3432 ;24893 ;- ;;Судовий розпорядник ;
8262 ;18912 ;47 ;;Сукновал ;
9311 ;18914 ;;5 ;Сульфатник ;
2145.2 ;;;67 ;Суперінтендант ;
5133;;;;Супроводжувач осіб з інвалідністю;
5139;;;;Супроводжувач тварин (хендлер);
3472 ;24905 ;;84 ;Суфлер ;
8264 ;18916 ;47 ;;Сушильник (виробництво текстилю) ;
7421 ;18916 ;;16 ;Сушильник (виробництво фанери) ;
8152 ;18916 ;;11 ;Сушильник (виробництво цитринової та виннокам'яної кислот) ;
8264 ;18945 ;47 ;;Сушильник (заправник) ;
8111 ;18916 ;;5 ;Сушильник (збагачення) ;
8139 ;18918 ;;37 ;Сушильник абразивних виробів ;
8212 ;18920 ;42 ;;Сушильник азбестоцементних виробів ;
8143 ;18926 ;;17 ;Сушильник вакуум-формувальної машини ;
8159 ;18928 ;30 ;;Сушильник ваніліну ;
8139 ;18947 ;;35 ;Сушильник виробів (виробництво стінових та в'яжучих матеріалів) ;
8159 ;18947 ;;52 ;Сушильник виробів (ремізо-бердне виробництво) ;
8264 ;18947 ;66 ;;Сушильник виробів (хімічне чищення й фарбування) ;
8264 ;18962 ;47 ;;Сушильник відходів ;
8231 ;18929 ;33 ;;Сушильник девулканізату ;
8152 ;18931 ;;60 ;Сушильник деталей та іграшок ;
8152 ;18933 ;20 ;;Сушильник деталей та приладів ;
8274 ;18935 ;;11 ;Сушильник довготрубчастих макаронів ;
7421 ;18937 ;;61 ;Сушильник дощечок ;
8152 ;18938 ;;11 ;Сушильник дріжджів ;
8152 ;19001 ;;43 ;Сушильник електродів ;
8152 ;19003 ;;45 ;Сушильник елементного виробництва ;
9322 ;18940 ;;53 ;Сушильник жерсті ;
8152 ;18942 ;65 ;;Сушильник заготовок та художніх виробів ;
8212 ;18944 ;;35 ;Сушильник заповнювачів ;
8152 ;18951 ;;43 ;Сушильник компонентів обмазки та флюсів ;
8229 ;18953 ;27 ;;Сушильник лінолеуму ;
8261 ;18954 ;;12 ;Сушильник луб'яної сировини ;
8279 ;18956 ;55 ;;Сушильник махоркової крихти ;
8272 ;18960 ;;8 ;Сушильник молочного цукру ;
8152 ;18964 ;;45 ;Сушильник пакетів конденсаторів ;
8143 ;18924 ;;17 ;Сушильник папероробної (картоноробної) машини ;
8143 ;- ;;17 ;Сушильник паперу, картону та виробів з них ;
8271 ;18967 ;;8 ;Сушильник перо-пухової сировини ;
8224 ;18971 ;34 ;;Сушильник плівки бутафоль ;
8212 ;18973 ;43 ;;Сушильник посилальних матеріалів ;
8142 ;;;17 ;Сушильник преспата ;
9322 ;18977 ;60 ;;Сушильник рослин ;
9322 ;18986 ;44 ;;Сушильник сировини та матеріалів ;
8265 ;18988 ;48 ;;Сушильник сировини, напівфабрикатів та виробів ;
9322 ;18981 ;44 ;;Сушильник скловиробів ;
8152 ;18983 ;;61 ;Сушильник стрижнів ;
9322 ;18984 ;;42 ;Сушильник стрижнів, форм та формувальних матеріалів ;
8212 ;18992 ;;36 ;Сушильник теплоізоляційних виробів ;
8279 ;18990 ;;11 ;Сушильник тютюну ;
8131 ;18994 ;45 ;;Сушильник фарфорових, фаянсових, керамічних виробів і сировини ;
8275 ;;;7 ;Сушильник харчової продукції (виробництво цукру) ;
8272 ;18969 ;;7 ;Сушильник харчової продукції (молочне виробництво) ;
7411 ;18969 ;;7 ;Сушильник харчової продукції (м'ясні та рибні продукти) ;
7416 ;18969 ;;7 ;Сушильник харчової продукції (перероблення тютюну) ;
7441 ;18996 ;;8 ;Сушильник шкурок кролів ;
8139 ;18998 ;;37 ;Сушильник шліфзерна, шліфпорошків та шихтових матеріалів ;
2455.2;;;;Сценарист (кіновиробництво);
2455.2;;;;Сценарист комп’ютерних ефектів та графіки (кіновиробництво);
3152 ;;;;Сюрвейєр вантажний ;
4190 ;24919 ;;1 ;Табельник ;
8229 ;19079 ;24 ;;Таблетувальник ;
7215 ;19083 ;;64 ;Такелажник на монтажі ;
7215 ;19085 ;;56 ;Такелажник судновий ;
7215 ;19081 ;;1 ;Такелажник ;
3211 ;;;;Таксидерміст ;
2211.2 ;;;;Таксономіст ;
4121 ;24928 ;;66, 67 ;Таксувальник перевізних документів ;
4121 ;24925 ;;1 ;Таксувальник ;
8122 ;19089 ;;40 ;Талькувальник листів та стрічок ;
4131 ;19090 ;;67 ;Тальман ;
3473 ;;;;Танцюрист у нічному клубі ;
4121 ;24937 ;;68 ;Тарифікатор агентства повітряних сполучень і аеропорту ;
4121 ;24934 ;- ;;Тарифікатор ;
9322 ;19136 ;47 ;;Тасьмовик ;
6121 ;11949 ;;2 ;Тваринник ;
4223 ;19091 ;;70 ;Телеграфіст ;
3132 ;24266 ;- ;;Телеоператор ;
4223 ;19096 ;;70 ;Телефоніст довідкової служби міської телефонної мережі ;
4223 ;19093 ;;70 ;Телефоніст міжміського телефонного зв'язку ;
4223 ;;;;Телефоніст місцевого телефонного зв'язку ;
8275 ;19098 ;;11 ;Темперувальник жирової основи ;
3115 ;24938 ;;5 ;Теплотехнік ;
2229.2;;;;Терапевт мови і мовлення;
2211.2 ;;;;Теріолог ;
8212 ;19108 ;43 ;;Терміст з оброблення слюди ;
8152 ;19102 ;20 ;;Терміст купроксних та селенових випрямлячів ;
8123 ;19104 ;;42 ;Терміст на установках СВЧ ;
8152 ;19106 ;20 ;;Терміст нафталінових печей ;
8123 ;19110 ;;40 ;Терміст прокату й труб ;
8123 ;19111 ;;42 ;Терміст холодом ;
8123 ;19100 ;;42 ;Терміст ;
2111.2 ;;;;Термодинамік ;
7346 ;19126 ;47 ;;Термодрукар ;
8152 ;19113 ;;16 ;Термообробник деревноволокнистих плит ;
8152 ;19115 ;;45 ;Термообробник проводів та кабелів ;
8264 ;19119 ;47 ;;Термообробник пряжі ;
8264 ;19121 ;47 ;;Термообробник текстильно-галантерейних виробів ;
7434 ;19117 ;48 ;;Термообробник хутряних шкурок ;
8264 ;19123 ;;13 ;Термообробник швацьких виробів ;
8265 ;19124 ;48 ;;Термообробник щетини та волосу ;
8231 ;19128 ;33 ;;Термопластикаторник ;
7111 ;19130 ;;5 ;Терморізальник ;
8221 ;19132 ;31 ;;Термостатник (виробництво медикаментів, вітамінів, медичних препаратів і матеріалів) ;
8152 ;19132 ;;45 ;Термостатник (електротехнічне виробництво) ;
8264 ;19134 ;47 ;;Термоусадник ;
7422 ;19139 ;;3 ;Тесальник спецсортиментів ;
7224 ;16673 ;;56 ;Тесляр судновий ;
7124 ;16671 ;;64 ;Тесляр ;
3115 ;24941 ;;68 ;Технік (механік) авіаційний з експлуатації авіаційного устаткування об'єктивного контролю ;
3115 ;24942 ;;68 ;Технік (механік) авіаційний з експлуатації повітряних суден (систем повітряних суден) ;
3212 ;;;;Технік (природознавчі науки) ;
3119 ;;;;Технік (сфера захисту інформації) ;
3116 ;;;;Технік (хімічні технології) ;
3115 ;;;68 ;Технік автоматизованих систем траєкторних вимірів ;
3145 ;24943 ;;68 ;Технік аеродромної служби ;
3212 ;;;;Технік ветеринарної медицини ;
3114 ;- ;;70 ;Технік електрозв'язку ;
3119 ;;;;Технік з аварійно-рятувальних робіт ;
3115 ;24982 ;- ;;Технік з автоматизації виробничих процесів ;
3115 ;;;68 ;Технік з автоматизованих систем льотного контролю ;
3119 ;24987 ;- ;;Технік з аеронавігаційної інформації ;
3112 ;;;;Технік з архітектурного проектування ;
3117 ;24983 ;;74 ;Технік з буріння ;
3117 ;24985 ;;6 ;Технік з видобутку нафти й газу ;
3212 ;;;;Технік з виробництва продукції аквакультури ;
3139 ;;;;Технік з діагностичного устаткування ;
3113 ;;;;Технік з експлуатації біоенергетичних установок ;
3113 ;;;;Технік з експлуатації вітроенергетичних установок ;
3113 ;;;;Технік з експлуатації гідроенергетичних установок ;
3115 ;25034 ;;87 ;Технік з експлуатації мереж і споруд водопровідно-каналізаційного господарства ;
3117 ;25031 ;;21 ;Технік з експлуатації нафтопроводів ;
3113 ;;;;Технік з експлуатації сонячних енергетичних установок ;
3119 ;25035 ;;85 ;Технік з експлуатації та ремонту спортивної техніки ;
3115 ;25032 ;- ;;Технік з експлуатації та ремонту устаткування ;
3117 ;25033 ;- ;;Технік з експлуатації устаткування газових об'єктів ;
3116 ;25030 ;- ;;Технік з електрохімічного захисту ;
3439 ;;;;Технік з інвентаризації нерухомого майна ;
3115 ;24989 ;;1 ;Технік з інструменту ;
3119 ;24995 ;;1 ;Технік з метрології ;
3115 ;24998 ;- ;;Технік з механізації трудомістких процесів ;
3119 ;24999 ;;87, 1 ;Технік з налагоджування та випробувань ;
3119 ;25001 ;;1 ;Технік з нормування праці ;
3115 ;;;;Технік з об'єктивного контролю ;
3119 ;25029 ;;66** ;Технік з обліку ;
3115 ;;;;Технік з обслуговування інженерно-технічних засобів охорони (пенітенціарна система) ;
3119 ;25010 ;;64 ;Технік з підготовки виробництва ;
3117 ;25009 ;;21 ;Технік з підготовки та транспортування нафти та газу ;
3119 ;;;62, 83 ;Технік з підготовки технічної документації ;
3119 ;25005 ;;87, 1 ;Технік з планування ;
3213 ;25008 ;;2 ;Технік з племінної справи ;
3119 ;25026 ;;1 ;Технік з праці ;
3119 ;;;;Технік з промислового рибальства ;
3114 ;25011 ;;68 ;Технік з радіолокації ;
3141 ;25014 ;;68 ;Технік з радіонавігації ;
3114 ;25020 ;- ;;Технік з сигналізації ;
3119 ;;;;Технік з фізичного захисту (сфера використання ядерної енергії) ;
3225 ;24961 ;;78 ;Технік зубний ;
3132 ;24986 ;- ;;Технік із звукозапису ;
3114 ;;;;Технік із конфігурованої комп'ютерної системи ;
3212 ;;;;Технік із лісозаготівель ;
3145 ;25017 ;;68 ;Технік із світлотехнічного та електротехнічного забезпечення польотів ;
3121 ;;;;Технік із системного адміністрування ;
3119 ;25023 ;;1 ;Технік із стандартизації ;
3114 ;;;;Технік із структурованої кабельної системи ;
3212 ;;;;Технік лісового господарства ;
3115 ;;;;Технік маяка ;
3212 ;;;;Технік мисливського господарства ;
3114 ;24947 ;;1 ;Технік обчислювального (інформаційно-обчислювального) центру ;
3114 ;- ;;70 ;Технік поштового зв'язку ;
3112 ;;;;Технік санітарно-технічних систем ;
3119 ;25044 ;- ;;Технік тренажера ;
3119 ;24940 ;;1** ;Технік ;
3111 ;- ;;75 ;Технік-агрометеоролог ;
3212 ;;;;Технік-агрохімік ;
3111 ;- ;;75 ;Технік-аеролог ;
3131 ;24944 ;- ;;Технік-аерофотограметрист ;
3112 ;;;;Технік-будівельник (дорожнє будівництво) ;
3112 ;;;;Технік-будівельник ;
3119 ;24948 ;;64, 74 ;Технік-геодезист ;
3111 ;24949 ;;5, 74 ;Технік-геолог ;
3111 ;24952 ;;5, 74 ;Технік-геофізик ;
3111 ;24955 ;;5, 74 ;Технік-гідрогеолог ;
3118 ;;;;Технік-гідрограф ;
3212;;;;Технік-гідролісомеліоратор;
3111 ;- ;;75 ;Технік-гідролог ;
3212 ;;;;Технік-гідрометрист ;
3112 ;24958 ;- ;;Технік-гідротехнік ;
3212 ;;;;Технік-гідротехнік ;
3212 ;;;;Технік-ґрунтознавець ;
3119;;;;Технік-дефектоскопіст;
3112 ;;;;Технік-дизайнер (будівництво) ;
3112 ;25037 ;;64, 87 ;Технік-доглядач ;
3111 ;24960 ;- ;;Технік-дозиметрист ;
3211 ;;;;Технік-еколог ;
3113 ;;;;Технік-електрик ;
3117 ;;;;Технік-електромеханік гірничий ;
3113 ;25045 ;- ;;Технік-енергетик ;
3212 ;;;;Технік-землевпорядник ;
3145 ;24967 ;- ;;Технік-інспектор з контролю за використанням палива ;
3152 ;24964 ;;87 ;Технік-інспектор ;
3118 ;24969 ;;5, 74 ;Технік-картограф ;
3114 ;24971 ;- ;;Технік-конструктор (електроніка) ;
3113 ;24971 ;- ;;Технік-конструктор (електротехніка) ;
3115 ;24971 ;- ;;Технік-конструктор (механіка) ;
3118 ;24971 ;;1 ;Технік-конструктор ;
3211 ;24974 ;;;Технік-лаборант (біологічні дослідження) ;
3112 ;24974 ;;64 ;Технік-лаборант (будівництво) ;
3117 ;24974 ;;;Технік-лаборант (видобувна промисловість, металургія) ;
3116 ;24974 ;;;Технік-лаборант (хімічне виробництво) ;
3111 ;24974 ;;;Технік-лаборант (хімічні та фізичні дослідження) ;
3221 ;;;;Технік-лаборант з клінічної нейрофізіології ;
3211 ;;;;Технік-лаборант ;
3212 ;24975 ;;3 ;Технік-лісопатолог ;
3117 ;24977 ;;5, 74 ;Технік-маркшейдер ;
3111 ;- ;;75 ;Технік-метеоролог ;
3141 ;;;;Технік-механік з ремонту технологічного устаткування ;
3115 ;;;;Технік-механік із меліорації сільськогосподарського виробництва ;
3115 ;;;;Технік-механік сільськогосподарського (лісогосподарського) виробництва ;
3115;;;;Технік-мехатронік;
3111 ;- ;;75 ;Технік-океанолог ;
3139 ;- ;- ;;Технік-оператор електронного устаткування ;
3139 ;- ;- ;;Технік-оператор оптичного устаткування ;
3139 ;;;;Технік-оптик ;
3231 ;- ;;78 ;Технік-ортезист-гіпсовиливальник ;
3121 ;25036 ;;1 ;Технік-програміст ;
3112 ;24981 ;;64 ;Технік-проектувальник ;
3119;;;;Технік-протезист-ортезист;
3491 ;;;75  ;Технік-радіометрист ;
3212 ;;;;Технік-рибовод ;
3212 ;25038 ;;3 ;Технік-таксатор ;
3112 ;;;;Технік-теплотехнік (будівництво) ;
3119 ;25040 ;;87 ;Технік-теплотехнік ;
3112 ;;;;Технік-технолог (виробництво будівельних виробів і конструкцій) ;
3117 ;;;;Технік-технолог (виробництво кольорових металів та сплавів) ;
3117 ;;;;Технік-технолог (виробництво сталі та феросплавів) ;
3117 ;;;;Технік-технолог (виробництво чавуну) ;
3114 ;25041 ;- ;;Технік-технолог (електроніка) ;
3113 ;25041 ;- ;;Технік-технолог (електротехніка) ;
3117 ;;;;Технік-технолог (лиття металів) ;
3115 ;25041 ;- ;;Технік-технолог (механіка) ;
3117 ;;;;Технік-технолог (обробка металів тиском) ;
3119 ;;;;Технік-технолог (текстильна та легка промисловість) ;
3117 ;;;;Технік-технолог гірничий ;
3520 ;;;;Технік-технолог з бродильного виробництва та виноробства ;
3550 ;;;;Технік-технолог з виробництва борошняних, кондитерських виробів та харчоконцентратів ;
3590 ;;;;Технік-технолог з виробництва жирів і жирозамінників ;
3119 ;;;;Технік-технолог з виробництва меблів ;
3530 ;;;;Технік-технолог з виробництва молочних продуктів ;
3540 ;;;;Технік-технолог з виробництва м'ясних продуктів ;
3139 ;;;;Технік-технолог з виробництва оптичних і оптико-електронних приладів ;
3590 ;;;;Технік-технолог з виробництва полісахаридів ;
3213 ;;;2 ;Технік-технолог з виробництва та переробки продукції тваринництва ;
3590 ;;;;Технік-технолог з виробництва цукристих речовин ;
3510 ;;;;Технік-технолог з переробки плодоовочевої продукції ;
3212 ;;;;Технік-технолог з переробки риби та морепродуктів ;
3570 ;;;;Технік-технолог з технології харчування ;
3560 ;;;;Технік-технолог зі зберігання та переробки зерна ;
3111;;;;Технік-технолог із зварювання;
3111 ;25041 ;;1 ;Технік-технолог ;
3118 ;;;;Технік-топограф кадастровий ;
3118 ;;;;Технік-топограф ;
1222.1 ;25050 ;;74 ;Технічний керівник геологічної партії ;
1222.1 ;25054 ;- ;;Технічний керівник лісобіржі ;
1222.1 ;25047 ;- ;;Технічний керівник ;
3119 ;25062 ;- ;;Технолог ;
2142.2 ;;;;Технолог (будівельні матеріали) ;
2149.2 ;;;18 ;Технолог (видавничо-поліграфічне виробництво) ;
2149.2 ;;;18 ;Технолог електронних мультимедійних видань ;
3212 ;;;;Технолог з виробництва продукції аквакультури ;
3213 ;;;2 ;Технолог з виробництва та переробки продукції тваринництва ;
2490;;;;Технолог (з дипломом магістра);
3212;;;;Технолог з ідентифікації і реєстрації тварин;
3229 ;;;;Технолог з лабораторної діагностики ;
3229 ;;;;Технолог з рентгенологічної діагностики ;
3212 ;;;;Технолог з рибальства ;
2213.2;;;;Технолог зі зберігання та первинної переробки продукції рослинництва;
3212 ;;;;Технолог із агрономії ;
3119;;;;Технолог ортопедичний;
2149.2 ;;;18 ;Технолог-видавець ;
3212 ;;;;Технолог-гідротехнік ;
2149.1 ;;;18 ;Технолог-дослідник (видавничо-поліграфічне виробництво) ;
2213.2 ;;;2 ;Технолог-дослідник з виробництва та переробки продукції тваринництва ;
2213.2;;;;Технолог-дослідник зі зберігання та первинної переробки продукції рослинництва;
1222.2 ;25060 ;;3 ;Технологічний керівник (лісопункту, лісопромислового комплексу, цеху, нижнього складу, лісозаготівельної дільниці) ;
3340 ;25065 ;- ;;Технолог-наставник ;
3212 ;;;;Технолог-рибовод ;
1210.1 ;;;;Тимчасовий адміністратор ;
7412 ;19137 ;;11 ;Тістороб ;
7432 ;;;5* ;Ткач ручного художнього ткацтва ;
8262 ;19143 ;47 ;;Ткач ;
3419 ;25068 ;;65, 1 ;Товарознавець ;
8139 ;19160 ;;37 ;Токар з оброблення абразивних виробів ;
8139 ;19156 ;65 ;;Токар по каменю ;
7233 ;;;67 ;Токар судновий ;
8211 ;19149 ;;42 ;Токар ;
8211 ;19151 ;;42 ;Токар-затилувальник ;
8211 ;19153 ;;42 ;Токар-карусельник ;
8211 ;19158 ;;42 ;Токар-напівавтоматник ;
8211 ;19165 ;;42 ;Токар-револьверник ;
8211 ;19163 ;;42 ;Токар-розточувальник ;
2212.2 ;25069 ;;25 ;Токсиколог ;
2148.2 ;;;;Топограф кадастровий ;
2148.2 ;25071 ;;74 ;Топограф ;
3421 ;- ;- ;;Торговельний брокер (маклер) ;
3413 ;;;;Торговець (власність) ;
3415 ;;;;Торговець (інженерні розробки) ;
3429 ;;;;Торговець (обслуговування бізнесу та реклами) ;
3415 ;;;;Торговець комерційний ;
3413 ;- ;- ;;Торговець нерухомістю ;
3415 ;;;;Торговець промисловий ;
5230 ;;;;Торговець рибою ;
3415 ;;;;Торговець роз'їзний ;
3415 ;;;;Торговець технічний ;
9322 ;11182 ;47 ;;Торочківник ;
9311 ;19173 ;;5 ;Торфоробітник ;
9322 ;19180 ;47 ;;Точильник головок ;
9322 ;19177 ;47 ;;Точильник кардної гарнітури ;
7431 ;19179 ;47 ;;Точильник стригальних ножів ;
7222 ;19175 ;- ;;Точильник ;
7346 ;19184 ;47 ;;Травильник валів ;
7343 ;19186 ;59 ;;Травильник кліше ;
8159 ;19188 ;20 ;;Травильник купроксних випрямних елементів ;
8159 ;19190 ;20 ;;Травильник прецизійного травлення ;
8159 ;19192 ;20 ;;Травильник радіокераміки ;
8223;;;;Травильник розмірного травлення;
8232 ;19194 ;27 ;;Травильник синтетичних матеріалів на тканинній основі ;
7323 ;19196 ;44 ;;Травильник скла плавиковою кислотою ;
9322 ;19198 ;45 ;;Травильник фарфорових та фаянсових виробів ;
7311 ;19199 ;;50 ;Травильник фольги (виробництво годинників) ;
8159 ;19199 ;20 ;;Травильник фольги (електронна техніка) ;
7343 ;19201 ;59 ;;Травильник форм глибокого друкування ;
8223 ;19182 ;;42 ;Травильник ;
8331 ;19203 ;;3 ;Тракторист (лісозаготівельні роботи) ;
8331 ;19203 ;;1 ;Тракторист ;
8331 ;19205 ;;2 ;Тракторист-машиніст сільськогосподарського (лісогосподарського) виробництва ;
8131 ;19211 ;45 ;;Трамбувальник вогнеприпасів з карборунду ;
8211 ;19209 ;;45 ;Трамбувальник ізоляційного матеріалу ;
2229.2 ;;;;Трансплант-координатор;
2490 ;;;;Трансплант-координатор патолого-анатомічного бюро (бюро судово-медичної експертизи);
8333 ;19213 ;;1 ;Транспортувальник (обслуговування механізмів) ;
7215 ;19217 ;;1 ;Транспортувальник (такелажні роботи) ;
8212 ;19215 ;;35 ;Транспортувальник гарячого клінкеру ;
7215;;;;Транспортувальник спеціальних виробів (спеціальні хімічні виробництва);
9322 ;19219 ;;42 ;Транспортувальник у ливарному виробництві ;
9322 ;19220 ;;40 ;Транспортувальник шихти ;
7324 ;19222 ;65 ;;Трафаретник (виробництво художніх виробів) ;
7343 ;19222 ;59 ;;Трафаретник (поліграфічне виробництво) ;
8331 ;19224 ;;3 ;Трелювальник ;
3475 ;- ;;85 ;Тренер з виду спорту (федерації, збірної чи клубної команди, спортивної школи і т. ін.) ;
6129 ;19226 ;;2 ;Тренер коней ;
3475 ;- ;;85 ;Тренер-викладач з виду спорту (спортивної школи, секції і т. ін.) ;
3475;;;;Тренер-методист;
9322 ;19228 ;20 ;;Тренувальник радіодеталей ;
3142 ;;;;Третій помічник капітана (на суднах внутрішнього плавання) ;
3141 ;;;;Третій помічник командира земснаряда (землесоса, дноочищувального снаряда) ;
9322 ;19230 ;55 ;;Трубник на солекомбайні ;
7136 ;19231 ;;56 ;Трубозгинальник судновий ;
8124 ;19236 ;;40 ;Труболиварник-формувальник ;
7136 ;19238 ;;21 ;Трубопровідник лінійний ;
7136 ;19240 ;;56 ;Трубопровідник судновий ;
8124 ;19242 ;;41 ;Трубопрокатник ;
5143 ;;;;Трунар ;
7441 ;19243 ;;8 ;Тузлукувальник шкур ;
8261 ;19245 ;;12 ;Тунелепрокладник у бунтах бавовни-сирцю ;
7129 ;19167 ;;66 ;Тунельний робітник ;
8212 ;19169 ;;35 ;Тунельник (обробка каменю та виробництво каменеливарних виробів) ;
8159 ;19169 ;;19 ;Тунельник (чорна металургія) ;
8333 ;19171 ;;19 ;Тунельник-моторист скіпового підіймача ;
2481.2 ;;;;Туризмознавець ;
5113;;;;Туристичний гід (за видами туризму);
6111 ;19077 ;;2 ;Тютюнник ;
8286 ;19280 ;;14 ;Укладальник виробів ;
9322 ;19277 ;20 ;;Укладальник деталей та виробів ;
7421 ;19281 ;;16 ;Укладальник пиломатеріалів, деталей та виробів з деревини ;
7139;;;;Укладальник підлогових покриттів;
9322 ;19283 ;;9 ;Укладальник продуктів консервування ;
8221 ;19285 ;;25 ;Укладальник продукції медичного призначення ;
9322 ;19287 ;;40 ;Укладальник прокату ;
7122 ;19233 ;;64 ;Укладальник промислових залізобетонних труб ;
7122 ;19234 ;;64 ;Укладальник промислових цегляних труб ;
8229 ;19288 ;35 ;;Укладальник синелі ;
8261 ;19291 ;;12 ;Укладальник сировини ;
8232 ;19290 ;29 ;;Укладальник склонитки у вироби ;
4112 ;25088 ;- ;;Укладальник тексту ;
9322 ;19294 ;;11 ;Укладальник хлібобулочних виробів ;
9322 ;19275 ;47 ;;Укладальник-вибиральник мокрого товару та пряжі ручним способом ;
9322 ;19293 ;;16, 1 ;Укладальник-пакувальник ;
9322 ;18713 ;;11 ;Укладач вагонних партій тютюну ;
4141 ;24761 ;;82 ;Укладач кінопрограм ;
8224 ;18715 ;34 ;;Укладач колагенової маси ;
2148.2 ;24764 ;- ;;Укладач лоцій ;
8139 ;18717 ;;40 ;Укладач маси на мішалках ;
4190 ;18722 ;;87 ;Укладач опису об'єктів населених пунктів ;
8122 ;18736 ;;42 ;Укладач фтористих присадок ;
9132 ;19296 ;;84 ;Уніформіст ;
1229.5;;;;Уповноважена особа (виробництво лікарських засобів);
2419.2 ;;;;Уповноважена особа з питань відповідності (енергетика);
2139.2;;;;Уповноважений з авторизації безпеки інформації;
2414.2;;;;Уповноважений з антикорупційної діяльності;
1120.1 ;;;;Уповноважений з прав людини ;
3141 ;25115 ;;67 ;Уповноважений з приймання суден від суднобудівних заводів ;
1120.1;;;;Уповноважений із захисту державної мови;
3415 ;25091 ;- ;;Уповноважений контори з імпорту худоби ;
1120.1;;;;Уповноважений Президента України з прав дитини;
1229.1 ;;;;Уповноважений Президента України ;
1120.1;;;;Урядовий уповноважений з прав осіб з інвалідністю;
1120.1 ;;;;Урядовий уповноважений ;
8151;;;;Усереднювач (спеціальні хімічні виробництва);
8139 ;19309 ;44 ;;Усереднювач сировини ;
9322 ;19310 ;65 ;;Установник алмазів ;
7233 ;19312 ;;6 ;Установник бурильних замків ;
8223 ;19315 ;;42 ;Установник виробів в емалюванні ;
4190 ;19313 ;;82 ;Установник декорацій ;
8159 ;19317 ;25 ;;Установник каталізаторних сіток ;
8224 ;19328 ;34 ;;Установник кольору та світла ;
7312 ;19319 ;;59 ;Установник ладових пластин ;
8159 ;19321 ;28 ;;Установник прядильних блоків та гарнітури ;
7241 ;19323 ;29 ;;Установник склоплавильних посудин ;
8152 ;19324 ;29 ;;Установник фільєрних пластин ;
4190 ;19326 ;61 ;;Установник художніх творів ;
1237.2 ;;;81 ;Учений секретар ;
9322 ;19306 ;;48 ;Ущільнювач припою ;
3119 ;25171 ;;40 ;Фабрикатор ;
7331 ;19331 ;65 ;;Фанерувальник художніх виробів з дерева ;
8151 ;13186 ;44 ;;Фарбовар ;
8151 ;13191 ;26 ;;Фарботерник ;
8143 ;13188 ;;17 ;Фарбоукладач ;
8264 ;13170 ;47 ;;Фарбувальник (виробництво текстилю) ;
8229 ;13170 ;24 ;;Фарбувальник (хімічне виробництво) ;
8264 ;13170 ;66 ;;Фарбувальник (хімічне чищення й фарбування) ;
8232 ;15446 ;29 ;;Фарбувальник виробів із склопластиків ;
9322 ;13172 ;48 ;;Фарбувальник волосу ;
8231 ;15454 ;33 ;;Фарбувальник гумових виробів ;
9322 ;13176 ;44 ;;Фарбувальник дзеркал ;
9322 ;15444 ;;60 ;Фарбувальник іграшок ;
8264 ;13182 ;;60 ;Фарбувальник матеріалів для іграшок ;
7332 ;15450 ;60 ;;Фарбувальник мікрозрізів ;
8229 ;13178 ;;61 ;Фарбувальник олівців ;
7142 ;15452 ;20 ;;Фарбувальник приладів і деталей ;
9322 ;15456 ;55 ;;Фарбувальник сиропу ;
7434 ;13184 ;48 ;;Фарбувальник хутра та шубної овчини ;
7441 ;13180 ;48 ;;Фарбувальник шкір ;
2212.2 ;25174 ;;25 ;Фармаколог ;
2224.2;;;78;Фармацевт;
2224.2;;;78;Фармацевт клінічний;
2224.2;;;;Фармацевт промисловий;
2224.2;;;78;Фармацевт-аналітик;
3228;;78;;Фармацевт-інтерн;
2224.2;;;78;Фармацевт-косметолог;
2224.2;;;;Фармацевт-токсиколог;
8275 ;19335 ;;9 ;Фарширувальник овочів ;
7411 ;19333 ;;8 ;Фаршомісильник ;
8265 ;19336 ;48 ;;Фасувальник жмутів щетини та волосу ;
5220 ;- ;;78 ;Фасувальник медичних виробів ;
3439 ;24771 ;;1 ;Фахівець ;
3241 ;- ;- ;;Фахівець безконтактного масажу ;
3114;;;;Фахівець електронних комунікацій;
2359.2;;;;Фахівець з адаптивного спорту;
2412.2 ;- ;- ;;Фахівець з аналізу ринку праці ;
3213 ;;;;Фахівець з бджільництва ;
2139.2;;;;Фахівець з безпеки електронних комунікацій;
3479;;;;Фахівець з бібліотечної справи;
3211 ;;;;Фахівець з біотехнології ;
3411 ;;;;Фахівець з біржових операцій ;
3411 ;;;;Фахівець з ведення реєстру власників іменних цінних паперів ;
3115 ;;;;Фахівець з виготовлення штучного льоду ;
3119 ;;;18 ;Фахівець з видавничо-поліграфічного виробництва ;
2213.2 ;;;;Фахівець з використання водних ресурсів ;
3460 ;;;;Фахівець з вирішення конфліктів (побутова сфера) ;
2213.2 ;;;;Фахівець з виробництва продукції аквакультури ;
2148.2 ;;;;Фахівець з геосистемного моніторингу навколишнього середовища ;
3414 ;;;;Фахівець з готельного обслуговування ;
3222;;;;Фахівець з громадського здоров’я;
3411 ;;;;Фахівець з депозитарної діяльності ;
2148.2 ;;;;Фахівець з дистанційного зондування землі та аерокосмічного моніторингу ;
2490 ;;;;Фахівець з діяльності професійних спілок;
2446.2 ;- ;- ;;Фахівець (з допомоги неблагополучним родинам, грошової допомоги дітям і т. ін.) ;
2213.2 ;;;;Фахівець з екологічної освіти ;
2419.2 ;;;;Фахівець з економічного моделювання екологічних систем ;
3113;;;;Фахівець з експлуатації електричних станцій, енергетичних установок та мереж;
3113 ;;;;Фахівець з енергетичного менеджменту ;
2419.2 ;- ;- ;;Фахівець з ефективності підприємництва ;
3472 ;;;;Фахівець з інтерв'ювання (засоби масової інформації) ;
3439 ;;;80 ;Фахівець з інтерв'ювання ;
3121 ;;;;Фахівець з інформаційних технологій ;
2213.2 ;;;;Фахівець з квітникарства ;
2139.2;;;;Фахівець з кібердосліджень та розробок систем безпеки;
3121 ;;;;Фахівець з комп'ютерної графіки (дизайну) ;
3411 ;;;;Фахівець з корпоративного управління ;
3417 ;;;;Фахівець з коштовного каміння (гемолог) ;
2139.2;;;;Фахівець з криптографічного захисту інформації;
2213.2 ;;;;Фахівець з ландшафтного дизайну ;
3111 ;;;;Фахівець з медичної фізики ;
2419.2 ;- ;;18, 65 ;Фахівець з методів розширення ринку збуту (маркетолог) ;
2442.2 ;;;;Фахівець з міської та районної планіровки ;
3423 ;- ;;80 ;Фахівець з найму робочої сили ;
2149.2 ;- ;;1 ;Фахівець з неруйнівного контролю ;
2149.2;;;;Фахівець з обстеження інженерних систем;
3476;;;;Фахівець з організації дозвілля та надання культурних послуг (за видами);
3439;;;;Фахівець з організації кондомініумів;
3450 ;;;1 ;Фахівець з організації майнової та особистої безпеки ;
3439 ;;;;Фахівець з організації побутового обслуговування ;
2412.2 ;;;1 ;Фахівець з організації праці;
3213 ;;;;Фахівець з організації та ведення фермерського господарства ;
2139.2;;;;Фахівець з оцінки заходів захисту інформації (кібербезпеки);
3471 ;;;;Фахівець з перукарського мистецтва та декоративної косметики ;
2139.2;;;;Фахівець з питань безпеки (інформаційно-комунікаційні технології);
2442.2 ;;;1 ;Фахівець з питань вирішення колективних трудових спорів (конфліктів) ;
2412.2 ;- ;- ;;Фахівець з питань зайнятості (хедхантер) ;
2149.2 ;;;;Фахівець з питань мобілізаційної роботи ;
2359.2;;;;Фахівець з питань молоді (молодіжний працівник) ;
3114;;;;Фахівець з питань обслуговування мережі;
2149.2;;;;Фахівець з питань цивільного захисту;
2412.2 ;;;1 ;Фахівець з підготовки кадрів;
2139.2;;;;Фахівець з підтримки інфраструктури кіберзахисту;
3117;;;;Фахівець з піротехнічних, саперних та підривних робіт;
2139.2;;;;Фахівець з планування ефективності електронних комунікацій;
3114;;;;Фахівець з планування мереж радіодоступу;
2139.2;;;;Фахівець з планування політики та стратегії кібербезпеки;
3212 ;;;;Фахівець з плодоовочівництва і виноградарства ;
3439;;;;Фахівець з пожежної безпеки;
3476;;;;Фахівець з проведення театралізованих народних свят та обрядів;
2490;;;;Фахівець з протидії технічним розвідкам;
2412.2 ;;- ;;Фахівець з профадаптації;
2412.2 ;;;;Фахівець з профорієнтації ;
2419.2;;;;Фахівець з публічних закупівель;
3439 ;;;;Фахівець з радіаційного та хімічного захисту ;
2490;;;;Фахівець з раннього втручання;
2419.2 ;- ;- ;;Фахівець з раціоналізації виробництва ;
2139.2;;;;Фахівець з реагування на інциденти кібербезпеки;
3439 ;;;;Фахівець з режиму секретності ;
2213.2 ;;;;Фахівець з рекреації ;
2443.2 ;;;;Фахівець з релігієзнавства ;
3479;;;;Фахівець з реставрації архівних та бібліотечних документів;
3414 ;;;;Фахівець з розвитку сільського туризму ;
3117;;;;Фахівець з розмінування;
2442.2 ;;;;Фахівець з розміщення продуктивних сил та регіональної економіки ;
2139.2;;;;Фахівець з розробки та тестування програмного забезпечення;
3121 ;;;;Фахівець з розроблення комп’ютерних програм та програмного забезпечення ;
2139.2;;;;Фахівець з тестування систем безпеки та захисту інформації ;
2139.2;;;;Фахівець з технічного захисту інформації;
3119 ;;;;Фахівець з технічної експертизи ;
3114;;;;Фахівець з технічної підтримки електронних комунікацій;
3414 ;;;;Фахівець з туристичного обслуговування ;
3411 ;;;;Фахівець з управління активами ;
2433.2;;;;Фахівець з управління дослідницькими даними;
3111 ;;;;Фахівець з управління енергозбереженням в будівлях ;
2442.2 ;;;;Фахівець з управління природокористуванням ;
2447.2 ;- ;;5* ;Фахівець з управління проектами та програмами у сфері матеріального (нематеріального) виробництва ;
2442.2;;;;Фахівець з урегулювання конфліктів та медіації у соціально-політичній сфері;
3226;-;;80;Фахівець з фізичної реабілітації;
3411 ;;;;Фахівець з фінансово-економічної безпеки ;
3340 ;;;;Фахівець з фольклористики ;
2139.2;;;;Фахівець з юридичних консультацій та адвокації в сфері кібербезпеки;
3435.2;;;;Фахівець зі створення страхового фонду документів та фонду користування документами;
2213.2 ;;;;Фахівець із агрохімії та ґрунтознавства ;
2443.2 ;;;;Фахівець із генеалогії ;
2482.2;;;;Фахівець із гостинності (готелі, туристичні комплекси та ін.);
2482.2 ;;;;Фахівець із готельної справи ;
2149.2 ;;;;Фахівець із забезпечення Оперативно-рятувальної служби цивільного захисту ;
2490;;;;Фахівець із захисту та стійкості критичної інфраструктури;
3213 ;;;;Фахівець із звірівництва ;
2419.2 ;- ;- ;;Фахівець із зв'язків з громадськістю та пресою ;
3414 ;;;;Фахівець із конференц-сервісу ;
3111 ;;;;Фахівець із нетрадиційних видів енергії ;
3439 ;;;;Фахівець із організації захисту інформації з обмеженим доступом ;
3439 ;;;;Фахівець із організації інформаційної безпеки ;
2482.2 ;;;;Фахівець із ресторанної справи ;
2483.2 ;;;;Фахівець із санаторно-курортної справи ;
2213.2 ;;;;Фахівець із селекції та генетики сільськогосподарських культур ;
2419.2 ;;;;Фахівець із сертифікації ;
2446.2 ;;;80 ;Фахівець із соціальної допомоги вдома ;
2446.2 ;24768 ;;80 ;Фахівець із соціальної роботи ;
3414 ;;;80 ;Фахівець із спеціалізованого обслуговування ;
2419.2 ;;;;Фахівець із стандартизації ;
2419.2 ;- ;;1 ;Фахівець із стандартизації, сертифікації та якості ;
3132 ;;;;Фахівець із електронно-комунікаційної інженерії;
2446.2;;;;Фахівець із супроводу ветеранів війни та демобілізованих осіб;
3414 ;;;;Фахівець із туристичної безпеки ;
2419.2 ;;;;Фахівець із якості ;
2340;;;;Фахівець (консультант) інклюзивно-ресурсного центру;
3439 ;;;;Фахівець оперативно-рятувальної служби цивільного захисту ;
3212 ;;;;Фахівець садово-паркового господарства ;
2139.2;;;;Фахівець сфери захисту інформації;
3340;;;;Фахівець у сфері позашкільної освіти;
2419.2 ;- ;;65 ;Фахівець-аналітик з дослідження товарного ринку ;
2446.2 ;- ;;1 ;Фахівець-організатор соціально-побутового обслуговування ;
3411 ;;;;Фахівець-організатор торгівлі на ринку цінних паперів ;
3152 ;;;;Фахівець (офіцер) охорони компанії (портових засобів) ;
7322 ;19338 ;44 ;;Фацетник ;
4142 ;19339 ;;70 ;Фельд'єгер ;
3227 ;25183 ;- ;;Фельдшер ветеринарної медицини ;
3221;;;78;Фельдшер з медицини невідкладних станів;
3221 ;- ;;78 ;Фельдшер із санітарної освіти ;
2230.2 ;25187 ;- ;;Фельдшер на морських і річкових суднах ;
3221;;;;Фельдшер пожежно-рятувального (аварійно-рятувального) підрозділу;
3221 ;- ;;78 ;Фельдшер санітарний ;
3221 ;25180 ;;78 ;Фельдшер ;
3229 ;25186 ;;78 ;Фельдшер-лаборант ;
8151 ;19340 ;;36 ;Фенольник ;
8275 ;19342 ;;11 ;Ферментаторник ;
7415 ;19343 ;55 ;;Ферментувальник чаю ;
6131 ;- ;;2 ;Фермер ;
8131 ;19346 ;44 ;;Фідерник ;
2111.2 ;25189 ;- ;;Фізик ;
2229.2;;;;Фізичний терапевт;
2211.1;;;;Фізіолог рослин;
2212.2 ;25192 ;;1 ;Фізіолог ;
8221 ;19348 ;31 ;;Фіксаторник ;
8143 ;19350 ;;17 ;Філігранник паперу ;
2444.2 ;;;;Філолог ;
2444.1 ;;;;Філолог-дослідник ;
2443.2 ;;;;Філософ ;
8159 ;19351 ;28 ;;Фільєрник ;
4190 ;19353 ;;82 ;Фільмоперевіряльник ;
5311 ;19355 ;;82 ;Фільмотекар ;
8139 ;19358 ;45 ;;Фільтр-пресувальник (виробництво керамічних, фарфорових та фаянсових виробів) ;
8159 ;19358 ;;45 ;Фільтр-пресувальник (електротехнічне виробництво) ;
8112 ;19356 ;;5 ;Фільтрувальник ;
2419.2;;;;Фінансовий аналітик;
3475 ;;;;Фітнес-тренер ;
8151 ;;;;Флегматизаторник порохів (спеціальні хімічні виробництва);
8231 ;19360 ;33 ;;Фліперувач бортових кілець ;
7331 ;- ;;5* ;Флорист ;
8112 ;19362 ;;5 ;Флотатор ;
8275 ;19363 ;;11 ;Флотаторник (виробництво крохмалю та крохмалепродуктів) ;
8131 ;19363 ;44 ;;Флотаторник (виробництво скла та скловиробів) ;
8121 ;19365 ;;40 ;Флюсовар (доменне виробництво) ;
8122 ;19365 ;;40 ;Флюсовар (сталеплавильне виробництво) ;
8152 ;19366 ;;43 ;Флюсувальник ;
2444.1 ;;;;Фольклорист ;
5311 ;19368 ;;82 ;Фонотекар ;
7321 ;19369 ;65 ;;Форматор скульптурного виробництва ;
9322 ;19454 ;44 ;;Формотримач ;
8139 ;19376 ;;37 ;Формувальник абразивних виробів на бакелітовій, вулканітовій та епоксидній зв'язках ;
8139 ;19375 ;;37 ;Формувальник абразивних виробів на керамічній зв'язці ;
8212 ;;;35;Формувальник волокнистоцементних виробів;
8159 ;19378 ;20 ;;Формувальник анодів ;
8212 ;19382 ;43 ;;Формувальник асфальтових плиток ;
8232 ;19384 ;27 ;;Формувальник блоків міпори ;
8229 ;19386 ;35 ;;Формувальник брикетів ;
8232 ;19387 ;27 ;;Формувальник буртів фаолітових труб ;
7321 ;19402 ;;34 ;Формувальник виробів будівельної кераміки ;
8232 ;19401 ;27 ;;Формувальник виробів з поропластів ;
8139 ;19416 ;;40 ;Формувальник вогнетривких виробів ;
8269 ;19392 ;47 ;;Формувальник головних уборів (валяльно-повстяне виробництво) ;
7433 ;19392 ;;13 ;Формувальник головних уборів (швацьке виробництво) ;
9322 ;19394 ;44 ;;Формувальник деталей із скла ;
8266 ;19397 ;48 ;;Формувальник деталей та виробів ;
8232 ;19395 ;;60 ;Формувальник деталей та іграшок ;
8159 ;19451 ;;41 ;Формувальник електродної маси ;
7321 ;19452 ;45 ;;Формувальник електрокерамічних виробів ;
7211 ;19421 ;;42 ;Формувальник з виплавлюваних моделей ;
8212 ;19399 ;;35 ;Формувальник залізобетонних виробів та конструкцій ;
8212 ;19406 ;;35 ;Формувальник каменеливарного виробництва ;
8131 ;19407 ;45 ;;Формувальник капселів ;
7411 ;19409 ;;8 ;Формувальник ковбасних виробів ;
7211 ;19411 ;;42 ;Формувальник машинного формування ;
8221 ;19413 ;;25 ;Формувальник медичних препаратів, напівфабрикатів і виробів ;
8152 ;19418 ;25 ;;Формувальник пакетів ;
8221 ;19419 ;;26 ;Формувальник пенальної косметики ;
8231 ;19423 ;33 ;;Формувальник покришок ;
8212 ;19425 ;20 ;;Формувальник радіокераміки ;
9322 ;19426 ;29 ;;Формувальник роздільних та декоративних шарів ;
7242 ;19428 ;;45 ;Формувальник ртутних випрямлячів ;
7211 ;19430 ;;42 ;Формувальник ручного формування ;
8159 ;19432 ;20 ;;Формувальник селенових елементів ;
8272 ;19435 ;;8 ;Формувальник сиру ;
8232 ;19433 ;29 ;;Формувальник склопластикових виробів ;
8232;;;;Формувальник спеціальних виробів з полімерних композиційних матеріалів;
8232 ;19390 ;27 ;;Формувальник спіненого полістиролу ;
8269 ;19437 ;47 ;;Формувальник текстильних виробів ;
8212 ;19439 ;;36 ;Формувальник теплоізоляційних виробів ;
8212;;;;Формувальник теплоізоляційних та герметизуючих покриттів спеціальних виробів;
7412 ;19441 ;;11 ;Формувальник тіста ;
8262 ;19373 ;47 ;;Формувальник трикотажних виробів ;
8130 ;;;;Формувальник у виробництві неметалевих виробів ;
8212 ;19389 ;;35 ;Формувальник у виробництві стінових та в'яжучих матеріалів ;
7321 ;19442 ;45 ;;Формувальник фарфорових та фаянсових виробів ;
7329 ;;;;Формувальник фарфорових, фаянсових та керамічних виробів ;
8212 ;19444 ;38 ;;Формувальник фільтр-пластин ;
8159 ;19445 ;20 ;;Формувальник фольги ;
7331 ;19447 ;60 ;;Формувальник форм для наочного приладдя ;
7331 ;19449 ;65 ;;Формувальник художнього лиття ;
7311 ;19404 ;31 ;;Формувальник штучних зубів ;
8162 ;19455 ;;1 ;Форсунник ;
8223 ;19457 ;;42 ;Фосфатувальник ;
2148.2 ;;;;Фотограмметрист ;
8224 ;;;18 ;Фотограф (поліграфічне виробництво) ;
7344 ;19459 ;;82 ;Фотограф (фотороботи) ;
8224 ;19461 ;20 ;;Фотограф прецизійної фотолітографії ;
8224 ;19464 ;47 ;;Фотограф фотомеханічного гравірування ;
3211 ;25196 ;- ;;Фотодактилоскопіст ;
9322 ;19472 ;65 ;;Фотодрукар на емалі ;
7323 ;19471 ;44 ;;Фотодрукар на склі ;
7344 ;19465 ;45 ;;Фотокерамік ;
3131 ;25202 ;;18 ;Фотокореспондент спеціальний ;
3131 ;25199 ;;18 ;Фотокореспондент ;
8224 ;19467 ;69 ;;Фотолаборант ;
4223 ;19469 ;;70 ;Фотооператор ;
7232 ;19474 ;;55 ;Фотоплазокопіювальник ;
5311 ;19476 ;;82 ;Фототекар ;
3131 ;25203 ;- ;;Фототехнік ;
3131 ;;;;Фотохудожник ;
7343 ;;;;Фотоцинкограф ;
3119 ;25205 ;- ;;Фрахтівник ;
8266 ;19485 ;48 ;;Фрезерувальник взуття ;
8211 ;19488 ;;41 ;Фрезерувальник зливків ;
8112 ;19483 ;;35 ;Фрезерувальник каменю ;
7322 ;19486 ;;49 ;Фрезерувальник оптичних деталей ;
8211 ;19479 ;;42 ;Фрезерувальник ;
8272 ;19489 ;;8 ;Фризерник (виробництво морозива) ;
8275 ;19489 ;;11 ;Фризерник (виробництво харчових жирів) ;
8139 ;19491 ;45 ;;Фритівник (виробництво керамічних, фарфорових та фаянсових виробів) ;
8152 ;19491 ;;42 ;Фритівник (емалювання) ;
8163;;;;Фумігаторник;
7436 ;19492 ;;13 ;Фурнітурник ;
7122 ;19496 ;;64 ;Футерувальник (кислототривник) ;
7122 ;19494 ;;35 ;Футерувальник-муляр ;
7122 ;19497 ;;41 ;Футерувальник-шамотник на ремонті ванн ;
7432 ;19499 ;48 ;;Футлярник  ;
7412 ;19502 ;;11 ;Халвомісильник ;
8131 ;19503 ;44 ;;Хальмівник ;
2113.2 ;;;;Хімік газокомпресорної служби ;
2113.2 ;- ;;25 ;Хімік ;
2113.2 ;- ;- ;;Хімік-аналітик ;
2113.2 ;- ;- ;;Хімік-кристалограф ;
5152 ;;;;Хіромант ;
8152 ;19508 ;;41 ;Хлораторник електродної продукції ;
8122 ;19506 ;;41 ;Хлораторник з приготування двохлористого олова ;
8122 ;19505 ;;41 ;Хлораторник ;
8151 ;19511 ;;17 ;Хлорник ;
8229 ;19509 ;;41 ;Хлоропровідник ;
6112 ;19512 ;;2 ;Хмеляр ;
8231 ;19514 ;33 ;;Холодильщик гумових сумішей ;
8275 ;19513 ;;7 ;Холодильщик харчової продукції ;
2454.2 ;25214 ;- ;;Хореограф ;
2453.2 ;25217 ;;84, 81 ;Хормейстер ;
7343 ;19515 ;59 ;;Хромолітограф ;
3119 ;25227 ;- ;;Хронометражист на підземних роботах ;
3119 ;25226 ;;1 ;Хронометражист ;
7324 ;19517 ;65 ;;Художник декоративного розмалювання по металу ;
7329 ;;;;Художник декоративного розмалювання ;
3471 ;25274 ;- ;;Художник ектопротезного кабінету ;
2452.2 ;25262 ;;82 ;Художник з комбінованих зйомок ;
3471 ;25263 ;;84 ;Художник з освітлення ;
2452.2 ;25248 ;- ;;Художник лакової мініатюри ;
7324 ;19519 ;65 ;;Художник мініатюрного живопису ;
2452.2 ;25254 ;- ;;Художник народних художніх промислів ;
7324 ;19520 ;65 ;;Художник розмалювання по дереву ;
7324 ;19522 ;65 ;;Художник розмалювання по емалі ;
2452.2 ;25229 ;;82, 1 ;Художник ;
3471 ;;;;Художник-бутафор ;
3471 ;;;;Художник-виконавець ;
2452.2 ;25232 ;- ;;Художник-графік телебачення ;
3471 ;;;;Художник-гример ;
3471 ;;;;Художник-декоратор театрально-видовищного підприємства ;
3471 ;25238 ;- ;;Художник-декоратор телебачення ;
2452.2 ;25241 ;- ;;Художник-зарисовник (будинку моделей) ;
3471 ;;;;Художник-костюмер ;
3471 ;;;;Художник-лялькар ;
2452.2 ;25250 ;;84 ;Художник-модельєр ;
2452.2 ;25253 ;;82 ;Художник-мультиплікатор ;
2452.2 ;25231 ;- ;;Художник-окопротезист ;
2452.2 ;25259 ;;84 ;Художник-оформлювач ігрових ляльок ;
3471 ;;;;Художник-оформлювач театралізованих вистав ;
3471 ;25256 ;;65 ;Художник-оформлювач ;
2455.2 ;25265 ;;84** ;Художник-постановник ;
2452.2 ;25268 ;;86 ;Художник-реставратор ;
3471 ;25271 ;- ;;Художник-шрифтовик телебачення ;
7123 ;19526 ;;64 ;Цементатор ;
9311 ;19529 ;;5 ;Цементаторник гідромідьустановки ;
8122 ;19528 ;;41 ;Цементаторник ;
8221 ;19532 ;31 ;;Центрифугувальник (виробництво медикаментів) ;
8153 ;19532 ;;11 ;Центрифугувальник (виробництво цитринової та виннокам'яної кислот) ;
8111 ;19532 ;4 ;;Центрифугувальник (збагачення) ;
7311 ;19531 ;71 ;;Центрувальник оптичних деталей ;
9322 ;19534 ;44 ;;Центрувальник скляних колб ;
2211.2 ;;;;Цитолог ;
2211.2;;;;Цитоморфолог;
3241 ;;;;Цілитель ;
7242 ;19539 ;20 ;;Цокольник ;
7412 ;13104 ;;11 ;Цукерник ;
6121 ;19542 ;;2 ;Чабан ;
7214 ;19547 ;;42 ;Чеканник ;
4222 ;;;;Черговий (інші установи, підприємства, організації) ;
4133 ;21134 ;;68 ;Черговий аеропорту ;
9152 ;11802 ;;1 ;Черговий біля ескалатора ;
5169 ;21136 ;;1 ;Черговий бюро перепусток ;
4142 ;21151 ;;70 ;Черговий відповідальний за обмін пошти ;
4222 ;21154 ;;1 ;Черговий відповідальний по міністерству (відомству) ;
4142 ;21208 ;- ;;Черговий з відправлення та одержання матриць ;
4133 ;21184 ;;68 ;Черговий з комплектування пасажирського завантаження ;
4222;;;;Черговий з надання довідок;
5111 ;21202 ;- ;;Черговий з організації групових пасажирських перевезень ;
4142 ;21214 ;;68 ;Черговий з оформлення супровідної документації ;
4142 ;21223 ;- ;;Черговий з підготовки рейсових карток ;
2149.2 ;21226 ;;68 ;Черговий з польотів ;
4133 ;21229 ;- ;;Черговий з приймання і відправлення поїздів метрополітену ;
5111 ;21241 ;;68 ;Черговий з реєстрації пасажирів ;
5111 ;21244 ;- ;;Черговий з реєстрації транзитних пасажирів ;
3340 ;;;80 ;Черговий з режиму (у спеціальних та спеціалізованих закладах, центрах, школах, училищах, притулках, у закладах професійної освіти соціальної реабілітації тощо) ;
4211 ;11794 ;;81 ;Черговий залу ігрових автоматів, атракціонів і тирів ;
5111 ;21193 ;;68 ;Черговий із забезпечення харчування пасажирів ;
4222 ;21142 ;- ;;Черговий інформаційно-довідкової служби ;
3119;;;66;Черговий локомотивного депо (основного, зворотного);
5111 ;21163 ;- ;;Черговий на зустрічі та посадці пасажирів ;
4133 ;21220 ;;67 ;Черговий на переправі ;
3145 ;21254 ;- ;;Черговий на стоянці, в ангарі ;
3119 ;21149 ;;;Черговий оперативний (загону, центрального командно-диспетчерського пункту, оперативно-рятувальної служби цивільного захисту та ін.) ;
5169;;;;Черговий підрозділу Оперативно-рятувальної служби цивільного захисту;
5121;;;;Черговий по будинку відпочинку локомотивних (поїзних) бригад;
5111;;;;Черговий по відновному поїзду;
4133 ;21160 ;- ;;Черговий по вокзалу ;
9141 ;21196 ;- ;;Черговий по гуртожитку ;
3119 ;21166 ;- ;;Черговий по депо рухомого складу ;
3119 ;21262 ;- ;;Черговий по електродепо ;
3119 ;21172 ;;66 ;Черговий по залізничній станції ;
5111 ;21175 ;;66, 67 ;Черговий по залу (вокзалу, залізничного агентства обслуговування пасажирів) ;
9141 ;21181 ;;67, 68 ;Черговий по кімнаті відпочинку (водіїв автомобілів, пасажирів) ;
9141 ;21178 ;- ;;Черговий по кімнаті матері та дитини ;
2149.2 ;21187 ;- ;;Черговий по метрополітену ;
2149.2 ;21199 ;;;Черговий по об'єднанню (промислового залізничного транспорту) ;
4133 ;21217 ;;66 ;Черговий по парку (на залізничному транспорті) ;
8312 ;11796 ;;66 ;Черговий по переїзду ;
5121 ;;;87 ;Черговий по поверху (готелю, кемпінгу, пансіонату) ;
4133 ;21232 ;;;Черговий по пункту транспортно-експедиційного підприємства на вокзалі (автостанції) ;
2149.2;;;;Черговий по району (на залізничному транспорті);
4133 ;21238 ;;66 ;Черговий по роз'їзду ;
4133 ;21250 ;;66 ;Черговий по сортувальній гірці ;
3119 ;21253 ;- ;;Черговий по станції метрополітену ;
3419 ;21256 ;- ;;Черговий по товарній конторі ;
3422 ;21259 ;- ;;Черговий по транспортно-експедиційному підприємству ;
4222 ;;;;Черговий пульта (пункт централізованого спостереження) ;
4133 ;21271 ;- ;;Черговий пульта керування ;
4133 ;21274 ;- ;;Черговий пункту обороту локомотивів ;
4133 ;21277 ;;66 ;Черговий пункту підміни локомотивних бригад ;
3422 ;21283 ;- ;;Черговий служби перевезень аеропортів ;
2149.2 ;21280 ;- ;;Черговий служби руху ;
4133 ;21286 ;;66 ;Черговий станційного поста телекерування ;
4133 ;21290 ;;66 ;Черговий станційного поста централізації ;
8312 ;11800 ;;66 ;Черговий стрілочного поста ;
4222 ;21175 ;;1 ;Черговий у залі більярдному ;
8139 ;19557 ;;37 ;Чистильник абразивних виробів ;
8163 ;19558 ;47 ;;Чистильник вентиляційних установок ;
9120 ;19574 ;- ;;Чистильник взуття ;
8152 ;19560 ;48 ;;Чистильник випарних апаратів ;
9322 ;19563 ;48 ;;Чистильник виробів, напівфабрикатів та матеріалів ;
8131 ;19561 ;;40 ;Чистильник димоходів, лежаків та топок ;
9321 ;19591 ;;45 ;Чистильник електровугільних виробів ;
8212 ;19580 ;;35 ;Чистильник з очищення пилових камер ;
8159 ;19565 ;28 ;;Чистильник каналізаційних тунелів та каналів ;
9322 ;19566 ;47 ;;Чистильник коконового здиру ;
8265 ;19567 ;48 ;;Чистильник лиця голини ;
8122 ;;;42 ;Чистильник металу, відливок, виробів та деталей ;
8151 ;19571 ;;35 ;Чистильник на очищенні шламових басейнів та кописток ;
7322 ;19576 ;;49 ;Чистильник оптики ;
8231 ;19577 ;33 ;;Чистильник оснащення та пристроїв ;
8159 ;19579 ;32 ;;Чистильник полімеризаційних стаканів ;
5129 ;;;;Чистильник приміщень (клінер) ;
8122 ;19582 ;;41 ;Чистильник продукції ;
8229;;;;Чистильник спеціальних виробів (спеціальні хімічні виробництва);
8269 ;19585 ;47 ;;Чистильник тканини, виробів ;
8262 ;19573 ;47 ;;Чистильник устаткування (виробництво текстилю) ;
7416 ;19573 ;;11 ;Чистильник устаткування (виробництво тютюнових виробів) ;
8261 ;19573 ;;12 ;Чистильник устаткування (первинне оброблення бавовни й луб'яних культур) ;
8122 ;19588 ;;40 ;Чистильник феросплавів ;
9322 ;19570 ;48 ;;Чистильник хутряних шкурок бензином ;
9322 ;19589 ;47 ;;Чистильник шпуль ;
8162 ;19555 ;;37, 1 ;Чистильник ;
8229;;;;Чистильник-мийник (спеціальні хімічні виробництва);
7431 ;19586 ;47 ;;Чистильник-точильник чесальних апаратів ;
2455.2 ;25302 ;- ;;Читець ;
1210.1;;;;Член виконавчого органу акціонерного товариства;
1120.4;;;;Член Вищої кваліфікаційної комісії суддів України;
1120.4;;;;Член Вищої ради правосуддя;
2451.2 ;25290 ;- ;;Член головної редакції ;
1120.5;;;;Член державного колегіального органу;
2451.2 ;25293 ;- ;;Член колегії (редакційної) ;
2453.2 ;25293 ;- ;;Член колегії (сценарної, художньо-експертної у галузі музикознавства) ;
2454.2 ;25293 ;- ;;Член колегії (сценарної, художньо-експертної у галузі хореографії) ;
2452.2 ;25293 ;- ;;Член колегії (художньо-експертної) ;
1120.4 ;- ;- ;;Член Конституційного Суду України ;
1229.1;;;;Член Національної ради;
1210.1;;;;Член правління акціонерного товариства;
1143.1 ;- ;- ;;Член президії академії (наук, мистецтв і т. ін.) України ;
1229.1;;;;Член Рахункової палати;
2441.2 ;;;;Член ревізійної комісії ;
2441.2 ;;;;Член спостережної (наглядової) ради ;
1229.1 ;;;;Член Центральної виборчої комісії ;
6141 ;19593 ;;3 ;Чокерівник ;
7313 ;19553 ;65 ;;Чорнильник ювелірних та художніх виробів ;
8223 ;19552 ;;42 ;Чорнильник ;
7346 ;19596 ;47 ;;Шаблонник ;
8122 ;19598 ;;41 ;Шабрувальник кольорових металів ;
3474 ;;;84 ;Шапітмейстер ;
7436 ;;;;Швачка (у сировинно-фарбувальних та кушнірських цехах) ;
7436 ;19604 ;;68 ;Швачка з пошиття та ремонту літакового інвентарю ;
7436 ;;;;Швачка спеціальних виробів (спеціальні хімічні виробництва);
7436 ;;;13 ;Швачка ;
9152 ;19599 ;;1 ;Швейцар ;
8211 ;19606 ;;42 ;Шевінгувальник ;
3570;;;65;Шеф-кухар;
1229.6 ;;;;Шеф-редактор ;
3422 ;25314 ;;67 ;Шипчандлер ;
4112 ;;;;Шифрувальник ;
8212 ;19612 ;;36 ;Шихтовар ;
8139 ;19614 ;45 ;;Шихтувальник (виробництво керамічних, фарфорових та фаянсових виробів) ;
8151 ;19614 ;;61 ;Шихтувальник (виробництво олівців) ;
8139 ;19614 ;;35 ;Шихтувальник (виробництво стінових та в'яжучих матеріалів) ;
8151 ;19614 ;;36 ;Шихтувальник (виробництво теплоізоляційних матеріалів) ;
8122 ;19614 ;2 ;;Шихтувальник (ливарні роботи) ;
8151 ;19614 ;24 ;;Шихтувальник (хімічне виробництво) ;
8152 ;19616 ;;38 ;Шихтувальник в алмазному виробництві ;
8139 ;19617 ;;37 ;Шихтувальник у виробництві абразивів ;
8122 ;19614 ;;42 ;Шихтувальник ;
3142 ;25315 ;;67 ;Шкіпер рейду ;
3142 ;19621 ;;67 ;Шкіпер ;
8121 ;19622 ;;40 ;Шлакувальник ;
8122 ;19628 ;;41 ;Шламівник електролітних ванн ;
8151 ;19625 ;;35 ;Шламівник ;
8112 ;19627 ;;5 ;Шламівник-басейник ;
8212 ;;;35 ;Шліфувальник волокнистоцементних виробів;
7313 ;19632 ;;38 ;Шліфувальник алмазів та надтвердих матеріалів ;
7331 ;19677 ;65 ;;Шліфувальник бурштину ;
8131 ;19643 ;;34 ;Шліфувальник виробів будівельної кераміки ;
8212 ;19645 ;20 ;;Шліфувальник виробів електронної техніки ;
8130 ;;;;Шліфувальник виробів з кераміки ;
8211 ;19640 ;;41 ;Шліфувальник виробів з твердих сплавів та тугоплавких металів ;
8266 ;19641 ;48 ;;Шліфувальник виробів, напівфабрикатів та матеріалів ;
8212 ;19636 ;20 ;;Шліфувальник водорозчинних кристалів ;
8112 ;19638 ;;74 ;Шліфувальник гірських порід ;
7431 ;19655 ;47 ;;Шліфувальник друкарських валів ;
8290 ;19676 ;;45 ;Шліфувальник електровугільних виробів ;
8131 ;19674 ;45 ;;Шліфувальник електрокерамічних виробів ;
7313 ;19648 ;;50 ;Шліфувальник каменів ;
9322 ;19649 ;59 ;;Шліфувальник літоофсетних форм ;
8221 ;19651 ;31 ;;Шліфувальник медичних виробів ;
9311 ;19652 ;43 ;;Шліфувальник мікалексу ;
7322 ;19654 ;;49 ;Шліфувальник оптичних деталей ;
8212 ;19664 ;20 ;;Шліфувальник п'єзокварцових пластин і кристалів ;
7331 ;19658 ;65 ;;Шліфувальник підносів ;
7423 ;19657 ;;16 ;Шліфувальник по дереву ;
8262 ;19663 ;47 ;;Шліфувальник полотна ;
7322 ;19668 ;44 ;;Шліфувальник скла ;
7322 ;19669 ;44 ;;Шліфувальник скловиробів ;
8229 ;19671 ;;61 ;Шліфувальник стрижнів ;
7321 ;19672 ;45 ;;Шліфувальник фарфорових та фаянсових виробів ;
8229 ;19646 ;35 ;;Шліфувальник штучної шкіри ;
8211 ;19630 ;;42 ;Шліфувальник ;
8112 ;19660 ;;35 ;Шліфувальник-полірувальник виробів з каменю ;
7311 ;19661 ;20 ;;Шліфувальник-полірувальник з прецизійного оброблення напівпровідникових матеріалів ;
8139 ;19666 ;;40 ;Шліфувальник-різальник вогнетривких виробів ;
9311 ;19679 ;;5 ;Шліхівник ;
8264 ;19680 ;47 ;;Шліхтовар ;
9311 ;19682 ;;5 ;Шлюзівник ;
8340 ;17519 ;- ;;Шляховий робітник тральної бригади ;
8151 ;19683 ;;8 ;Шнеківник ;
6123 ;19608 ;;2 ;Шовківник ;
8251 ;19609 ;27 ;;Шовкограф ;
7412 ;19685 ;;11 ;Шоколадник ;
8223 ;19686 ;20 ;;Шоопувальник елементів ;
8231 ;19611 ;33 ;;Шорсткувальник ;
9322 ;19690 ;65 ;;Шпаклювальник ;
8221 ;19691 ;31 ;;Шпредингіст ;
8232 ;19693 ;;45 ;Шприцювальник ;
9322 ;19696 ;;41 ;Штабелювальник електродів ;
8122 ;19698 ;;40 ;Штабелювальник металу ;
8269 ;19716 ;47 ;;Штампувальник (текстильна галантерея) ;
7221 ;19700 ;;42 ;Штампувальник (холодноштампувальні роботи) ;
8261 ;19702 ;47 ;;Штампувальник ватних фільтрів ;
8212 ;19706 ;43 ;;Штампувальник виробів із слюди ;
7221 ;19718 ;;42 ;Штампувальник електроімпульсним методом ;
8224 ;19707 ;34 ;;Штампувальник коректувальних світлофільтрів ;
8240 ;19713 ;37 ;;Штампувальник коркових виробів ;
7221 ;19709 ;;42 ;Штампувальник методом вибуху ;
7221 ;19710 ;;42 ;Штампувальник на падаючих молотах ;
7242 ;19712 ;20 ;;Штампувальник ніжок ;
7221 ;19703 ;;42 ;Штампувальник рідкого металу ;
8231 ;19715 ;33 ;;Штампувач гумового взуття ;
8261 ;19720 ;47 ;;Штапелювальник ;
8290 ;19723 ;;1 ;Штемпелювальник етикеток ;
8229 ;19721 ;;61 ;Штемпелювальник олівців ;
9322 ;19725 ;44 ;;Штенгелювальник ;
7133 ;;;64 ;Штукатур ;
3143 ;25321 ;;68 ;Штурман авіаційного загону ;
3143 ;25323 ;;68 ;Штурман авіаційної ескадрильї ;
3143 ;25320 ;- ;;Штурман авіаційної ланки ;
3144 ;25326 ;- ;;Штурман авіаційно-технічного спортивного клубу ;
3144 ;25329 ;- ;;Штурман аероклубу ;
3144 ;25330 ;;68 ;Штурман аеропорту (бюро, групи, служби) ;
3144 ;25333 ;- ;;Штурман дельтапланерного клубу ;
3144 ;25342 ;- ;;Штурман наведення ;
3144 ;25341 ;- ;;Штурман центрального командно-диспетчерського пункту ;
3144 ;25332 ;- ;;Штурман черговий аеропорту (бюро, групи, служби) ;
3142 ;25317 ;;68 ;Штурман ;
3143 ;25339 ;- ;;Штурман-випробувач ;
3143 ;25335 ;;68 ;Штурман-інспектор ;
2359.2 ;25338 ;;68 ;Штурман-інструктор ;
3144 ;25344 ;- ;;Штурман-оператор авіаційної космічної та радіолокаційної далекої навігації ;
3144 ;25343 ;- ;;Штурман-оператор ;
8162 ;19735 ;9 ;;Шурувальник палива ;
7243 ;13499 ;;56 ;Щогловик-антенник судновий ;
7313 ;19959 ;65 ;;Ювелір (ювелір-модельєр) ;
7313 ;19960 ;65 ;;Ювелір-браслетник ;
7313 ;19962 ;65 ;;Ювелір-гравер ;
7313 ;19964 ;65 ;;Ювелір-закріпник ;
7313 ;19969 ;65 ;;Ювелір-ланцюжковик ;
7313 ;19966 ;65 ;;Ювелір-монтувальник ;
7313 ;19968 ;65 ;;Ювелір-філігранник ;
2429 ;;;;Юрист;
2429 ;;;;Юрист-міжнародник;
2429 ;;;1 ;Юрисконсульт (радник юридичний);
7311 ;19973 ;20 ;;Юстирувальник деталей та приладів ;
7311 ;19975 ;;49 ;Юстирувальник оптичних приладів ;
7343 ;19971 ;59 ;;Юстирувальник ;
